filepath,label
data/processed/cats/Cat_0.jpg,0
data/processed/cats/Cat_10.jpg,0
data/processed/cats/Cat_100.jpg,0
data/processed/cats/Cat_10001.jpg,0
data/processed/cats/Cat_10002.jpg,0
data/processed/cats/Cat_10003.jpg,0
data/processed/cats/Cat_10005.jpg,0
data/processed/cats/Cat_10007.jpg,0
data/processed/cats/Cat_10009.jpg,0
data/processed/cats/Cat_1001.jpg,0
data/processed/cats/Cat_10011.jpg,0
data/processed/cats/Cat_10012.jpg,0
data/processed/cats/Cat_10013.jpg,0
data/processed/cats/Cat_10014.jpg,0
data/processed/cats/Cat_10016.jpg,0
data/processed/cats/Cat_10017.jpg,0
data/processed/cats/Cat_10018.jpg,0
data/processed/cats/Cat_10019.jpg,0
data/processed/cats/Cat_1002.jpg,0
data/processed/cats/Cat_10020.jpg,0
data/processed/cats/Cat_10021.jpg,0
data/processed/cats/Cat_10022.jpg,0
data/processed/cats/Cat_10023.jpg,0
data/processed/cats/Cat_10024.jpg,0
data/processed/cats/Cat_10025.jpg,0
data/processed/cats/Cat_10026.jpg,0
data/processed/cats/Cat_10027.jpg,0
data/processed/cats/Cat_10028.jpg,0
data/processed/cats/Cat_10029.jpg,0
data/processed/cats/Cat_1003.jpg,0
data/processed/cats/Cat_10031.jpg,0
data/processed/cats/Cat_10032.jpg,0
data/processed/cats/Cat_10033.jpg,0
data/processed/cats/Cat_10034.jpg,0
data/processed/cats/Cat_10035.jpg,0
data/processed/cats/Cat_10036.jpg,0
data/processed/cats/Cat_10037.jpg,0
data/processed/cats/Cat_10038.jpg,0
data/processed/cats/Cat_10039.jpg,0
data/processed/cats/Cat_1004.jpg,0
data/processed/cats/Cat_10040.jpg,0
data/processed/cats/Cat_10041.jpg,0
data/processed/cats/Cat_10042.jpg,0
data/processed/cats/Cat_10043.jpg,0
data/processed/cats/Cat_10044.jpg,0
data/processed/cats/Cat_10047.jpg,0
data/processed/cats/Cat_10048.jpg,0
data/processed/cats/Cat_10049.jpg,0
data/processed/cats/Cat_1005.jpg,0
data/processed/cats/Cat_10051.jpg,0
data/processed/cats/Cat_10052.jpg,0
data/processed/cats/Cat_10053.jpg,0
data/processed/cats/Cat_10055.jpg,0
data/processed/cats/Cat_10056.jpg,0
data/processed/cats/Cat_10057.jpg,0
data/processed/cats/Cat_10058.jpg,0
data/processed/cats/Cat_10059.jpg,0
data/processed/cats/Cat_1006.jpg,0
data/processed/cats/Cat_10060.jpg,0
data/processed/cats/Cat_10062.jpg,0
data/processed/cats/Cat_10064.jpg,0
data/processed/cats/Cat_10065.jpg,0
data/processed/cats/Cat_10068.jpg,0
data/processed/cats/Cat_10069.jpg,0
data/processed/cats/Cat_1007.jpg,0
data/processed/cats/Cat_10070.jpg,0
data/processed/cats/Cat_10071.jpg,0
data/processed/cats/Cat_10072.jpg,0
data/processed/cats/Cat_10073.jpg,0
data/processed/cats/Cat_10074.jpg,0
data/processed/cats/Cat_10075.jpg,0
data/processed/cats/Cat_10076.jpg,0
data/processed/cats/Cat_10078.jpg,0
data/processed/cats/Cat_10079.jpg,0
data/processed/cats/Cat_1008.jpg,0
data/processed/cats/Cat_10080.jpg,0
data/processed/cats/Cat_10082.jpg,0
data/processed/cats/Cat_10083.jpg,0
data/processed/cats/Cat_10084.jpg,0
data/processed/cats/Cat_10086.jpg,0
data/processed/cats/Cat_10087.jpg,0
data/processed/cats/Cat_10088.jpg,0
data/processed/cats/Cat_10089.jpg,0
data/processed/cats/Cat_1009.jpg,0
data/processed/cats/Cat_10090.jpg,0
data/processed/cats/Cat_10092.jpg,0
data/processed/cats/Cat_10093.jpg,0
data/processed/cats/Cat_10094.jpg,0
data/processed/cats/Cat_10095.jpg,0
data/processed/cats/Cat_10096.jpg,0
data/processed/cats/Cat_10097.jpg,0
data/processed/cats/Cat_10098.jpg,0
data/processed/cats/Cat_10099.jpg,0
data/processed/cats/Cat_101.jpg,0
data/processed/cats/Cat_1010.jpg,0
data/processed/cats/Cat_10102.jpg,0
data/processed/cats/Cat_10103.jpg,0
data/processed/cats/Cat_10104.jpg,0
data/processed/cats/Cat_10105.jpg,0
data/processed/cats/Cat_10106.jpg,0
data/processed/cats/Cat_10107.jpg,0
data/processed/cats/Cat_10108.jpg,0
data/processed/cats/Cat_10110.jpg,0
data/processed/cats/Cat_10111.jpg,0
data/processed/cats/Cat_10112.jpg,0
data/processed/cats/Cat_10114.jpg,0
data/processed/cats/Cat_10115.jpg,0
data/processed/cats/Cat_10117.jpg,0
data/processed/cats/Cat_10118.jpg,0
data/processed/cats/Cat_10119.jpg,0
data/processed/cats/Cat_10120.jpg,0
data/processed/cats/Cat_10121.jpg,0
data/processed/cats/Cat_10123.jpg,0
data/processed/cats/Cat_10124.jpg,0
data/processed/cats/Cat_10125.jpg,0
data/processed/cats/Cat_10126.jpg,0
data/processed/cats/Cat_10128.jpg,0
data/processed/cats/Cat_10130.jpg,0
data/processed/cats/Cat_10131.jpg,0
data/processed/cats/Cat_10132.jpg,0
data/processed/cats/Cat_10133.jpg,0
data/processed/cats/Cat_10136.jpg,0
data/processed/cats/Cat_10137.jpg,0
data/processed/cats/Cat_10138.jpg,0
data/processed/cats/Cat_1014.jpg,0
data/processed/cats/Cat_10140.jpg,0
data/processed/cats/Cat_10142.jpg,0
data/processed/cats/Cat_10144.jpg,0
data/processed/cats/Cat_10145.jpg,0
data/processed/cats/Cat_10146.jpg,0
data/processed/cats/Cat_10147.jpg,0
data/processed/cats/Cat_10148.jpg,0
data/processed/cats/Cat_10149.jpg,0
data/processed/cats/Cat_1015.jpg,0
data/processed/cats/Cat_10150.jpg,0
data/processed/cats/Cat_10151.jpg,0
data/processed/cats/Cat_10152.jpg,0
data/processed/cats/Cat_10153.jpg,0
data/processed/cats/Cat_10154.jpg,0
data/processed/cats/Cat_10155.jpg,0
data/processed/cats/Cat_10156.jpg,0
data/processed/cats/Cat_10157.jpg,0
data/processed/cats/Cat_10158.jpg,0
data/processed/cats/Cat_10159.jpg,0
data/processed/cats/Cat_1016.jpg,0
data/processed/cats/Cat_10160.jpg,0
data/processed/cats/Cat_10161.jpg,0
data/processed/cats/Cat_10162.jpg,0
data/processed/cats/Cat_10163.jpg,0
data/processed/cats/Cat_10164.jpg,0
data/processed/cats/Cat_10165.jpg,0
data/processed/cats/Cat_10166.jpg,0
data/processed/cats/Cat_10169.jpg,0
data/processed/cats/Cat_1017.jpg,0
data/processed/cats/Cat_10170.jpg,0
data/processed/cats/Cat_10171.jpg,0
data/processed/cats/Cat_10172.jpg,0
data/processed/cats/Cat_10173.jpg,0
data/processed/cats/Cat_10175.jpg,0
data/processed/cats/Cat_10176.jpg,0
data/processed/cats/Cat_10177.jpg,0
data/processed/cats/Cat_10178.jpg,0
data/processed/cats/Cat_1018.jpg,0
data/processed/cats/Cat_10180.jpg,0
data/processed/cats/Cat_10181.jpg,0
data/processed/cats/Cat_10184.jpg,0
data/processed/cats/Cat_10185.jpg,0
data/processed/cats/Cat_10186.jpg,0
data/processed/cats/Cat_10187.jpg,0
data/processed/cats/Cat_10188.jpg,0
data/processed/cats/Cat_1019.jpg,0
data/processed/cats/Cat_10190.jpg,0
data/processed/cats/Cat_10191.jpg,0
data/processed/cats/Cat_10192.jpg,0
data/processed/cats/Cat_10193.jpg,0
data/processed/cats/Cat_10194.jpg,0
data/processed/cats/Cat_10195.jpg,0
data/processed/cats/Cat_10196.jpg,0
data/processed/cats/Cat_10197.jpg,0
data/processed/cats/Cat_10198.jpg,0
data/processed/cats/Cat_1020.jpg,0
data/processed/cats/Cat_10200.jpg,0
data/processed/cats/Cat_10201.jpg,0
data/processed/cats/Cat_10202.jpg,0
data/processed/cats/Cat_10203.jpg,0
data/processed/cats/Cat_10204.jpg,0
data/processed/cats/Cat_10206.jpg,0
data/processed/cats/Cat_10207.jpg,0
data/processed/cats/Cat_1021.jpg,0
data/processed/cats/Cat_10210.jpg,0
data/processed/cats/Cat_10211.jpg,0
data/processed/cats/Cat_10212.jpg,0
data/processed/cats/Cat_10213.jpg,0
data/processed/cats/Cat_10214.jpg,0
data/processed/cats/Cat_10215.jpg,0
data/processed/cats/Cat_10216.jpg,0
data/processed/cats/Cat_10217.jpg,0
data/processed/cats/Cat_10218.jpg,0
data/processed/cats/Cat_10219.jpg,0
data/processed/cats/Cat_1022.jpg,0
data/processed/cats/Cat_10221.jpg,0
data/processed/cats/Cat_10222.jpg,0
data/processed/cats/Cat_10223.jpg,0
data/processed/cats/Cat_10224.jpg,0
data/processed/cats/Cat_10225.jpg,0
data/processed/cats/Cat_10227.jpg,0
data/processed/cats/Cat_10228.jpg,0
data/processed/cats/Cat_10229.jpg,0
data/processed/cats/Cat_1023.jpg,0
data/processed/cats/Cat_10231.jpg,0
data/processed/cats/Cat_10233.jpg,0
data/processed/cats/Cat_10234.jpg,0
data/processed/cats/Cat_10235.jpg,0
data/processed/cats/Cat_10236.jpg,0
data/processed/cats/Cat_10237.jpg,0
data/processed/cats/Cat_10238.jpg,0
data/processed/cats/Cat_1024.jpg,0
data/processed/cats/Cat_10241.jpg,0
data/processed/cats/Cat_10242.jpg,0
data/processed/cats/Cat_10243.jpg,0
data/processed/cats/Cat_10244.jpg,0
data/processed/cats/Cat_10245.jpg,0
data/processed/cats/Cat_10247.jpg,0
data/processed/cats/Cat_10248.jpg,0
data/processed/cats/Cat_10249.jpg,0
data/processed/cats/Cat_10250.jpg,0
data/processed/cats/Cat_10251.jpg,0
data/processed/cats/Cat_10252.jpg,0
data/processed/cats/Cat_10254.jpg,0
data/processed/cats/Cat_10255.jpg,0
data/processed/cats/Cat_10256.jpg,0
data/processed/cats/Cat_10257.jpg,0
data/processed/cats/Cat_10258.jpg,0
data/processed/cats/Cat_10259.jpg,0
data/processed/cats/Cat_1026.jpg,0
data/processed/cats/Cat_10260.jpg,0
data/processed/cats/Cat_10262.jpg,0
data/processed/cats/Cat_10263.jpg,0
data/processed/cats/Cat_10264.jpg,0
data/processed/cats/Cat_10265.jpg,0
data/processed/cats/Cat_10266.jpg,0
data/processed/cats/Cat_10267.jpg,0
data/processed/cats/Cat_1027.jpg,0
data/processed/cats/Cat_10270.jpg,0
data/processed/cats/Cat_10271.jpg,0
data/processed/cats/Cat_10273.jpg,0
data/processed/cats/Cat_10274.jpg,0
data/processed/cats/Cat_10275.jpg,0
data/processed/cats/Cat_10276.jpg,0
data/processed/cats/Cat_10277.jpg,0
data/processed/cats/Cat_10278.jpg,0
data/processed/cats/Cat_10279.jpg,0
data/processed/cats/Cat_1028.jpg,0
data/processed/cats/Cat_10280.jpg,0
data/processed/cats/Cat_10281.jpg,0
data/processed/cats/Cat_10283.jpg,0
data/processed/cats/Cat_10284.jpg,0
data/processed/cats/Cat_10285.jpg,0
data/processed/cats/Cat_10286.jpg,0
data/processed/cats/Cat_10287.jpg,0
data/processed/cats/Cat_10288.jpg,0
data/processed/cats/Cat_10289.jpg,0
data/processed/cats/Cat_1029.jpg,0
data/processed/cats/Cat_10290.jpg,0
data/processed/cats/Cat_10291.jpg,0
data/processed/cats/Cat_10292.jpg,0
data/processed/cats/Cat_10294.jpg,0
data/processed/cats/Cat_10295.jpg,0
data/processed/cats/Cat_10296.jpg,0
data/processed/cats/Cat_10297.jpg,0
data/processed/cats/Cat_10298.jpg,0
data/processed/cats/Cat_10299.jpg,0
data/processed/cats/Cat_103.jpg,0
data/processed/cats/Cat_1030.jpg,0
data/processed/cats/Cat_10301.jpg,0
data/processed/cats/Cat_10304.jpg,0
data/processed/cats/Cat_10305.jpg,0
data/processed/cats/Cat_10306.jpg,0
data/processed/cats/Cat_10308.jpg,0
data/processed/cats/Cat_10309.jpg,0
data/processed/cats/Cat_1031.jpg,0
data/processed/cats/Cat_10310.jpg,0
data/processed/cats/Cat_10311.jpg,0
data/processed/cats/Cat_10312.jpg,0
data/processed/cats/Cat_10314.jpg,0
data/processed/cats/Cat_10315.jpg,0
data/processed/cats/Cat_10316.jpg,0
data/processed/cats/Cat_10317.jpg,0
data/processed/cats/Cat_10318.jpg,0
data/processed/cats/Cat_10319.jpg,0
data/processed/cats/Cat_1032.jpg,0
data/processed/cats/Cat_10320.jpg,0
data/processed/cats/Cat_10321.jpg,0
data/processed/cats/Cat_10323.jpg,0
data/processed/cats/Cat_10325.jpg,0
data/processed/cats/Cat_10326.jpg,0
data/processed/cats/Cat_10327.jpg,0
data/processed/cats/Cat_10328.jpg,0
data/processed/cats/Cat_10329.jpg,0
data/processed/cats/Cat_1033.jpg,0
data/processed/cats/Cat_10330.jpg,0
data/processed/cats/Cat_10331.jpg,0
data/processed/cats/Cat_10332.jpg,0
data/processed/cats/Cat_10334.jpg,0
data/processed/cats/Cat_10335.jpg,0
data/processed/cats/Cat_10336.jpg,0
data/processed/cats/Cat_10337.jpg,0
data/processed/cats/Cat_10338.jpg,0
data/processed/cats/Cat_10339.jpg,0
data/processed/cats/Cat_1034.jpg,0
data/processed/cats/Cat_10340.jpg,0
data/processed/cats/Cat_10341.jpg,0
data/processed/cats/Cat_10343.jpg,0
data/processed/cats/Cat_10344.jpg,0
data/processed/cats/Cat_10345.jpg,0
data/processed/cats/Cat_10346.jpg,0
data/processed/cats/Cat_10347.jpg,0
data/processed/cats/Cat_10350.jpg,0
data/processed/cats/Cat_10351.jpg,0
data/processed/cats/Cat_10353.jpg,0
data/processed/cats/Cat_10354.jpg,0
data/processed/cats/Cat_10355.jpg,0
data/processed/cats/Cat_10356.jpg,0
data/processed/cats/Cat_10357.jpg,0
data/processed/cats/Cat_10358.jpg,0
data/processed/cats/Cat_10359.jpg,0
data/processed/cats/Cat_1036.jpg,0
data/processed/cats/Cat_10361.jpg,0
data/processed/cats/Cat_10363.jpg,0
data/processed/cats/Cat_10364.jpg,0
data/processed/cats/Cat_10365.jpg,0
data/processed/cats/Cat_10366.jpg,0
data/processed/cats/Cat_10367.jpg,0
data/processed/cats/Cat_10369.jpg,0
data/processed/cats/Cat_1037.jpg,0
data/processed/cats/Cat_10370.jpg,0
data/processed/cats/Cat_10371.jpg,0
data/processed/cats/Cat_10373.jpg,0
data/processed/cats/Cat_10375.jpg,0
data/processed/cats/Cat_10376.jpg,0
data/processed/cats/Cat_10377.jpg,0
data/processed/cats/Cat_10378.jpg,0
data/processed/cats/Cat_10379.jpg,0
data/processed/cats/Cat_1038.jpg,0
data/processed/cats/Cat_10380.jpg,0
data/processed/cats/Cat_10381.jpg,0
data/processed/cats/Cat_10382.jpg,0
data/processed/cats/Cat_10383.jpg,0
data/processed/cats/Cat_10384.jpg,0
data/processed/cats/Cat_10385.jpg,0
data/processed/cats/Cat_10386.jpg,0
data/processed/cats/Cat_10387.jpg,0
data/processed/cats/Cat_10388.jpg,0
data/processed/cats/Cat_10389.jpg,0
data/processed/cats/Cat_1039.jpg,0
data/processed/cats/Cat_10390.jpg,0
data/processed/cats/Cat_10391.jpg,0
data/processed/cats/Cat_10392.jpg,0
data/processed/cats/Cat_10393.jpg,0
data/processed/cats/Cat_10394.jpg,0
data/processed/cats/Cat_10395.jpg,0
data/processed/cats/Cat_10396.jpg,0
data/processed/cats/Cat_10397.jpg,0
data/processed/cats/Cat_10398.jpg,0
data/processed/cats/Cat_10399.jpg,0
data/processed/cats/Cat_104.jpg,0
data/processed/cats/Cat_1040.jpg,0
data/processed/cats/Cat_10400.jpg,0
data/processed/cats/Cat_10401.jpg,0
data/processed/cats/Cat_10402.jpg,0
data/processed/cats/Cat_10403.jpg,0
data/processed/cats/Cat_10404.jpg,0
data/processed/cats/Cat_10406.jpg,0
data/processed/cats/Cat_10407.jpg,0
data/processed/cats/Cat_10408.jpg,0
data/processed/cats/Cat_1041.jpg,0
data/processed/cats/Cat_10410.jpg,0
data/processed/cats/Cat_10411.jpg,0
data/processed/cats/Cat_10412.jpg,0
data/processed/cats/Cat_10413.jpg,0
data/processed/cats/Cat_10414.jpg,0
data/processed/cats/Cat_10415.jpg,0
data/processed/cats/Cat_10417.jpg,0
data/processed/cats/Cat_10418.jpg,0
data/processed/cats/Cat_10419.jpg,0
data/processed/cats/Cat_1042.jpg,0
data/processed/cats/Cat_10420.jpg,0
data/processed/cats/Cat_10421.jpg,0
data/processed/cats/Cat_10422.jpg,0
data/processed/cats/Cat_10423.jpg,0
data/processed/cats/Cat_10424.jpg,0
data/processed/cats/Cat_10425.jpg,0
data/processed/cats/Cat_10426.jpg,0
data/processed/cats/Cat_10427.jpg,0
data/processed/cats/Cat_10428.jpg,0
data/processed/cats/Cat_10429.jpg,0
data/processed/cats/Cat_10431.jpg,0
data/processed/cats/Cat_10432.jpg,0
data/processed/cats/Cat_10433.jpg,0
data/processed/cats/Cat_10434.jpg,0
data/processed/cats/Cat_10435.jpg,0
data/processed/cats/Cat_10437.jpg,0
data/processed/cats/Cat_10438.jpg,0
data/processed/cats/Cat_10439.jpg,0
data/processed/cats/Cat_1044.jpg,0
data/processed/cats/Cat_10440.jpg,0
data/processed/cats/Cat_10441.jpg,0
data/processed/cats/Cat_10442.jpg,0
data/processed/cats/Cat_10443.jpg,0
data/processed/cats/Cat_10444.jpg,0
data/processed/cats/Cat_10445.jpg,0
data/processed/cats/Cat_10446.jpg,0
data/processed/cats/Cat_10447.jpg,0
data/processed/cats/Cat_10448.jpg,0
data/processed/cats/Cat_1045.jpg,0
data/processed/cats/Cat_10451.jpg,0
data/processed/cats/Cat_10452.jpg,0
data/processed/cats/Cat_10453.jpg,0
data/processed/cats/Cat_10454.jpg,0
data/processed/cats/Cat_10455.jpg,0
data/processed/cats/Cat_10456.jpg,0
data/processed/cats/Cat_10457.jpg,0
data/processed/cats/Cat_10459.jpg,0
data/processed/cats/Cat_10460.jpg,0
data/processed/cats/Cat_10461.jpg,0
data/processed/cats/Cat_10462.jpg,0
data/processed/cats/Cat_10463.jpg,0
data/processed/cats/Cat_10464.jpg,0
data/processed/cats/Cat_10465.jpg,0
data/processed/cats/Cat_10466.jpg,0
data/processed/cats/Cat_10467.jpg,0
data/processed/cats/Cat_10469.jpg,0
data/processed/cats/Cat_10471.jpg,0
data/processed/cats/Cat_10472.jpg,0
data/processed/cats/Cat_10474.jpg,0
data/processed/cats/Cat_10475.jpg,0
data/processed/cats/Cat_10476.jpg,0
data/processed/cats/Cat_10477.jpg,0
data/processed/cats/Cat_10478.jpg,0
data/processed/cats/Cat_10479.jpg,0
data/processed/cats/Cat_10481.jpg,0
data/processed/cats/Cat_10483.jpg,0
data/processed/cats/Cat_10484.jpg,0
data/processed/cats/Cat_10485.jpg,0
data/processed/cats/Cat_10486.jpg,0
data/processed/cats/Cat_10487.jpg,0
data/processed/cats/Cat_10489.jpg,0
data/processed/cats/Cat_1049.jpg,0
data/processed/cats/Cat_10490.jpg,0
data/processed/cats/Cat_10491.jpg,0
data/processed/cats/Cat_10492.jpg,0
data/processed/cats/Cat_10493.jpg,0
data/processed/cats/Cat_10495.jpg,0
data/processed/cats/Cat_10496.jpg,0
data/processed/cats/Cat_10497.jpg,0
data/processed/cats/Cat_10499.jpg,0
data/processed/cats/Cat_105.jpg,0
data/processed/cats/Cat_10501.jpg,0
data/processed/cats/Cat_10502.jpg,0
data/processed/cats/Cat_10503.jpg,0
data/processed/cats/Cat_10504.jpg,0
data/processed/cats/Cat_10505.jpg,0
data/processed/cats/Cat_10506.jpg,0
data/processed/cats/Cat_10507.jpg,0
data/processed/cats/Cat_10508.jpg,0
data/processed/cats/Cat_1051.jpg,0
data/processed/cats/Cat_10511.jpg,0
data/processed/cats/Cat_10512.jpg,0
data/processed/cats/Cat_10515.jpg,0
data/processed/cats/Cat_10516.jpg,0
data/processed/cats/Cat_10517.jpg,0
data/processed/cats/Cat_10518.jpg,0
data/processed/cats/Cat_1052.jpg,0
data/processed/cats/Cat_10520.jpg,0
data/processed/cats/Cat_10522.jpg,0
data/processed/cats/Cat_10523.jpg,0
data/processed/cats/Cat_10524.jpg,0
data/processed/cats/Cat_10525.jpg,0
data/processed/cats/Cat_10526.jpg,0
data/processed/cats/Cat_10527.jpg,0
data/processed/cats/Cat_10528.jpg,0
data/processed/cats/Cat_10529.jpg,0
data/processed/cats/Cat_1053.jpg,0
data/processed/cats/Cat_10531.jpg,0
data/processed/cats/Cat_10532.jpg,0
data/processed/cats/Cat_10533.jpg,0
data/processed/cats/Cat_10534.jpg,0
data/processed/cats/Cat_10535.jpg,0
data/processed/cats/Cat_10536.jpg,0
data/processed/cats/Cat_10538.jpg,0
data/processed/cats/Cat_10539.jpg,0
data/processed/cats/Cat_1054.jpg,0
data/processed/cats/Cat_10540.jpg,0
data/processed/cats/Cat_10541.jpg,0
data/processed/cats/Cat_10543.jpg,0
data/processed/cats/Cat_10544.jpg,0
data/processed/cats/Cat_10545.jpg,0
data/processed/cats/Cat_10546.jpg,0
data/processed/cats/Cat_10547.jpg,0
data/processed/cats/Cat_10548.jpg,0
data/processed/cats/Cat_10549.jpg,0
data/processed/cats/Cat_10550.jpg,0
data/processed/cats/Cat_10551.jpg,0
data/processed/cats/Cat_10552.jpg,0
data/processed/cats/Cat_10553.jpg,0
data/processed/cats/Cat_10555.jpg,0
data/processed/cats/Cat_10556.jpg,0
data/processed/cats/Cat_10557.jpg,0
data/processed/cats/Cat_10558.jpg,0
data/processed/cats/Cat_10559.jpg,0
data/processed/cats/Cat_1056.jpg,0
data/processed/cats/Cat_10560.jpg,0
data/processed/cats/Cat_10561.jpg,0
data/processed/cats/Cat_10562.jpg,0
data/processed/cats/Cat_10565.jpg,0
data/processed/cats/Cat_10567.jpg,0
data/processed/cats/Cat_1057.jpg,0
data/processed/cats/Cat_10570.jpg,0
data/processed/cats/Cat_10572.jpg,0
data/processed/cats/Cat_10573.jpg,0
data/processed/cats/Cat_10574.jpg,0
data/processed/cats/Cat_10575.jpg,0
data/processed/cats/Cat_10576.jpg,0
data/processed/cats/Cat_10577.jpg,0
data/processed/cats/Cat_10579.jpg,0
data/processed/cats/Cat_1058.jpg,0
data/processed/cats/Cat_10580.jpg,0
data/processed/cats/Cat_10581.jpg,0
data/processed/cats/Cat_10582.jpg,0
data/processed/cats/Cat_10583.jpg,0
data/processed/cats/Cat_10584.jpg,0
data/processed/cats/Cat_10585.jpg,0
data/processed/cats/Cat_10586.jpg,0
data/processed/cats/Cat_10587.jpg,0
data/processed/cats/Cat_10588.jpg,0
data/processed/cats/Cat_10589.jpg,0
data/processed/cats/Cat_1059.jpg,0
data/processed/cats/Cat_10591.jpg,0
data/processed/cats/Cat_10593.jpg,0
data/processed/cats/Cat_10595.jpg,0
data/processed/cats/Cat_10596.jpg,0
data/processed/cats/Cat_10599.jpg,0
data/processed/cats/Cat_106.jpg,0
data/processed/cats/Cat_1060.jpg,0
data/processed/cats/Cat_10601.jpg,0
data/processed/cats/Cat_10602.jpg,0
data/processed/cats/Cat_10603.jpg,0
data/processed/cats/Cat_10604.jpg,0
data/processed/cats/Cat_10605.jpg,0
data/processed/cats/Cat_10606.jpg,0
data/processed/cats/Cat_10607.jpg,0
data/processed/cats/Cat_10608.jpg,0
data/processed/cats/Cat_10609.jpg,0
data/processed/cats/Cat_1061.jpg,0
data/processed/cats/Cat_10610.jpg,0
data/processed/cats/Cat_10611.jpg,0
data/processed/cats/Cat_10612.jpg,0
data/processed/cats/Cat_10613.jpg,0
data/processed/cats/Cat_10615.jpg,0
data/processed/cats/Cat_10618.jpg,0
data/processed/cats/Cat_10619.jpg,0
data/processed/cats/Cat_1062.jpg,0
data/processed/cats/Cat_10620.jpg,0
data/processed/cats/Cat_10621.jpg,0
data/processed/cats/Cat_10622.jpg,0
data/processed/cats/Cat_10623.jpg,0
data/processed/cats/Cat_10624.jpg,0
data/processed/cats/Cat_10627.jpg,0
data/processed/cats/Cat_10628.jpg,0
data/processed/cats/Cat_10629.jpg,0
data/processed/cats/Cat_10630.jpg,0
data/processed/cats/Cat_10631.jpg,0
data/processed/cats/Cat_10632.jpg,0
data/processed/cats/Cat_10634.jpg,0
data/processed/cats/Cat_10635.jpg,0
data/processed/cats/Cat_10636.jpg,0
data/processed/cats/Cat_10637.jpg,0
data/processed/cats/Cat_10638.jpg,0
data/processed/cats/Cat_10639.jpg,0
data/processed/cats/Cat_1064.jpg,0
data/processed/cats/Cat_10640.jpg,0
data/processed/cats/Cat_10643.jpg,0
data/processed/cats/Cat_10644.jpg,0
data/processed/cats/Cat_10645.jpg,0
data/processed/cats/Cat_10646.jpg,0
data/processed/cats/Cat_10647.jpg,0
data/processed/cats/Cat_10648.jpg,0
data/processed/cats/Cat_10649.jpg,0
data/processed/cats/Cat_1065.jpg,0
data/processed/cats/Cat_10651.jpg,0
data/processed/cats/Cat_10653.jpg,0
data/processed/cats/Cat_10654.jpg,0
data/processed/cats/Cat_10655.jpg,0
data/processed/cats/Cat_10656.jpg,0
data/processed/cats/Cat_10657.jpg,0
data/processed/cats/Cat_10658.jpg,0
data/processed/cats/Cat_10659.jpg,0
data/processed/cats/Cat_1066.jpg,0
data/processed/cats/Cat_10660.jpg,0
data/processed/cats/Cat_10661.jpg,0
data/processed/cats/Cat_10662.jpg,0
data/processed/cats/Cat_10663.jpg,0
data/processed/cats/Cat_10664.jpg,0
data/processed/cats/Cat_10665.jpg,0
data/processed/cats/Cat_10666.jpg,0
data/processed/cats/Cat_10667.jpg,0
data/processed/cats/Cat_10668.jpg,0
data/processed/cats/Cat_10669.jpg,0
data/processed/cats/Cat_1067.jpg,0
data/processed/cats/Cat_10670.jpg,0
data/processed/cats/Cat_10671.jpg,0
data/processed/cats/Cat_10672.jpg,0
data/processed/cats/Cat_10673.jpg,0
data/processed/cats/Cat_10674.jpg,0
data/processed/cats/Cat_10675.jpg,0
data/processed/cats/Cat_10676.jpg,0
data/processed/cats/Cat_10677.jpg,0
data/processed/cats/Cat_10678.jpg,0
data/processed/cats/Cat_10679.jpg,0
data/processed/cats/Cat_1068.jpg,0
data/processed/cats/Cat_10680.jpg,0
data/processed/cats/Cat_10682.jpg,0
data/processed/cats/Cat_10683.jpg,0
data/processed/cats/Cat_10684.jpg,0
data/processed/cats/Cat_10685.jpg,0
data/processed/cats/Cat_10686.jpg,0
data/processed/cats/Cat_10687.jpg,0
data/processed/cats/Cat_10691.jpg,0
data/processed/cats/Cat_10692.jpg,0
data/processed/cats/Cat_10693.jpg,0
data/processed/cats/Cat_10694.jpg,0
data/processed/cats/Cat_10696.jpg,0
data/processed/cats/Cat_10697.jpg,0
data/processed/cats/Cat_10699.jpg,0
data/processed/cats/Cat_107.jpg,0
data/processed/cats/Cat_1070.jpg,0
data/processed/cats/Cat_10700.jpg,0
data/processed/cats/Cat_10701.jpg,0
data/processed/cats/Cat_10703.jpg,0
data/processed/cats/Cat_10704.jpg,0
data/processed/cats/Cat_10705.jpg,0
data/processed/cats/Cat_10706.jpg,0
data/processed/cats/Cat_10707.jpg,0
data/processed/cats/Cat_10708.jpg,0
data/processed/cats/Cat_1071.jpg,0
data/processed/cats/Cat_10711.jpg,0
data/processed/cats/Cat_10712.jpg,0
data/processed/cats/Cat_10713.jpg,0
data/processed/cats/Cat_10714.jpg,0
data/processed/cats/Cat_10715.jpg,0
data/processed/cats/Cat_10716.jpg,0
data/processed/cats/Cat_10717.jpg,0
data/processed/cats/Cat_10718.jpg,0
data/processed/cats/Cat_10719.jpg,0
data/processed/cats/Cat_1072.jpg,0
data/processed/cats/Cat_10721.jpg,0
data/processed/cats/Cat_10723.jpg,0
data/processed/cats/Cat_10724.jpg,0
data/processed/cats/Cat_10725.jpg,0
data/processed/cats/Cat_10726.jpg,0
data/processed/cats/Cat_10727.jpg,0
data/processed/cats/Cat_10728.jpg,0
data/processed/cats/Cat_10729.jpg,0
data/processed/cats/Cat_10730.jpg,0
data/processed/cats/Cat_10731.jpg,0
data/processed/cats/Cat_10732.jpg,0
data/processed/cats/Cat_10733.jpg,0
data/processed/cats/Cat_10734.jpg,0
data/processed/cats/Cat_10735.jpg,0
data/processed/cats/Cat_10736.jpg,0
data/processed/cats/Cat_10740.jpg,0
data/processed/cats/Cat_10742.jpg,0
data/processed/cats/Cat_10743.jpg,0
data/processed/cats/Cat_10745.jpg,0
data/processed/cats/Cat_10747.jpg,0
data/processed/cats/Cat_10748.jpg,0
data/processed/cats/Cat_10749.jpg,0
data/processed/cats/Cat_1075.jpg,0
data/processed/cats/Cat_10750.jpg,0
data/processed/cats/Cat_10751.jpg,0
data/processed/cats/Cat_10752.jpg,0
data/processed/cats/Cat_10753.jpg,0
data/processed/cats/Cat_10754.jpg,0
data/processed/cats/Cat_10755.jpg,0
data/processed/cats/Cat_10756.jpg,0
data/processed/cats/Cat_10757.jpg,0
data/processed/cats/Cat_1076.jpg,0
data/processed/cats/Cat_10760.jpg,0
data/processed/cats/Cat_10761.jpg,0
data/processed/cats/Cat_10762.jpg,0
data/processed/cats/Cat_10764.jpg,0
data/processed/cats/Cat_10767.jpg,0
data/processed/cats/Cat_10768.jpg,0
data/processed/cats/Cat_10769.jpg,0
data/processed/cats/Cat_1077.jpg,0
data/processed/cats/Cat_10770.jpg,0
data/processed/cats/Cat_10772.jpg,0
data/processed/cats/Cat_10773.jpg,0
data/processed/cats/Cat_10775.jpg,0
data/processed/cats/Cat_10776.jpg,0
data/processed/cats/Cat_10777.jpg,0
data/processed/cats/Cat_10778.jpg,0
data/processed/cats/Cat_10779.jpg,0
data/processed/cats/Cat_1078.jpg,0
data/processed/cats/Cat_10780.jpg,0
data/processed/cats/Cat_10781.jpg,0
data/processed/cats/Cat_10782.jpg,0
data/processed/cats/Cat_10783.jpg,0
data/processed/cats/Cat_10784.jpg,0
data/processed/cats/Cat_10785.jpg,0
data/processed/cats/Cat_10787.jpg,0
data/processed/cats/Cat_10789.jpg,0
data/processed/cats/Cat_1079.jpg,0
data/processed/cats/Cat_10790.jpg,0
data/processed/cats/Cat_10791.jpg,0
data/processed/cats/Cat_10792.jpg,0
data/processed/cats/Cat_10793.jpg,0
data/processed/cats/Cat_10794.jpg,0
data/processed/cats/Cat_10795.jpg,0
data/processed/cats/Cat_10796.jpg,0
data/processed/cats/Cat_10797.jpg,0
data/processed/cats/Cat_10798.jpg,0
data/processed/cats/Cat_10799.jpg,0
data/processed/cats/Cat_10800.jpg,0
data/processed/cats/Cat_10802.jpg,0
data/processed/cats/Cat_10803.jpg,0
data/processed/cats/Cat_10804.jpg,0
data/processed/cats/Cat_10805.jpg,0
data/processed/cats/Cat_10807.jpg,0
data/processed/cats/Cat_10808.jpg,0
data/processed/cats/Cat_10809.jpg,0
data/processed/cats/Cat_1081.jpg,0
data/processed/cats/Cat_10810.jpg,0
data/processed/cats/Cat_10811.jpg,0
data/processed/cats/Cat_10812.jpg,0
data/processed/cats/Cat_10813.jpg,0
data/processed/cats/Cat_10814.jpg,0
data/processed/cats/Cat_10815.jpg,0
data/processed/cats/Cat_10816.jpg,0
data/processed/cats/Cat_10817.jpg,0
data/processed/cats/Cat_10818.jpg,0
data/processed/cats/Cat_10819.jpg,0
data/processed/cats/Cat_1082.jpg,0
data/processed/cats/Cat_10820.jpg,0
data/processed/cats/Cat_10821.jpg,0
data/processed/cats/Cat_10824.jpg,0
data/processed/cats/Cat_10826.jpg,0
data/processed/cats/Cat_10828.jpg,0
data/processed/cats/Cat_1083.jpg,0
data/processed/cats/Cat_10830.jpg,0
data/processed/cats/Cat_10831.jpg,0
data/processed/cats/Cat_10833.jpg,0
data/processed/cats/Cat_10834.jpg,0
data/processed/cats/Cat_10835.jpg,0
data/processed/cats/Cat_10836.jpg,0
data/processed/cats/Cat_10838.jpg,0
data/processed/cats/Cat_10839.jpg,0
data/processed/cats/Cat_10840.jpg,0
data/processed/cats/Cat_10841.jpg,0
data/processed/cats/Cat_10842.jpg,0
data/processed/cats/Cat_10843.jpg,0
data/processed/cats/Cat_10844.jpg,0
data/processed/cats/Cat_10845.jpg,0
data/processed/cats/Cat_10847.jpg,0
data/processed/cats/Cat_10848.jpg,0
data/processed/cats/Cat_10849.jpg,0
data/processed/cats/Cat_1085.jpg,0
data/processed/cats/Cat_10850.jpg,0
data/processed/cats/Cat_10851.jpg,0
data/processed/cats/Cat_10854.jpg,0
data/processed/cats/Cat_10859.jpg,0
data/processed/cats/Cat_1086.jpg,0
data/processed/cats/Cat_10861.jpg,0
data/processed/cats/Cat_10862.jpg,0
data/processed/cats/Cat_10863.jpg,0
data/processed/cats/Cat_10865.jpg,0
data/processed/cats/Cat_10866.jpg,0
data/processed/cats/Cat_10868.jpg,0
data/processed/cats/Cat_1087.jpg,0
data/processed/cats/Cat_10870.jpg,0
data/processed/cats/Cat_10871.jpg,0
data/processed/cats/Cat_10872.jpg,0
data/processed/cats/Cat_10873.jpg,0
data/processed/cats/Cat_10875.jpg,0
data/processed/cats/Cat_10876.jpg,0
data/processed/cats/Cat_10877.jpg,0
data/processed/cats/Cat_10878.jpg,0
data/processed/cats/Cat_10879.jpg,0
data/processed/cats/Cat_10880.jpg,0
data/processed/cats/Cat_10881.jpg,0
data/processed/cats/Cat_10882.jpg,0
data/processed/cats/Cat_10884.jpg,0
data/processed/cats/Cat_10888.jpg,0
data/processed/cats/Cat_10889.jpg,0
data/processed/cats/Cat_1089.jpg,0
data/processed/cats/Cat_10890.jpg,0
data/processed/cats/Cat_10891.jpg,0
data/processed/cats/Cat_10892.jpg,0
data/processed/cats/Cat_10894.jpg,0
data/processed/cats/Cat_10895.jpg,0
data/processed/cats/Cat_10896.jpg,0
data/processed/cats/Cat_10897.jpg,0
data/processed/cats/Cat_10899.jpg,0
data/processed/cats/Cat_109.jpg,0
data/processed/cats/Cat_1090.jpg,0
data/processed/cats/Cat_10900.jpg,0
data/processed/cats/Cat_10901.jpg,0
data/processed/cats/Cat_10902.jpg,0
data/processed/cats/Cat_10904.jpg,0
data/processed/cats/Cat_10905.jpg,0
data/processed/cats/Cat_10906.jpg,0
data/processed/cats/Cat_10907.jpg,0
data/processed/cats/Cat_10909.jpg,0
data/processed/cats/Cat_1091.jpg,0
data/processed/cats/Cat_10912.jpg,0
data/processed/cats/Cat_10913.jpg,0
data/processed/cats/Cat_10914.jpg,0
data/processed/cats/Cat_10915.jpg,0
data/processed/cats/Cat_10917.jpg,0
data/processed/cats/Cat_10918.jpg,0
data/processed/cats/Cat_10919.jpg,0
data/processed/cats/Cat_1092.jpg,0
data/processed/cats/Cat_10920.jpg,0
data/processed/cats/Cat_10921.jpg,0
data/processed/cats/Cat_10923.jpg,0
data/processed/cats/Cat_10924.jpg,0
data/processed/cats/Cat_10925.jpg,0
data/processed/cats/Cat_10926.jpg,0
data/processed/cats/Cat_10927.jpg,0
data/processed/cats/Cat_10928.jpg,0
data/processed/cats/Cat_10929.jpg,0
data/processed/cats/Cat_1093.jpg,0
data/processed/cats/Cat_10930.jpg,0
data/processed/cats/Cat_10931.jpg,0
data/processed/cats/Cat_10932.jpg,0
data/processed/cats/Cat_10934.jpg,0
data/processed/cats/Cat_10935.jpg,0
data/processed/cats/Cat_10936.jpg,0
data/processed/cats/Cat_10937.jpg,0
data/processed/cats/Cat_10939.jpg,0
data/processed/cats/Cat_1094.jpg,0
data/processed/cats/Cat_10941.jpg,0
data/processed/cats/Cat_10943.jpg,0
data/processed/cats/Cat_10944.jpg,0
data/processed/cats/Cat_10945.jpg,0
data/processed/cats/Cat_10946.jpg,0
data/processed/cats/Cat_10947.jpg,0
data/processed/cats/Cat_10948.jpg,0
data/processed/cats/Cat_10949.jpg,0
data/processed/cats/Cat_10952.jpg,0
data/processed/cats/Cat_10955.jpg,0
data/processed/cats/Cat_10958.jpg,0
data/processed/cats/Cat_10959.jpg,0
data/processed/cats/Cat_10960.jpg,0
data/processed/cats/Cat_10961.jpg,0
data/processed/cats/Cat_10963.jpg,0
data/processed/cats/Cat_10964.jpg,0
data/processed/cats/Cat_10965.jpg,0
data/processed/cats/Cat_10966.jpg,0
data/processed/cats/Cat_10968.jpg,0
data/processed/cats/Cat_10969.jpg,0
data/processed/cats/Cat_1097.jpg,0
data/processed/cats/Cat_10971.jpg,0
data/processed/cats/Cat_10972.jpg,0
data/processed/cats/Cat_10973.jpg,0
data/processed/cats/Cat_10974.jpg,0
data/processed/cats/Cat_10975.jpg,0
data/processed/cats/Cat_10976.jpg,0
data/processed/cats/Cat_10977.jpg,0
data/processed/cats/Cat_10978.jpg,0
data/processed/cats/Cat_10979.jpg,0
data/processed/cats/Cat_1098.jpg,0
data/processed/cats/Cat_10980.jpg,0
data/processed/cats/Cat_10981.jpg,0
data/processed/cats/Cat_10982.jpg,0
data/processed/cats/Cat_10983.jpg,0
data/processed/cats/Cat_10984.jpg,0
data/processed/cats/Cat_10985.jpg,0
data/processed/cats/Cat_10987.jpg,0
data/processed/cats/Cat_10989.jpg,0
data/processed/cats/Cat_1099.jpg,0
data/processed/cats/Cat_10990.jpg,0
data/processed/cats/Cat_10991.jpg,0
data/processed/cats/Cat_10992.jpg,0
data/processed/cats/Cat_10993.jpg,0
data/processed/cats/Cat_10994.jpg,0
data/processed/cats/Cat_10995.jpg,0
data/processed/cats/Cat_10996.jpg,0
data/processed/cats/Cat_10997.jpg,0
data/processed/cats/Cat_10998.jpg,0
data/processed/cats/Cat_10999.jpg,0
data/processed/cats/Cat_11.jpg,0
data/processed/cats/Cat_110.jpg,0
data/processed/cats/Cat_1100.jpg,0
data/processed/cats/Cat_11000.jpg,0
data/processed/cats/Cat_11001.jpg,0
data/processed/cats/Cat_11002.jpg,0
data/processed/cats/Cat_11003.jpg,0
data/processed/cats/Cat_11005.jpg,0
data/processed/cats/Cat_11007.jpg,0
data/processed/cats/Cat_11008.jpg,0
data/processed/cats/Cat_1101.jpg,0
data/processed/cats/Cat_11010.jpg,0
data/processed/cats/Cat_11011.jpg,0
data/processed/cats/Cat_11012.jpg,0
data/processed/cats/Cat_11013.jpg,0
data/processed/cats/Cat_11014.jpg,0
data/processed/cats/Cat_11015.jpg,0
data/processed/cats/Cat_11016.jpg,0
data/processed/cats/Cat_11017.jpg,0
data/processed/cats/Cat_11018.jpg,0
data/processed/cats/Cat_1102.jpg,0
data/processed/cats/Cat_11020.jpg,0
data/processed/cats/Cat_11021.jpg,0
data/processed/cats/Cat_11022.jpg,0
data/processed/cats/Cat_11023.jpg,0
data/processed/cats/Cat_11024.jpg,0
data/processed/cats/Cat_11025.jpg,0
data/processed/cats/Cat_11026.jpg,0
data/processed/cats/Cat_11027.jpg,0
data/processed/cats/Cat_11028.jpg,0
data/processed/cats/Cat_11029.jpg,0
data/processed/cats/Cat_11030.jpg,0
data/processed/cats/Cat_11032.jpg,0
data/processed/cats/Cat_11033.jpg,0
data/processed/cats/Cat_11034.jpg,0
data/processed/cats/Cat_11036.jpg,0
data/processed/cats/Cat_11037.jpg,0
data/processed/cats/Cat_11038.jpg,0
data/processed/cats/Cat_11039.jpg,0
data/processed/cats/Cat_1104.jpg,0
data/processed/cats/Cat_11040.jpg,0
data/processed/cats/Cat_11041.jpg,0
data/processed/cats/Cat_11042.jpg,0
data/processed/cats/Cat_11043.jpg,0
data/processed/cats/Cat_11044.jpg,0
data/processed/cats/Cat_11046.jpg,0
data/processed/cats/Cat_11048.jpg,0
data/processed/cats/Cat_11049.jpg,0
data/processed/cats/Cat_1105.jpg,0
data/processed/cats/Cat_11050.jpg,0
data/processed/cats/Cat_11051.jpg,0
data/processed/cats/Cat_11052.jpg,0
data/processed/cats/Cat_11053.jpg,0
data/processed/cats/Cat_11054.jpg,0
data/processed/cats/Cat_11055.jpg,0
data/processed/cats/Cat_11057.jpg,0
data/processed/cats/Cat_11059.jpg,0
data/processed/cats/Cat_1106.jpg,0
data/processed/cats/Cat_11060.jpg,0
data/processed/cats/Cat_11061.jpg,0
data/processed/cats/Cat_11063.jpg,0
data/processed/cats/Cat_11064.jpg,0
data/processed/cats/Cat_11065.jpg,0
data/processed/cats/Cat_11066.jpg,0
data/processed/cats/Cat_11067.jpg,0
data/processed/cats/Cat_11068.jpg,0
data/processed/cats/Cat_1107.jpg,0
data/processed/cats/Cat_11070.jpg,0
data/processed/cats/Cat_11071.jpg,0
data/processed/cats/Cat_11072.jpg,0
data/processed/cats/Cat_11073.jpg,0
data/processed/cats/Cat_11074.jpg,0
data/processed/cats/Cat_11076.jpg,0
data/processed/cats/Cat_11077.jpg,0
data/processed/cats/Cat_11078.jpg,0
data/processed/cats/Cat_1108.jpg,0
data/processed/cats/Cat_11080.jpg,0
data/processed/cats/Cat_11082.jpg,0
data/processed/cats/Cat_11083.jpg,0
data/processed/cats/Cat_11084.jpg,0
data/processed/cats/Cat_11085.jpg,0
data/processed/cats/Cat_11086.jpg,0
data/processed/cats/Cat_11087.jpg,0
data/processed/cats/Cat_11088.jpg,0
data/processed/cats/Cat_11089.jpg,0
data/processed/cats/Cat_11090.jpg,0
data/processed/cats/Cat_11091.jpg,0
data/processed/cats/Cat_11092.jpg,0
data/processed/cats/Cat_11094.jpg,0
data/processed/cats/Cat_11095.jpg,0
data/processed/cats/Cat_11096.jpg,0
data/processed/cats/Cat_11097.jpg,0
data/processed/cats/Cat_11098.jpg,0
data/processed/cats/Cat_11099.jpg,0
data/processed/cats/Cat_111.jpg,0
data/processed/cats/Cat_1110.jpg,0
data/processed/cats/Cat_11100.jpg,0
data/processed/cats/Cat_11101.jpg,0
data/processed/cats/Cat_11103.jpg,0
data/processed/cats/Cat_11104.jpg,0
data/processed/cats/Cat_11105.jpg,0
data/processed/cats/Cat_11106.jpg,0
data/processed/cats/Cat_11107.jpg,0
data/processed/cats/Cat_11108.jpg,0
data/processed/cats/Cat_11109.jpg,0
data/processed/cats/Cat_1111.jpg,0
data/processed/cats/Cat_11110.jpg,0
data/processed/cats/Cat_11114.jpg,0
data/processed/cats/Cat_11115.jpg,0
data/processed/cats/Cat_11116.jpg,0
data/processed/cats/Cat_11117.jpg,0
data/processed/cats/Cat_11118.jpg,0
data/processed/cats/Cat_11119.jpg,0
data/processed/cats/Cat_11121.jpg,0
data/processed/cats/Cat_11122.jpg,0
data/processed/cats/Cat_11124.jpg,0
data/processed/cats/Cat_11125.jpg,0
data/processed/cats/Cat_11126.jpg,0
data/processed/cats/Cat_11128.jpg,0
data/processed/cats/Cat_11129.jpg,0
data/processed/cats/Cat_1113.jpg,0
data/processed/cats/Cat_11130.jpg,0
data/processed/cats/Cat_11131.jpg,0
data/processed/cats/Cat_11132.jpg,0
data/processed/cats/Cat_11133.jpg,0
data/processed/cats/Cat_11134.jpg,0
data/processed/cats/Cat_11138.jpg,0
data/processed/cats/Cat_11139.jpg,0
data/processed/cats/Cat_1114.jpg,0
data/processed/cats/Cat_11140.jpg,0
data/processed/cats/Cat_11141.jpg,0
data/processed/cats/Cat_11142.jpg,0
data/processed/cats/Cat_11144.jpg,0
data/processed/cats/Cat_11146.jpg,0
data/processed/cats/Cat_11147.jpg,0
data/processed/cats/Cat_11149.jpg,0
data/processed/cats/Cat_1115.jpg,0
data/processed/cats/Cat_11150.jpg,0
data/processed/cats/Cat_11151.jpg,0
data/processed/cats/Cat_11152.jpg,0
data/processed/cats/Cat_11153.jpg,0
data/processed/cats/Cat_11155.jpg,0
data/processed/cats/Cat_11156.jpg,0
data/processed/cats/Cat_11157.jpg,0
data/processed/cats/Cat_1116.jpg,0
data/processed/cats/Cat_11160.jpg,0
data/processed/cats/Cat_11161.jpg,0
data/processed/cats/Cat_11162.jpg,0
data/processed/cats/Cat_11164.jpg,0
data/processed/cats/Cat_11165.jpg,0
data/processed/cats/Cat_11166.jpg,0
data/processed/cats/Cat_11169.jpg,0
data/processed/cats/Cat_1117.jpg,0
data/processed/cats/Cat_11171.jpg,0
data/processed/cats/Cat_11173.jpg,0
data/processed/cats/Cat_11175.jpg,0
data/processed/cats/Cat_11176.jpg,0
data/processed/cats/Cat_11177.jpg,0
data/processed/cats/Cat_11179.jpg,0
data/processed/cats/Cat_1118.jpg,0
data/processed/cats/Cat_11180.jpg,0
data/processed/cats/Cat_11182.jpg,0
data/processed/cats/Cat_11183.jpg,0
data/processed/cats/Cat_11184.jpg,0
data/processed/cats/Cat_11185.jpg,0
data/processed/cats/Cat_11186.jpg,0
data/processed/cats/Cat_11187.jpg,0
data/processed/cats/Cat_11188.jpg,0
data/processed/cats/Cat_1119.jpg,0
data/processed/cats/Cat_11190.jpg,0
data/processed/cats/Cat_11191.jpg,0
data/processed/cats/Cat_11192.jpg,0
data/processed/cats/Cat_11193.jpg,0
data/processed/cats/Cat_11194.jpg,0
data/processed/cats/Cat_11196.jpg,0
data/processed/cats/Cat_11198.jpg,0
data/processed/cats/Cat_11199.jpg,0
data/processed/cats/Cat_112.jpg,0
data/processed/cats/Cat_1120.jpg,0
data/processed/cats/Cat_11200.jpg,0
data/processed/cats/Cat_11201.jpg,0
data/processed/cats/Cat_11202.jpg,0
data/processed/cats/Cat_11206.jpg,0
data/processed/cats/Cat_11207.jpg,0
data/processed/cats/Cat_11208.jpg,0
data/processed/cats/Cat_11209.jpg,0
data/processed/cats/Cat_1121.jpg,0
data/processed/cats/Cat_11210.jpg,0
data/processed/cats/Cat_11211.jpg,0
data/processed/cats/Cat_11212.jpg,0
data/processed/cats/Cat_11213.jpg,0
data/processed/cats/Cat_11215.jpg,0
data/processed/cats/Cat_11216.jpg,0
data/processed/cats/Cat_11217.jpg,0
data/processed/cats/Cat_11218.jpg,0
data/processed/cats/Cat_11219.jpg,0
data/processed/cats/Cat_1122.jpg,0
data/processed/cats/Cat_11220.jpg,0
data/processed/cats/Cat_11221.jpg,0
data/processed/cats/Cat_11222.jpg,0
data/processed/cats/Cat_11223.jpg,0
data/processed/cats/Cat_11224.jpg,0
data/processed/cats/Cat_11226.jpg,0
data/processed/cats/Cat_11228.jpg,0
data/processed/cats/Cat_11229.jpg,0
data/processed/cats/Cat_1123.jpg,0
data/processed/cats/Cat_11230.jpg,0
data/processed/cats/Cat_11231.jpg,0
data/processed/cats/Cat_11232.jpg,0
data/processed/cats/Cat_11233.jpg,0
data/processed/cats/Cat_11234.jpg,0
data/processed/cats/Cat_11235.jpg,0
data/processed/cats/Cat_11236.jpg,0
data/processed/cats/Cat_11237.jpg,0
data/processed/cats/Cat_11238.jpg,0
data/processed/cats/Cat_1124.jpg,0
data/processed/cats/Cat_11241.jpg,0
data/processed/cats/Cat_11242.jpg,0
data/processed/cats/Cat_11243.jpg,0
data/processed/cats/Cat_11249.jpg,0
data/processed/cats/Cat_1125.jpg,0
data/processed/cats/Cat_11250.jpg,0
data/processed/cats/Cat_11252.jpg,0
data/processed/cats/Cat_11253.jpg,0
data/processed/cats/Cat_11254.jpg,0
data/processed/cats/Cat_11255.jpg,0
data/processed/cats/Cat_11256.jpg,0
data/processed/cats/Cat_11257.jpg,0
data/processed/cats/Cat_11258.jpg,0
data/processed/cats/Cat_11259.jpg,0
data/processed/cats/Cat_11260.jpg,0
data/processed/cats/Cat_11261.jpg,0
data/processed/cats/Cat_11262.jpg,0
data/processed/cats/Cat_11263.jpg,0
data/processed/cats/Cat_11264.jpg,0
data/processed/cats/Cat_11266.jpg,0
data/processed/cats/Cat_11267.jpg,0
data/processed/cats/Cat_11268.jpg,0
data/processed/cats/Cat_11269.jpg,0
data/processed/cats/Cat_1127.jpg,0
data/processed/cats/Cat_11270.jpg,0
data/processed/cats/Cat_11271.jpg,0
data/processed/cats/Cat_11272.jpg,0
data/processed/cats/Cat_11273.jpg,0
data/processed/cats/Cat_11274.jpg,0
data/processed/cats/Cat_11275.jpg,0
data/processed/cats/Cat_11276.jpg,0
data/processed/cats/Cat_11277.jpg,0
data/processed/cats/Cat_11278.jpg,0
data/processed/cats/Cat_11279.jpg,0
data/processed/cats/Cat_1128.jpg,0
data/processed/cats/Cat_11280.jpg,0
data/processed/cats/Cat_11281.jpg,0
data/processed/cats/Cat_11282.jpg,0
data/processed/cats/Cat_11283.jpg,0
data/processed/cats/Cat_11284.jpg,0
data/processed/cats/Cat_11285.jpg,0
data/processed/cats/Cat_11286.jpg,0
data/processed/cats/Cat_11287.jpg,0
data/processed/cats/Cat_11288.jpg,0
data/processed/cats/Cat_1129.jpg,0
data/processed/cats/Cat_11290.jpg,0
data/processed/cats/Cat_11291.jpg,0
data/processed/cats/Cat_11292.jpg,0
data/processed/cats/Cat_11294.jpg,0
data/processed/cats/Cat_11296.jpg,0
data/processed/cats/Cat_11297.jpg,0
data/processed/cats/Cat_11298.jpg,0
data/processed/cats/Cat_11299.jpg,0
data/processed/cats/Cat_113.jpg,0
data/processed/cats/Cat_1130.jpg,0
data/processed/cats/Cat_11300.jpg,0
data/processed/cats/Cat_11301.jpg,0
data/processed/cats/Cat_11302.jpg,0
data/processed/cats/Cat_11303.jpg,0
data/processed/cats/Cat_11304.jpg,0
data/processed/cats/Cat_11305.jpg,0
data/processed/cats/Cat_11306.jpg,0
data/processed/cats/Cat_11307.jpg,0
data/processed/cats/Cat_11308.jpg,0
data/processed/cats/Cat_11309.jpg,0
data/processed/cats/Cat_1131.jpg,0
data/processed/cats/Cat_11311.jpg,0
data/processed/cats/Cat_11312.jpg,0
data/processed/cats/Cat_11313.jpg,0
data/processed/cats/Cat_11314.jpg,0
data/processed/cats/Cat_11315.jpg,0
data/processed/cats/Cat_11317.jpg,0
data/processed/cats/Cat_11318.jpg,0
data/processed/cats/Cat_11319.jpg,0
data/processed/cats/Cat_1132.jpg,0
data/processed/cats/Cat_11320.jpg,0
data/processed/cats/Cat_11321.jpg,0
data/processed/cats/Cat_11322.jpg,0
data/processed/cats/Cat_11323.jpg,0
data/processed/cats/Cat_11324.jpg,0
data/processed/cats/Cat_11325.jpg,0
data/processed/cats/Cat_11326.jpg,0
data/processed/cats/Cat_11327.jpg,0
data/processed/cats/Cat_11328.jpg,0
data/processed/cats/Cat_11329.jpg,0
data/processed/cats/Cat_11330.jpg,0
data/processed/cats/Cat_11331.jpg,0
data/processed/cats/Cat_11333.jpg,0
data/processed/cats/Cat_11334.jpg,0
data/processed/cats/Cat_11335.jpg,0
data/processed/cats/Cat_11336.jpg,0
data/processed/cats/Cat_11337.jpg,0
data/processed/cats/Cat_11338.jpg,0
data/processed/cats/Cat_11339.jpg,0
data/processed/cats/Cat_1134.jpg,0
data/processed/cats/Cat_11340.jpg,0
data/processed/cats/Cat_11341.jpg,0
data/processed/cats/Cat_11343.jpg,0
data/processed/cats/Cat_11344.jpg,0
data/processed/cats/Cat_11345.jpg,0
data/processed/cats/Cat_11346.jpg,0
data/processed/cats/Cat_11348.jpg,0
data/processed/cats/Cat_11349.jpg,0
data/processed/cats/Cat_1135.jpg,0
data/processed/cats/Cat_11350.jpg,0
data/processed/cats/Cat_11351.jpg,0
data/processed/cats/Cat_11352.jpg,0
data/processed/cats/Cat_11353.jpg,0
data/processed/cats/Cat_11354.jpg,0
data/processed/cats/Cat_11355.jpg,0
data/processed/cats/Cat_11356.jpg,0
data/processed/cats/Cat_11357.jpg,0
data/processed/cats/Cat_11358.jpg,0
data/processed/cats/Cat_11359.jpg,0
data/processed/cats/Cat_1136.jpg,0
data/processed/cats/Cat_11360.jpg,0
data/processed/cats/Cat_11361.jpg,0
data/processed/cats/Cat_11362.jpg,0
data/processed/cats/Cat_11363.jpg,0
data/processed/cats/Cat_11364.jpg,0
data/processed/cats/Cat_11365.jpg,0
data/processed/cats/Cat_11367.jpg,0
data/processed/cats/Cat_11368.jpg,0
data/processed/cats/Cat_11370.jpg,0
data/processed/cats/Cat_11371.jpg,0
data/processed/cats/Cat_11373.jpg,0
data/processed/cats/Cat_11374.jpg,0
data/processed/cats/Cat_11376.jpg,0
data/processed/cats/Cat_11377.jpg,0
data/processed/cats/Cat_11378.jpg,0
data/processed/cats/Cat_11379.jpg,0
data/processed/cats/Cat_1138.jpg,0
data/processed/cats/Cat_11380.jpg,0
data/processed/cats/Cat_11381.jpg,0
data/processed/cats/Cat_11382.jpg,0
data/processed/cats/Cat_11384.jpg,0
data/processed/cats/Cat_11386.jpg,0
data/processed/cats/Cat_11387.jpg,0
data/processed/cats/Cat_11388.jpg,0
data/processed/cats/Cat_11389.jpg,0
data/processed/cats/Cat_1139.jpg,0
data/processed/cats/Cat_11390.jpg,0
data/processed/cats/Cat_11392.jpg,0
data/processed/cats/Cat_11393.jpg,0
data/processed/cats/Cat_11394.jpg,0
data/processed/cats/Cat_11395.jpg,0
data/processed/cats/Cat_11396.jpg,0
data/processed/cats/Cat_11398.jpg,0
data/processed/cats/Cat_11399.jpg,0
data/processed/cats/Cat_114.jpg,0
data/processed/cats/Cat_1140.jpg,0
data/processed/cats/Cat_11401.jpg,0
data/processed/cats/Cat_11402.jpg,0
data/processed/cats/Cat_11403.jpg,0
data/processed/cats/Cat_11404.jpg,0
data/processed/cats/Cat_11405.jpg,0
data/processed/cats/Cat_11406.jpg,0
data/processed/cats/Cat_11407.jpg,0
data/processed/cats/Cat_11408.jpg,0
data/processed/cats/Cat_11409.jpg,0
data/processed/cats/Cat_1141.jpg,0
data/processed/cats/Cat_11411.jpg,0
data/processed/cats/Cat_11412.jpg,0
data/processed/cats/Cat_11413.jpg,0
data/processed/cats/Cat_11414.jpg,0
data/processed/cats/Cat_11415.jpg,0
data/processed/cats/Cat_11416.jpg,0
data/processed/cats/Cat_11417.jpg,0
data/processed/cats/Cat_11418.jpg,0
data/processed/cats/Cat_11419.jpg,0
data/processed/cats/Cat_11420.jpg,0
data/processed/cats/Cat_11421.jpg,0
data/processed/cats/Cat_11422.jpg,0
data/processed/cats/Cat_11424.jpg,0
data/processed/cats/Cat_11425.jpg,0
data/processed/cats/Cat_11426.jpg,0
data/processed/cats/Cat_11427.jpg,0
data/processed/cats/Cat_11428.jpg,0
data/processed/cats/Cat_1143.jpg,0
data/processed/cats/Cat_11430.jpg,0
data/processed/cats/Cat_11431.jpg,0
data/processed/cats/Cat_11432.jpg,0
data/processed/cats/Cat_11433.jpg,0
data/processed/cats/Cat_11434.jpg,0
data/processed/cats/Cat_11435.jpg,0
data/processed/cats/Cat_11436.jpg,0
data/processed/cats/Cat_11437.jpg,0
data/processed/cats/Cat_11438.jpg,0
data/processed/cats/Cat_11439.jpg,0
data/processed/cats/Cat_1144.jpg,0
data/processed/cats/Cat_11442.jpg,0
data/processed/cats/Cat_11444.jpg,0
data/processed/cats/Cat_11445.jpg,0
data/processed/cats/Cat_11446.jpg,0
data/processed/cats/Cat_11447.jpg,0
data/processed/cats/Cat_11448.jpg,0
data/processed/cats/Cat_11449.jpg,0
data/processed/cats/Cat_1145.jpg,0
data/processed/cats/Cat_11450.jpg,0
data/processed/cats/Cat_11451.jpg,0
data/processed/cats/Cat_11452.jpg,0
data/processed/cats/Cat_11453.jpg,0
data/processed/cats/Cat_11455.jpg,0
data/processed/cats/Cat_11456.jpg,0
data/processed/cats/Cat_11458.jpg,0
data/processed/cats/Cat_11459.jpg,0
data/processed/cats/Cat_11460.jpg,0
data/processed/cats/Cat_11461.jpg,0
data/processed/cats/Cat_11462.jpg,0
data/processed/cats/Cat_11463.jpg,0
data/processed/cats/Cat_11464.jpg,0
data/processed/cats/Cat_11465.jpg,0
data/processed/cats/Cat_11466.jpg,0
data/processed/cats/Cat_11468.jpg,0
data/processed/cats/Cat_11469.jpg,0
data/processed/cats/Cat_11470.jpg,0
data/processed/cats/Cat_11474.jpg,0
data/processed/cats/Cat_11475.jpg,0
data/processed/cats/Cat_11476.jpg,0
data/processed/cats/Cat_11477.jpg,0
data/processed/cats/Cat_1148.jpg,0
data/processed/cats/Cat_11481.jpg,0
data/processed/cats/Cat_11482.jpg,0
data/processed/cats/Cat_11483.jpg,0
data/processed/cats/Cat_11484.jpg,0
data/processed/cats/Cat_11485.jpg,0
data/processed/cats/Cat_11486.jpg,0
data/processed/cats/Cat_11487.jpg,0
data/processed/cats/Cat_11488.jpg,0
data/processed/cats/Cat_11489.jpg,0
data/processed/cats/Cat_1149.jpg,0
data/processed/cats/Cat_11490.jpg,0
data/processed/cats/Cat_11491.jpg,0
data/processed/cats/Cat_11492.jpg,0
data/processed/cats/Cat_11493.jpg,0
data/processed/cats/Cat_11496.jpg,0
data/processed/cats/Cat_11497.jpg,0
data/processed/cats/Cat_115.jpg,0
data/processed/cats/Cat_1150.jpg,0
data/processed/cats/Cat_11500.jpg,0
data/processed/cats/Cat_11501.jpg,0
data/processed/cats/Cat_11502.jpg,0
data/processed/cats/Cat_11503.jpg,0
data/processed/cats/Cat_11504.jpg,0
data/processed/cats/Cat_11505.jpg,0
data/processed/cats/Cat_11506.jpg,0
data/processed/cats/Cat_11509.jpg,0
data/processed/cats/Cat_1151.jpg,0
data/processed/cats/Cat_11511.jpg,0
data/processed/cats/Cat_11512.jpg,0
data/processed/cats/Cat_11516.jpg,0
data/processed/cats/Cat_11518.jpg,0
data/processed/cats/Cat_11519.jpg,0
data/processed/cats/Cat_1152.jpg,0
data/processed/cats/Cat_11521.jpg,0
data/processed/cats/Cat_11522.jpg,0
data/processed/cats/Cat_11523.jpg,0
data/processed/cats/Cat_11524.jpg,0
data/processed/cats/Cat_11525.jpg,0
data/processed/cats/Cat_11526.jpg,0
data/processed/cats/Cat_11527.jpg,0
data/processed/cats/Cat_11528.jpg,0
data/processed/cats/Cat_11529.jpg,0
data/processed/cats/Cat_1153.jpg,0
data/processed/cats/Cat_11531.jpg,0
data/processed/cats/Cat_11532.jpg,0
data/processed/cats/Cat_11534.jpg,0
data/processed/cats/Cat_11536.jpg,0
data/processed/cats/Cat_11537.jpg,0
data/processed/cats/Cat_11539.jpg,0
data/processed/cats/Cat_1154.jpg,0
data/processed/cats/Cat_11540.jpg,0
data/processed/cats/Cat_11541.jpg,0
data/processed/cats/Cat_11542.jpg,0
data/processed/cats/Cat_11543.jpg,0
data/processed/cats/Cat_11544.jpg,0
data/processed/cats/Cat_11545.jpg,0
data/processed/cats/Cat_11546.jpg,0
data/processed/cats/Cat_11547.jpg,0
data/processed/cats/Cat_11548.jpg,0
data/processed/cats/Cat_11549.jpg,0
data/processed/cats/Cat_1155.jpg,0
data/processed/cats/Cat_11550.jpg,0
data/processed/cats/Cat_11551.jpg,0
data/processed/cats/Cat_11552.jpg,0
data/processed/cats/Cat_11553.jpg,0
data/processed/cats/Cat_11554.jpg,0
data/processed/cats/Cat_11555.jpg,0
data/processed/cats/Cat_11556.jpg,0
data/processed/cats/Cat_1156.jpg,0
data/processed/cats/Cat_11560.jpg,0
data/processed/cats/Cat_11561.jpg,0
data/processed/cats/Cat_11562.jpg,0
data/processed/cats/Cat_11563.jpg,0
data/processed/cats/Cat_11564.jpg,0
data/processed/cats/Cat_11566.jpg,0
data/processed/cats/Cat_11567.jpg,0
data/processed/cats/Cat_11568.jpg,0
data/processed/cats/Cat_11569.jpg,0
data/processed/cats/Cat_1157.jpg,0
data/processed/cats/Cat_11570.jpg,0
data/processed/cats/Cat_11571.jpg,0
data/processed/cats/Cat_11573.jpg,0
data/processed/cats/Cat_11574.jpg,0
data/processed/cats/Cat_11575.jpg,0
data/processed/cats/Cat_11576.jpg,0
data/processed/cats/Cat_11577.jpg,0
data/processed/cats/Cat_11578.jpg,0
data/processed/cats/Cat_1158.jpg,0
data/processed/cats/Cat_11581.jpg,0
data/processed/cats/Cat_11585.jpg,0
data/processed/cats/Cat_11586.jpg,0
data/processed/cats/Cat_11587.jpg,0
data/processed/cats/Cat_11588.jpg,0
data/processed/cats/Cat_11589.jpg,0
data/processed/cats/Cat_1159.jpg,0
data/processed/cats/Cat_11590.jpg,0
data/processed/cats/Cat_11592.jpg,0
data/processed/cats/Cat_11593.jpg,0
data/processed/cats/Cat_11594.jpg,0
data/processed/cats/Cat_11595.jpg,0
data/processed/cats/Cat_11596.jpg,0
data/processed/cats/Cat_11597.jpg,0
data/processed/cats/Cat_11598.jpg,0
data/processed/cats/Cat_11599.jpg,0
data/processed/cats/Cat_116.jpg,0
data/processed/cats/Cat_1160.jpg,0
data/processed/cats/Cat_11600.jpg,0
data/processed/cats/Cat_11601.jpg,0
data/processed/cats/Cat_11602.jpg,0
data/processed/cats/Cat_11603.jpg,0
data/processed/cats/Cat_11604.jpg,0
data/processed/cats/Cat_11605.jpg,0
data/processed/cats/Cat_11606.jpg,0
data/processed/cats/Cat_11607.jpg,0
data/processed/cats/Cat_11608.jpg,0
data/processed/cats/Cat_11609.jpg,0
data/processed/cats/Cat_11610.jpg,0
data/processed/cats/Cat_11611.jpg,0
data/processed/cats/Cat_11612.jpg,0
data/processed/cats/Cat_11614.jpg,0
data/processed/cats/Cat_11616.jpg,0
data/processed/cats/Cat_11617.jpg,0
data/processed/cats/Cat_11618.jpg,0
data/processed/cats/Cat_1162.jpg,0
data/processed/cats/Cat_11621.jpg,0
data/processed/cats/Cat_11622.jpg,0
data/processed/cats/Cat_11623.jpg,0
data/processed/cats/Cat_11624.jpg,0
data/processed/cats/Cat_11625.jpg,0
data/processed/cats/Cat_11627.jpg,0
data/processed/cats/Cat_11628.jpg,0
data/processed/cats/Cat_11629.jpg,0
data/processed/cats/Cat_1163.jpg,0
data/processed/cats/Cat_11630.jpg,0
data/processed/cats/Cat_11632.jpg,0
data/processed/cats/Cat_11633.jpg,0
data/processed/cats/Cat_11634.jpg,0
data/processed/cats/Cat_11635.jpg,0
data/processed/cats/Cat_11636.jpg,0
data/processed/cats/Cat_11637.jpg,0
data/processed/cats/Cat_11639.jpg,0
data/processed/cats/Cat_1164.jpg,0
data/processed/cats/Cat_11641.jpg,0
data/processed/cats/Cat_11643.jpg,0
data/processed/cats/Cat_11644.jpg,0
data/processed/cats/Cat_11645.jpg,0
data/processed/cats/Cat_11646.jpg,0
data/processed/cats/Cat_11647.jpg,0
data/processed/cats/Cat_11648.jpg,0
data/processed/cats/Cat_11649.jpg,0
data/processed/cats/Cat_1165.jpg,0
data/processed/cats/Cat_11650.jpg,0
data/processed/cats/Cat_11652.jpg,0
data/processed/cats/Cat_11653.jpg,0
data/processed/cats/Cat_11655.jpg,0
data/processed/cats/Cat_11657.jpg,0
data/processed/cats/Cat_11658.jpg,0
data/processed/cats/Cat_11659.jpg,0
data/processed/cats/Cat_1166.jpg,0
data/processed/cats/Cat_11660.jpg,0
data/processed/cats/Cat_11661.jpg,0
data/processed/cats/Cat_11662.jpg,0
data/processed/cats/Cat_11663.jpg,0
data/processed/cats/Cat_11667.jpg,0
data/processed/cats/Cat_11668.jpg,0
data/processed/cats/Cat_11669.jpg,0
data/processed/cats/Cat_1167.jpg,0
data/processed/cats/Cat_11670.jpg,0
data/processed/cats/Cat_11671.jpg,0
data/processed/cats/Cat_11672.jpg,0
data/processed/cats/Cat_11673.jpg,0
data/processed/cats/Cat_11674.jpg,0
data/processed/cats/Cat_11675.jpg,0
data/processed/cats/Cat_11677.jpg,0
data/processed/cats/Cat_11678.jpg,0
data/processed/cats/Cat_1168.jpg,0
data/processed/cats/Cat_11680.jpg,0
data/processed/cats/Cat_11681.jpg,0
data/processed/cats/Cat_11682.jpg,0
data/processed/cats/Cat_11683.jpg,0
data/processed/cats/Cat_11684.jpg,0
data/processed/cats/Cat_11686.jpg,0
data/processed/cats/Cat_11687.jpg,0
data/processed/cats/Cat_11688.jpg,0
data/processed/cats/Cat_11689.jpg,0
data/processed/cats/Cat_1169.jpg,0
data/processed/cats/Cat_11690.jpg,0
data/processed/cats/Cat_11691.jpg,0
data/processed/cats/Cat_11692.jpg,0
data/processed/cats/Cat_11694.jpg,0
data/processed/cats/Cat_11695.jpg,0
data/processed/cats/Cat_11697.jpg,0
data/processed/cats/Cat_11698.jpg,0
data/processed/cats/Cat_11699.jpg,0
data/processed/cats/Cat_117.jpg,0
data/processed/cats/Cat_1170.jpg,0
data/processed/cats/Cat_11700.jpg,0
data/processed/cats/Cat_11701.jpg,0
data/processed/cats/Cat_11703.jpg,0
data/processed/cats/Cat_11704.jpg,0
data/processed/cats/Cat_11705.jpg,0
data/processed/cats/Cat_11707.jpg,0
data/processed/cats/Cat_11708.jpg,0
data/processed/cats/Cat_11709.jpg,0
data/processed/cats/Cat_1171.jpg,0
data/processed/cats/Cat_11710.jpg,0
data/processed/cats/Cat_11711.jpg,0
data/processed/cats/Cat_11713.jpg,0
data/processed/cats/Cat_11715.jpg,0
data/processed/cats/Cat_11716.jpg,0
data/processed/cats/Cat_11717.jpg,0
data/processed/cats/Cat_11718.jpg,0
data/processed/cats/Cat_1172.jpg,0
data/processed/cats/Cat_11720.jpg,0
data/processed/cats/Cat_11721.jpg,0
data/processed/cats/Cat_11723.jpg,0
data/processed/cats/Cat_11724.jpg,0
data/processed/cats/Cat_11725.jpg,0
data/processed/cats/Cat_11726.jpg,0
data/processed/cats/Cat_11727.jpg,0
data/processed/cats/Cat_11728.jpg,0
data/processed/cats/Cat_11729.jpg,0
data/processed/cats/Cat_11730.jpg,0
data/processed/cats/Cat_11732.jpg,0
data/processed/cats/Cat_11733.jpg,0
data/processed/cats/Cat_11736.jpg,0
data/processed/cats/Cat_11738.jpg,0
data/processed/cats/Cat_11739.jpg,0
data/processed/cats/Cat_1174.jpg,0
data/processed/cats/Cat_11740.jpg,0
data/processed/cats/Cat_11741.jpg,0
data/processed/cats/Cat_11743.jpg,0
data/processed/cats/Cat_11744.jpg,0
data/processed/cats/Cat_11745.jpg,0
data/processed/cats/Cat_11746.jpg,0
data/processed/cats/Cat_11747.jpg,0
data/processed/cats/Cat_11748.jpg,0
data/processed/cats/Cat_11749.jpg,0
data/processed/cats/Cat_1175.jpg,0
data/processed/cats/Cat_11750.jpg,0
data/processed/cats/Cat_11752.jpg,0
data/processed/cats/Cat_11753.jpg,0
data/processed/cats/Cat_11754.jpg,0
data/processed/cats/Cat_11755.jpg,0
data/processed/cats/Cat_11756.jpg,0
data/processed/cats/Cat_11757.jpg,0
data/processed/cats/Cat_11758.jpg,0
data/processed/cats/Cat_11759.jpg,0
data/processed/cats/Cat_1176.jpg,0
data/processed/cats/Cat_11762.jpg,0
data/processed/cats/Cat_11763.jpg,0
data/processed/cats/Cat_11764.jpg,0
data/processed/cats/Cat_11765.jpg,0
data/processed/cats/Cat_11766.jpg,0
data/processed/cats/Cat_11767.jpg,0
data/processed/cats/Cat_11768.jpg,0
data/processed/cats/Cat_11769.jpg,0
data/processed/cats/Cat_11771.jpg,0
data/processed/cats/Cat_11772.jpg,0
data/processed/cats/Cat_11773.jpg,0
data/processed/cats/Cat_11774.jpg,0
data/processed/cats/Cat_11775.jpg,0
data/processed/cats/Cat_11777.jpg,0
data/processed/cats/Cat_11778.jpg,0
data/processed/cats/Cat_11779.jpg,0
data/processed/cats/Cat_11780.jpg,0
data/processed/cats/Cat_11781.jpg,0
data/processed/cats/Cat_11782.jpg,0
data/processed/cats/Cat_11783.jpg,0
data/processed/cats/Cat_11784.jpg,0
data/processed/cats/Cat_11786.jpg,0
data/processed/cats/Cat_11787.jpg,0
data/processed/cats/Cat_11788.jpg,0
data/processed/cats/Cat_1179.jpg,0
data/processed/cats/Cat_11790.jpg,0
data/processed/cats/Cat_11791.jpg,0
data/processed/cats/Cat_11793.jpg,0
data/processed/cats/Cat_11794.jpg,0
data/processed/cats/Cat_11797.jpg,0
data/processed/cats/Cat_11799.jpg,0
data/processed/cats/Cat_118.jpg,0
data/processed/cats/Cat_1180.jpg,0
data/processed/cats/Cat_11800.jpg,0
data/processed/cats/Cat_11801.jpg,0
data/processed/cats/Cat_11802.jpg,0
data/processed/cats/Cat_11803.jpg,0
data/processed/cats/Cat_11804.jpg,0
data/processed/cats/Cat_11805.jpg,0
data/processed/cats/Cat_11806.jpg,0
data/processed/cats/Cat_11807.jpg,0
data/processed/cats/Cat_11808.jpg,0
data/processed/cats/Cat_11809.jpg,0
data/processed/cats/Cat_1181.jpg,0
data/processed/cats/Cat_11810.jpg,0
data/processed/cats/Cat_11811.jpg,0
data/processed/cats/Cat_11812.jpg,0
data/processed/cats/Cat_11813.jpg,0
data/processed/cats/Cat_11814.jpg,0
data/processed/cats/Cat_11815.jpg,0
data/processed/cats/Cat_11816.jpg,0
data/processed/cats/Cat_11817.jpg,0
data/processed/cats/Cat_11818.jpg,0
data/processed/cats/Cat_11819.jpg,0
data/processed/cats/Cat_1182.jpg,0
data/processed/cats/Cat_11822.jpg,0
data/processed/cats/Cat_11823.jpg,0
data/processed/cats/Cat_11824.jpg,0
data/processed/cats/Cat_11825.jpg,0
data/processed/cats/Cat_11828.jpg,0
data/processed/cats/Cat_11829.jpg,0
data/processed/cats/Cat_1183.jpg,0
data/processed/cats/Cat_11830.jpg,0
data/processed/cats/Cat_11831.jpg,0
data/processed/cats/Cat_11832.jpg,0
data/processed/cats/Cat_11833.jpg,0
data/processed/cats/Cat_11834.jpg,0
data/processed/cats/Cat_11835.jpg,0
data/processed/cats/Cat_11838.jpg,0
data/processed/cats/Cat_11839.jpg,0
data/processed/cats/Cat_11844.jpg,0
data/processed/cats/Cat_11845.jpg,0
data/processed/cats/Cat_11846.jpg,0
data/processed/cats/Cat_11847.jpg,0
data/processed/cats/Cat_11849.jpg,0
data/processed/cats/Cat_1185.jpg,0
data/processed/cats/Cat_11850.jpg,0
data/processed/cats/Cat_11852.jpg,0
data/processed/cats/Cat_11854.jpg,0
data/processed/cats/Cat_11857.jpg,0
data/processed/cats/Cat_11858.jpg,0
data/processed/cats/Cat_11859.jpg,0
data/processed/cats/Cat_1186.jpg,0
data/processed/cats/Cat_11860.jpg,0
data/processed/cats/Cat_11862.jpg,0
data/processed/cats/Cat_11863.jpg,0
data/processed/cats/Cat_11865.jpg,0
data/processed/cats/Cat_11866.jpg,0
data/processed/cats/Cat_11867.jpg,0
data/processed/cats/Cat_11868.jpg,0
data/processed/cats/Cat_1187.jpg,0
data/processed/cats/Cat_11870.jpg,0
data/processed/cats/Cat_11872.jpg,0
data/processed/cats/Cat_11873.jpg,0
data/processed/cats/Cat_11874.jpg,0
data/processed/cats/Cat_11875.jpg,0
data/processed/cats/Cat_11876.jpg,0
data/processed/cats/Cat_11877.jpg,0
data/processed/cats/Cat_11878.jpg,0
data/processed/cats/Cat_11879.jpg,0
data/processed/cats/Cat_1188.jpg,0
data/processed/cats/Cat_11880.jpg,0
data/processed/cats/Cat_11881.jpg,0
data/processed/cats/Cat_11882.jpg,0
data/processed/cats/Cat_11883.jpg,0
data/processed/cats/Cat_11884.jpg,0
data/processed/cats/Cat_11885.jpg,0
data/processed/cats/Cat_11886.jpg,0
data/processed/cats/Cat_11887.jpg,0
data/processed/cats/Cat_11888.jpg,0
data/processed/cats/Cat_11889.jpg,0
data/processed/cats/Cat_1189.jpg,0
data/processed/cats/Cat_11890.jpg,0
data/processed/cats/Cat_11891.jpg,0
data/processed/cats/Cat_11894.jpg,0
data/processed/cats/Cat_11895.jpg,0
data/processed/cats/Cat_11896.jpg,0
data/processed/cats/Cat_11897.jpg,0
data/processed/cats/Cat_11898.jpg,0
data/processed/cats/Cat_11899.jpg,0
data/processed/cats/Cat_1190.jpg,0
data/processed/cats/Cat_11900.jpg,0
data/processed/cats/Cat_11902.jpg,0
data/processed/cats/Cat_11903.jpg,0
data/processed/cats/Cat_11904.jpg,0
data/processed/cats/Cat_11906.jpg,0
data/processed/cats/Cat_11907.jpg,0
data/processed/cats/Cat_11908.jpg,0
data/processed/cats/Cat_11909.jpg,0
data/processed/cats/Cat_11910.jpg,0
data/processed/cats/Cat_11911.jpg,0
data/processed/cats/Cat_11912.jpg,0
data/processed/cats/Cat_11913.jpg,0
data/processed/cats/Cat_11914.jpg,0
data/processed/cats/Cat_11915.jpg,0
data/processed/cats/Cat_11916.jpg,0
data/processed/cats/Cat_11917.jpg,0
data/processed/cats/Cat_11918.jpg,0
data/processed/cats/Cat_11919.jpg,0
data/processed/cats/Cat_11921.jpg,0
data/processed/cats/Cat_11923.jpg,0
data/processed/cats/Cat_11925.jpg,0
data/processed/cats/Cat_11927.jpg,0
data/processed/cats/Cat_11928.jpg,0
data/processed/cats/Cat_11929.jpg,0
data/processed/cats/Cat_1193.jpg,0
data/processed/cats/Cat_11930.jpg,0
data/processed/cats/Cat_11931.jpg,0
data/processed/cats/Cat_11932.jpg,0
data/processed/cats/Cat_11933.jpg,0
data/processed/cats/Cat_11934.jpg,0
data/processed/cats/Cat_11935.jpg,0
data/processed/cats/Cat_11936.jpg,0
data/processed/cats/Cat_11937.jpg,0
data/processed/cats/Cat_11939.jpg,0
data/processed/cats/Cat_1194.jpg,0
data/processed/cats/Cat_11940.jpg,0
data/processed/cats/Cat_11941.jpg,0
data/processed/cats/Cat_11942.jpg,0
data/processed/cats/Cat_11944.jpg,0
data/processed/cats/Cat_11945.jpg,0
data/processed/cats/Cat_11946.jpg,0
data/processed/cats/Cat_11947.jpg,0
data/processed/cats/Cat_11948.jpg,0
data/processed/cats/Cat_11949.jpg,0
data/processed/cats/Cat_1195.jpg,0
data/processed/cats/Cat_11950.jpg,0
data/processed/cats/Cat_11951.jpg,0
data/processed/cats/Cat_11952.jpg,0
data/processed/cats/Cat_11953.jpg,0
data/processed/cats/Cat_11954.jpg,0
data/processed/cats/Cat_11955.jpg,0
data/processed/cats/Cat_11956.jpg,0
data/processed/cats/Cat_11957.jpg,0
data/processed/cats/Cat_11958.jpg,0
data/processed/cats/Cat_11959.jpg,0
data/processed/cats/Cat_11960.jpg,0
data/processed/cats/Cat_11961.jpg,0
data/processed/cats/Cat_11962.jpg,0
data/processed/cats/Cat_11963.jpg,0
data/processed/cats/Cat_11964.jpg,0
data/processed/cats/Cat_11965.jpg,0
data/processed/cats/Cat_11966.jpg,0
data/processed/cats/Cat_11967.jpg,0
data/processed/cats/Cat_11968.jpg,0
data/processed/cats/Cat_1197.jpg,0
data/processed/cats/Cat_11972.jpg,0
data/processed/cats/Cat_11973.jpg,0
data/processed/cats/Cat_11974.jpg,0
data/processed/cats/Cat_11975.jpg,0
data/processed/cats/Cat_11977.jpg,0
data/processed/cats/Cat_11979.jpg,0
data/processed/cats/Cat_1198.jpg,0
data/processed/cats/Cat_11983.jpg,0
data/processed/cats/Cat_11984.jpg,0
data/processed/cats/Cat_11985.jpg,0
data/processed/cats/Cat_11986.jpg,0
data/processed/cats/Cat_11987.jpg,0
data/processed/cats/Cat_11988.jpg,0
data/processed/cats/Cat_11989.jpg,0
data/processed/cats/Cat_1199.jpg,0
data/processed/cats/Cat_11990.jpg,0
data/processed/cats/Cat_11991.jpg,0
data/processed/cats/Cat_11992.jpg,0
data/processed/cats/Cat_11993.jpg,0
data/processed/cats/Cat_11994.jpg,0
data/processed/cats/Cat_11996.jpg,0
data/processed/cats/Cat_11997.jpg,0
data/processed/cats/Cat_11998.jpg,0
data/processed/cats/Cat_11999.jpg,0
data/processed/cats/Cat_12.jpg,0
data/processed/cats/Cat_120.jpg,0
data/processed/cats/Cat_1200.jpg,0
data/processed/cats/Cat_12000.jpg,0
data/processed/cats/Cat_12001.jpg,0
data/processed/cats/Cat_12002.jpg,0
data/processed/cats/Cat_12003.jpg,0
data/processed/cats/Cat_12004.jpg,0
data/processed/cats/Cat_12005.jpg,0
data/processed/cats/Cat_12006.jpg,0
data/processed/cats/Cat_12007.jpg,0
data/processed/cats/Cat_12008.jpg,0
data/processed/cats/Cat_12009.jpg,0
data/processed/cats/Cat_1201.jpg,0
data/processed/cats/Cat_12010.jpg,0
data/processed/cats/Cat_12011.jpg,0
data/processed/cats/Cat_12012.jpg,0
data/processed/cats/Cat_12013.jpg,0
data/processed/cats/Cat_12014.jpg,0
data/processed/cats/Cat_12016.jpg,0
data/processed/cats/Cat_12017.jpg,0
data/processed/cats/Cat_12018.jpg,0
data/processed/cats/Cat_1202.jpg,0
data/processed/cats/Cat_12020.jpg,0
data/processed/cats/Cat_12021.jpg,0
data/processed/cats/Cat_12022.jpg,0
data/processed/cats/Cat_12023.jpg,0
data/processed/cats/Cat_12024.jpg,0
data/processed/cats/Cat_12025.jpg,0
data/processed/cats/Cat_12027.jpg,0
data/processed/cats/Cat_12028.jpg,0
data/processed/cats/Cat_12029.jpg,0
data/processed/cats/Cat_1203.jpg,0
data/processed/cats/Cat_12030.jpg,0
data/processed/cats/Cat_12031.jpg,0
data/processed/cats/Cat_12032.jpg,0
data/processed/cats/Cat_12033.jpg,0
data/processed/cats/Cat_12034.jpg,0
data/processed/cats/Cat_12036.jpg,0
data/processed/cats/Cat_12037.jpg,0
data/processed/cats/Cat_12038.jpg,0
data/processed/cats/Cat_12039.jpg,0
data/processed/cats/Cat_1204.jpg,0
data/processed/cats/Cat_12040.jpg,0
data/processed/cats/Cat_12041.jpg,0
data/processed/cats/Cat_12042.jpg,0
data/processed/cats/Cat_12043.jpg,0
data/processed/cats/Cat_12044.jpg,0
data/processed/cats/Cat_12045.jpg,0
data/processed/cats/Cat_12046.jpg,0
data/processed/cats/Cat_12049.jpg,0
data/processed/cats/Cat_1205.jpg,0
data/processed/cats/Cat_12050.jpg,0
data/processed/cats/Cat_12051.jpg,0
data/processed/cats/Cat_12052.jpg,0
data/processed/cats/Cat_12053.jpg,0
data/processed/cats/Cat_12054.jpg,0
data/processed/cats/Cat_12055.jpg,0
data/processed/cats/Cat_12056.jpg,0
data/processed/cats/Cat_12058.jpg,0
data/processed/cats/Cat_12059.jpg,0
data/processed/cats/Cat_1206.jpg,0
data/processed/cats/Cat_12061.jpg,0
data/processed/cats/Cat_12062.jpg,0
data/processed/cats/Cat_12063.jpg,0
data/processed/cats/Cat_12064.jpg,0
data/processed/cats/Cat_12065.jpg,0
data/processed/cats/Cat_12066.jpg,0
data/processed/cats/Cat_12067.jpg,0
data/processed/cats/Cat_12068.jpg,0
data/processed/cats/Cat_12069.jpg,0
data/processed/cats/Cat_1207.jpg,0
data/processed/cats/Cat_12070.jpg,0
data/processed/cats/Cat_12071.jpg,0
data/processed/cats/Cat_12072.jpg,0
data/processed/cats/Cat_12073.jpg,0
data/processed/cats/Cat_12074.jpg,0
data/processed/cats/Cat_12075.jpg,0
data/processed/cats/Cat_12076.jpg,0
data/processed/cats/Cat_12077.jpg,0
data/processed/cats/Cat_12078.jpg,0
data/processed/cats/Cat_12079.jpg,0
data/processed/cats/Cat_1208.jpg,0
data/processed/cats/Cat_12080.jpg,0
data/processed/cats/Cat_12081.jpg,0
data/processed/cats/Cat_12082.jpg,0
data/processed/cats/Cat_12083.jpg,0
data/processed/cats/Cat_12084.jpg,0
data/processed/cats/Cat_12085.jpg,0
data/processed/cats/Cat_12086.jpg,0
data/processed/cats/Cat_12088.jpg,0
data/processed/cats/Cat_12089.jpg,0
data/processed/cats/Cat_1209.jpg,0
data/processed/cats/Cat_12090.jpg,0
data/processed/cats/Cat_12092.jpg,0
data/processed/cats/Cat_12093.jpg,0
data/processed/cats/Cat_12094.jpg,0
data/processed/cats/Cat_12095.jpg,0
data/processed/cats/Cat_12096.jpg,0
data/processed/cats/Cat_12097.jpg,0
data/processed/cats/Cat_12098.jpg,0
data/processed/cats/Cat_12099.jpg,0
data/processed/cats/Cat_1210.jpg,0
data/processed/cats/Cat_12100.jpg,0
data/processed/cats/Cat_12101.jpg,0
data/processed/cats/Cat_12102.jpg,0
data/processed/cats/Cat_12103.jpg,0
data/processed/cats/Cat_12104.jpg,0
data/processed/cats/Cat_12106.jpg,0
data/processed/cats/Cat_12107.jpg,0
data/processed/cats/Cat_12108.jpg,0
data/processed/cats/Cat_12109.jpg,0
data/processed/cats/Cat_1211.jpg,0
data/processed/cats/Cat_12111.jpg,0
data/processed/cats/Cat_12112.jpg,0
data/processed/cats/Cat_12113.jpg,0
data/processed/cats/Cat_12115.jpg,0
data/processed/cats/Cat_12118.jpg,0
data/processed/cats/Cat_12119.jpg,0
data/processed/cats/Cat_12120.jpg,0
data/processed/cats/Cat_12121.jpg,0
data/processed/cats/Cat_12122.jpg,0
data/processed/cats/Cat_12123.jpg,0
data/processed/cats/Cat_12124.jpg,0
data/processed/cats/Cat_12126.jpg,0
data/processed/cats/Cat_12127.jpg,0
data/processed/cats/Cat_12129.jpg,0
data/processed/cats/Cat_1213.jpg,0
data/processed/cats/Cat_12131.jpg,0
data/processed/cats/Cat_12132.jpg,0
data/processed/cats/Cat_12133.jpg,0
data/processed/cats/Cat_12134.jpg,0
data/processed/cats/Cat_12135.jpg,0
data/processed/cats/Cat_12136.jpg,0
data/processed/cats/Cat_12137.jpg,0
data/processed/cats/Cat_12138.jpg,0
data/processed/cats/Cat_12139.jpg,0
data/processed/cats/Cat_1214.jpg,0
data/processed/cats/Cat_12142.jpg,0
data/processed/cats/Cat_12144.jpg,0
data/processed/cats/Cat_12145.jpg,0
data/processed/cats/Cat_12146.jpg,0
data/processed/cats/Cat_12147.jpg,0
data/processed/cats/Cat_12148.jpg,0
data/processed/cats/Cat_12149.jpg,0
data/processed/cats/Cat_1215.jpg,0
data/processed/cats/Cat_12151.jpg,0
data/processed/cats/Cat_12152.jpg,0
data/processed/cats/Cat_12154.jpg,0
data/processed/cats/Cat_12155.jpg,0
data/processed/cats/Cat_12156.jpg,0
data/processed/cats/Cat_12157.jpg,0
data/processed/cats/Cat_12158.jpg,0
data/processed/cats/Cat_12159.jpg,0
data/processed/cats/Cat_12160.jpg,0
data/processed/cats/Cat_12161.jpg,0
data/processed/cats/Cat_12162.jpg,0
data/processed/cats/Cat_12163.jpg,0
data/processed/cats/Cat_12165.jpg,0
data/processed/cats/Cat_12166.jpg,0
data/processed/cats/Cat_12167.jpg,0
data/processed/cats/Cat_12168.jpg,0
data/processed/cats/Cat_12169.jpg,0
data/processed/cats/Cat_1217.jpg,0
data/processed/cats/Cat_12170.jpg,0
data/processed/cats/Cat_12171.jpg,0
data/processed/cats/Cat_12172.jpg,0
data/processed/cats/Cat_12173.jpg,0
data/processed/cats/Cat_12175.jpg,0
data/processed/cats/Cat_12177.jpg,0
data/processed/cats/Cat_12178.jpg,0
data/processed/cats/Cat_12179.jpg,0
data/processed/cats/Cat_1218.jpg,0
data/processed/cats/Cat_12180.jpg,0
data/processed/cats/Cat_12183.jpg,0
data/processed/cats/Cat_12185.jpg,0
data/processed/cats/Cat_12186.jpg,0
data/processed/cats/Cat_12188.jpg,0
data/processed/cats/Cat_12189.jpg,0
data/processed/cats/Cat_1219.jpg,0
data/processed/cats/Cat_12190.jpg,0
data/processed/cats/Cat_12191.jpg,0
data/processed/cats/Cat_12192.jpg,0
data/processed/cats/Cat_12193.jpg,0
data/processed/cats/Cat_12194.jpg,0
data/processed/cats/Cat_12195.jpg,0
data/processed/cats/Cat_12197.jpg,0
data/processed/cats/Cat_12198.jpg,0
data/processed/cats/Cat_12199.jpg,0
data/processed/cats/Cat_122.jpg,0
data/processed/cats/Cat_1220.jpg,0
data/processed/cats/Cat_12200.jpg,0
data/processed/cats/Cat_12201.jpg,0
data/processed/cats/Cat_12202.jpg,0
data/processed/cats/Cat_12203.jpg,0
data/processed/cats/Cat_12204.jpg,0
data/processed/cats/Cat_12206.jpg,0
data/processed/cats/Cat_12207.jpg,0
data/processed/cats/Cat_12208.jpg,0
data/processed/cats/Cat_12209.jpg,0
data/processed/cats/Cat_1221.jpg,0
data/processed/cats/Cat_12210.jpg,0
data/processed/cats/Cat_12211.jpg,0
data/processed/cats/Cat_12212.jpg,0
data/processed/cats/Cat_12213.jpg,0
data/processed/cats/Cat_12214.jpg,0
data/processed/cats/Cat_12215.jpg,0
data/processed/cats/Cat_12217.jpg,0
data/processed/cats/Cat_12218.jpg,0
data/processed/cats/Cat_1222.jpg,0
data/processed/cats/Cat_12220.jpg,0
data/processed/cats/Cat_12222.jpg,0
data/processed/cats/Cat_12223.jpg,0
data/processed/cats/Cat_12225.jpg,0
data/processed/cats/Cat_12226.jpg,0
data/processed/cats/Cat_12227.jpg,0
data/processed/cats/Cat_12229.jpg,0
data/processed/cats/Cat_1223.jpg,0
data/processed/cats/Cat_12231.jpg,0
data/processed/cats/Cat_12232.jpg,0
data/processed/cats/Cat_12233.jpg,0
data/processed/cats/Cat_12234.jpg,0
data/processed/cats/Cat_12235.jpg,0
data/processed/cats/Cat_12236.jpg,0
data/processed/cats/Cat_12238.jpg,0
data/processed/cats/Cat_1224.jpg,0
data/processed/cats/Cat_12242.jpg,0
data/processed/cats/Cat_12244.jpg,0
data/processed/cats/Cat_12245.jpg,0
data/processed/cats/Cat_12246.jpg,0
data/processed/cats/Cat_12247.jpg,0
data/processed/cats/Cat_12248.jpg,0
data/processed/cats/Cat_1225.jpg,0
data/processed/cats/Cat_12251.jpg,0
data/processed/cats/Cat_12252.jpg,0
data/processed/cats/Cat_12253.jpg,0
data/processed/cats/Cat_12254.jpg,0
data/processed/cats/Cat_12255.jpg,0
data/processed/cats/Cat_12256.jpg,0
data/processed/cats/Cat_12258.jpg,0
data/processed/cats/Cat_12259.jpg,0
data/processed/cats/Cat_1226.jpg,0
data/processed/cats/Cat_12260.jpg,0
data/processed/cats/Cat_12261.jpg,0
data/processed/cats/Cat_12262.jpg,0
data/processed/cats/Cat_12263.jpg,0
data/processed/cats/Cat_12264.jpg,0
data/processed/cats/Cat_12265.jpg,0
data/processed/cats/Cat_12266.jpg,0
data/processed/cats/Cat_12267.jpg,0
data/processed/cats/Cat_12268.jpg,0
data/processed/cats/Cat_12269.jpg,0
data/processed/cats/Cat_1227.jpg,0
data/processed/cats/Cat_12270.jpg,0
data/processed/cats/Cat_12271.jpg,0
data/processed/cats/Cat_12272.jpg,0
data/processed/cats/Cat_12275.jpg,0
data/processed/cats/Cat_12276.jpg,0
data/processed/cats/Cat_12277.jpg,0
data/processed/cats/Cat_12278.jpg,0
data/processed/cats/Cat_12279.jpg,0
data/processed/cats/Cat_1228.jpg,0
data/processed/cats/Cat_12280.jpg,0
data/processed/cats/Cat_12283.jpg,0
data/processed/cats/Cat_12285.jpg,0
data/processed/cats/Cat_12286.jpg,0
data/processed/cats/Cat_12287.jpg,0
data/processed/cats/Cat_12288.jpg,0
data/processed/cats/Cat_12289.jpg,0
data/processed/cats/Cat_1229.jpg,0
data/processed/cats/Cat_12290.jpg,0
data/processed/cats/Cat_12291.jpg,0
data/processed/cats/Cat_12292.jpg,0
data/processed/cats/Cat_12294.jpg,0
data/processed/cats/Cat_12295.jpg,0
data/processed/cats/Cat_12296.jpg,0
data/processed/cats/Cat_12297.jpg,0
data/processed/cats/Cat_12298.jpg,0
data/processed/cats/Cat_1230.jpg,0
data/processed/cats/Cat_12301.jpg,0
data/processed/cats/Cat_12302.jpg,0
data/processed/cats/Cat_12303.jpg,0
data/processed/cats/Cat_12304.jpg,0
data/processed/cats/Cat_12305.jpg,0
data/processed/cats/Cat_12306.jpg,0
data/processed/cats/Cat_12307.jpg,0
data/processed/cats/Cat_12309.jpg,0
data/processed/cats/Cat_1231.jpg,0
data/processed/cats/Cat_12310.jpg,0
data/processed/cats/Cat_12311.jpg,0
data/processed/cats/Cat_12313.jpg,0
data/processed/cats/Cat_12314.jpg,0
data/processed/cats/Cat_12315.jpg,0
data/processed/cats/Cat_12316.jpg,0
data/processed/cats/Cat_12317.jpg,0
data/processed/cats/Cat_12318.jpg,0
data/processed/cats/Cat_12319.jpg,0
data/processed/cats/Cat_1232.jpg,0
data/processed/cats/Cat_12320.jpg,0
data/processed/cats/Cat_12321.jpg,0
data/processed/cats/Cat_12322.jpg,0
data/processed/cats/Cat_12323.jpg,0
data/processed/cats/Cat_12324.jpg,0
data/processed/cats/Cat_12325.jpg,0
data/processed/cats/Cat_12326.jpg,0
data/processed/cats/Cat_12327.jpg,0
data/processed/cats/Cat_12329.jpg,0
data/processed/cats/Cat_1233.jpg,0
data/processed/cats/Cat_12331.jpg,0
data/processed/cats/Cat_12332.jpg,0
data/processed/cats/Cat_12333.jpg,0
data/processed/cats/Cat_12334.jpg,0
data/processed/cats/Cat_12335.jpg,0
data/processed/cats/Cat_12337.jpg,0
data/processed/cats/Cat_12338.jpg,0
data/processed/cats/Cat_12339.jpg,0
data/processed/cats/Cat_1234.jpg,0
data/processed/cats/Cat_12341.jpg,0
data/processed/cats/Cat_12342.jpg,0
data/processed/cats/Cat_12343.jpg,0
data/processed/cats/Cat_12344.jpg,0
data/processed/cats/Cat_12345.jpg,0
data/processed/cats/Cat_12346.jpg,0
data/processed/cats/Cat_12347.jpg,0
data/processed/cats/Cat_12349.jpg,0
data/processed/cats/Cat_1235.jpg,0
data/processed/cats/Cat_12350.jpg,0
data/processed/cats/Cat_12351.jpg,0
data/processed/cats/Cat_12352.jpg,0
data/processed/cats/Cat_12353.jpg,0
data/processed/cats/Cat_12354.jpg,0
data/processed/cats/Cat_12355.jpg,0
data/processed/cats/Cat_12356.jpg,0
data/processed/cats/Cat_12357.jpg,0
data/processed/cats/Cat_12358.jpg,0
data/processed/cats/Cat_12359.jpg,0
data/processed/cats/Cat_1236.jpg,0
data/processed/cats/Cat_12360.jpg,0
data/processed/cats/Cat_12361.jpg,0
data/processed/cats/Cat_12362.jpg,0
data/processed/cats/Cat_12363.jpg,0
data/processed/cats/Cat_12364.jpg,0
data/processed/cats/Cat_12365.jpg,0
data/processed/cats/Cat_12367.jpg,0
data/processed/cats/Cat_12368.jpg,0
data/processed/cats/Cat_1237.jpg,0
data/processed/cats/Cat_12370.jpg,0
data/processed/cats/Cat_12371.jpg,0
data/processed/cats/Cat_12372.jpg,0
data/processed/cats/Cat_12373.jpg,0
data/processed/cats/Cat_12374.jpg,0
data/processed/cats/Cat_12375.jpg,0
data/processed/cats/Cat_12376.jpg,0
data/processed/cats/Cat_12377.jpg,0
data/processed/cats/Cat_12379.jpg,0
data/processed/cats/Cat_1238.jpg,0
data/processed/cats/Cat_12380.jpg,0
data/processed/cats/Cat_12381.jpg,0
data/processed/cats/Cat_12382.jpg,0
data/processed/cats/Cat_12383.jpg,0
data/processed/cats/Cat_12384.jpg,0
data/processed/cats/Cat_12385.jpg,0
data/processed/cats/Cat_12386.jpg,0
data/processed/cats/Cat_12387.jpg,0
data/processed/cats/Cat_12388.jpg,0
data/processed/cats/Cat_12389.jpg,0
data/processed/cats/Cat_1239.jpg,0
data/processed/cats/Cat_12390.jpg,0
data/processed/cats/Cat_12391.jpg,0
data/processed/cats/Cat_12392.jpg,0
data/processed/cats/Cat_12393.jpg,0
data/processed/cats/Cat_12394.jpg,0
data/processed/cats/Cat_12395.jpg,0
data/processed/cats/Cat_12397.jpg,0
data/processed/cats/Cat_12399.jpg,0
data/processed/cats/Cat_124.jpg,0
data/processed/cats/Cat_1240.jpg,0
data/processed/cats/Cat_12400.jpg,0
data/processed/cats/Cat_12402.jpg,0
data/processed/cats/Cat_12404.jpg,0
data/processed/cats/Cat_12405.jpg,0
data/processed/cats/Cat_12406.jpg,0
data/processed/cats/Cat_12407.jpg,0
data/processed/cats/Cat_12409.jpg,0
data/processed/cats/Cat_12410.jpg,0
data/processed/cats/Cat_12411.jpg,0
data/processed/cats/Cat_12412.jpg,0
data/processed/cats/Cat_12413.jpg,0
data/processed/cats/Cat_12414.jpg,0
data/processed/cats/Cat_12415.jpg,0
data/processed/cats/Cat_12416.jpg,0
data/processed/cats/Cat_12417.jpg,0
data/processed/cats/Cat_12418.jpg,0
data/processed/cats/Cat_12419.jpg,0
data/processed/cats/Cat_1242.jpg,0
data/processed/cats/Cat_12421.jpg,0
data/processed/cats/Cat_12423.jpg,0
data/processed/cats/Cat_12424.jpg,0
data/processed/cats/Cat_12425.jpg,0
data/processed/cats/Cat_12426.jpg,0
data/processed/cats/Cat_12427.jpg,0
data/processed/cats/Cat_12428.jpg,0
data/processed/cats/Cat_12429.jpg,0
data/processed/cats/Cat_12430.jpg,0
data/processed/cats/Cat_12431.jpg,0
data/processed/cats/Cat_12432.jpg,0
data/processed/cats/Cat_12433.jpg,0
data/processed/cats/Cat_12435.jpg,0
data/processed/cats/Cat_12436.jpg,0
data/processed/cats/Cat_1244.jpg,0
data/processed/cats/Cat_12440.jpg,0
data/processed/cats/Cat_12441.jpg,0
data/processed/cats/Cat_12443.jpg,0
data/processed/cats/Cat_12446.jpg,0
data/processed/cats/Cat_12447.jpg,0
data/processed/cats/Cat_12448.jpg,0
data/processed/cats/Cat_12449.jpg,0
data/processed/cats/Cat_1245.jpg,0
data/processed/cats/Cat_12450.jpg,0
data/processed/cats/Cat_12451.jpg,0
data/processed/cats/Cat_12452.jpg,0
data/processed/cats/Cat_12453.jpg,0
data/processed/cats/Cat_12454.jpg,0
data/processed/cats/Cat_12456.jpg,0
data/processed/cats/Cat_12459.jpg,0
data/processed/cats/Cat_12460.jpg,0
data/processed/cats/Cat_12464.jpg,0
data/processed/cats/Cat_12465.jpg,0
data/processed/cats/Cat_12466.jpg,0
data/processed/cats/Cat_12469.jpg,0
data/processed/cats/Cat_12470.jpg,0
data/processed/cats/Cat_12471.jpg,0
data/processed/cats/Cat_12472.jpg,0
data/processed/cats/Cat_12473.jpg,0
data/processed/cats/Cat_12475.jpg,0
data/processed/cats/Cat_12476.jpg,0
data/processed/cats/Cat_12477.jpg,0
data/processed/cats/Cat_12478.jpg,0
data/processed/cats/Cat_12479.jpg,0
data/processed/cats/Cat_1248.jpg,0
data/processed/cats/Cat_12480.jpg,0
data/processed/cats/Cat_12481.jpg,0
data/processed/cats/Cat_12482.jpg,0
data/processed/cats/Cat_12483.jpg,0
data/processed/cats/Cat_12484.jpg,0
data/processed/cats/Cat_12485.jpg,0
data/processed/cats/Cat_12486.jpg,0
data/processed/cats/Cat_12487.jpg,0
data/processed/cats/Cat_12488.jpg,0
data/processed/cats/Cat_1249.jpg,0
data/processed/cats/Cat_12490.jpg,0
data/processed/cats/Cat_12491.jpg,0
data/processed/cats/Cat_12493.jpg,0
data/processed/cats/Cat_12494.jpg,0
data/processed/cats/Cat_12495.jpg,0
data/processed/cats/Cat_12496.jpg,0
data/processed/cats/Cat_12497.jpg,0
data/processed/cats/Cat_12498.jpg,0
data/processed/cats/Cat_125.jpg,0
data/processed/cats/Cat_1250.jpg,0
data/processed/cats/Cat_1252.jpg,0
data/processed/cats/Cat_1253.jpg,0
data/processed/cats/Cat_1256.jpg,0
data/processed/cats/Cat_1257.jpg,0
data/processed/cats/Cat_1258.jpg,0
data/processed/cats/Cat_126.jpg,0
data/processed/cats/Cat_1260.jpg,0
data/processed/cats/Cat_1261.jpg,0
data/processed/cats/Cat_1262.jpg,0
data/processed/cats/Cat_1263.jpg,0
data/processed/cats/Cat_1264.jpg,0
data/processed/cats/Cat_1266.jpg,0
data/processed/cats/Cat_1267.jpg,0
data/processed/cats/Cat_1268.jpg,0
data/processed/cats/Cat_1269.jpg,0
data/processed/cats/Cat_127.jpg,0
data/processed/cats/Cat_1270.jpg,0
data/processed/cats/Cat_1271.jpg,0
data/processed/cats/Cat_1272.jpg,0
data/processed/cats/Cat_1274.jpg,0
data/processed/cats/Cat_1276.jpg,0
data/processed/cats/Cat_1277.jpg,0
data/processed/cats/Cat_1279.jpg,0
data/processed/cats/Cat_128.jpg,0
data/processed/cats/Cat_1281.jpg,0
data/processed/cats/Cat_1282.jpg,0
data/processed/cats/Cat_1284.jpg,0
data/processed/cats/Cat_1285.jpg,0
data/processed/cats/Cat_1286.jpg,0
data/processed/cats/Cat_1287.jpg,0
data/processed/cats/Cat_1288.jpg,0
data/processed/cats/Cat_1289.jpg,0
data/processed/cats/Cat_1290.jpg,0
data/processed/cats/Cat_1291.jpg,0
data/processed/cats/Cat_1292.jpg,0
data/processed/cats/Cat_1293.jpg,0
data/processed/cats/Cat_1294.jpg,0
data/processed/cats/Cat_1295.jpg,0
data/processed/cats/Cat_1296.jpg,0
data/processed/cats/Cat_1298.jpg,0
data/processed/cats/Cat_1299.jpg,0
data/processed/cats/Cat_13.jpg,0
data/processed/cats/Cat_130.jpg,0
data/processed/cats/Cat_1300.jpg,0
data/processed/cats/Cat_1303.jpg,0
data/processed/cats/Cat_1304.jpg,0
data/processed/cats/Cat_1305.jpg,0
data/processed/cats/Cat_1306.jpg,0
data/processed/cats/Cat_1308.jpg,0
data/processed/cats/Cat_1309.jpg,0
data/processed/cats/Cat_131.jpg,0
data/processed/cats/Cat_1310.jpg,0
data/processed/cats/Cat_1312.jpg,0
data/processed/cats/Cat_1313.jpg,0
data/processed/cats/Cat_1315.jpg,0
data/processed/cats/Cat_1316.jpg,0
data/processed/cats/Cat_1317.jpg,0
data/processed/cats/Cat_1318.jpg,0
data/processed/cats/Cat_1319.jpg,0
data/processed/cats/Cat_132.jpg,0
data/processed/cats/Cat_1320.jpg,0
data/processed/cats/Cat_1321.jpg,0
data/processed/cats/Cat_1322.jpg,0
data/processed/cats/Cat_1323.jpg,0
data/processed/cats/Cat_1325.jpg,0
data/processed/cats/Cat_1326.jpg,0
data/processed/cats/Cat_1328.jpg,0
data/processed/cats/Cat_1329.jpg,0
data/processed/cats/Cat_1330.jpg,0
data/processed/cats/Cat_1333.jpg,0
data/processed/cats/Cat_1334.jpg,0
data/processed/cats/Cat_1336.jpg,0
data/processed/cats/Cat_1337.jpg,0
data/processed/cats/Cat_1339.jpg,0
data/processed/cats/Cat_134.jpg,0
data/processed/cats/Cat_1340.jpg,0
data/processed/cats/Cat_1341.jpg,0
data/processed/cats/Cat_1342.jpg,0
data/processed/cats/Cat_1343.jpg,0
data/processed/cats/Cat_1344.jpg,0
data/processed/cats/Cat_1345.jpg,0
data/processed/cats/Cat_1346.jpg,0
data/processed/cats/Cat_1347.jpg,0
data/processed/cats/Cat_1348.jpg,0
data/processed/cats/Cat_1349.jpg,0
data/processed/cats/Cat_1350.jpg,0
data/processed/cats/Cat_1351.jpg,0
data/processed/cats/Cat_1352.jpg,0
data/processed/cats/Cat_1353.jpg,0
data/processed/cats/Cat_1355.jpg,0
data/processed/cats/Cat_1357.jpg,0
data/processed/cats/Cat_1358.jpg,0
data/processed/cats/Cat_1359.jpg,0
data/processed/cats/Cat_136.jpg,0
data/processed/cats/Cat_1360.jpg,0
data/processed/cats/Cat_1361.jpg,0
data/processed/cats/Cat_1362.jpg,0
data/processed/cats/Cat_1363.jpg,0
data/processed/cats/Cat_1364.jpg,0
data/processed/cats/Cat_1365.jpg,0
data/processed/cats/Cat_1366.jpg,0
data/processed/cats/Cat_1367.jpg,0
data/processed/cats/Cat_1369.jpg,0
data/processed/cats/Cat_137.jpg,0
data/processed/cats/Cat_1371.jpg,0
data/processed/cats/Cat_1372.jpg,0
data/processed/cats/Cat_1373.jpg,0
data/processed/cats/Cat_1374.jpg,0
data/processed/cats/Cat_1375.jpg,0
data/processed/cats/Cat_1377.jpg,0
data/processed/cats/Cat_1378.jpg,0
data/processed/cats/Cat_138.jpg,0
data/processed/cats/Cat_1380.jpg,0
data/processed/cats/Cat_1381.jpg,0
data/processed/cats/Cat_1382.jpg,0
data/processed/cats/Cat_1383.jpg,0
data/processed/cats/Cat_1384.jpg,0
data/processed/cats/Cat_1385.jpg,0
data/processed/cats/Cat_1387.jpg,0
data/processed/cats/Cat_1388.jpg,0
data/processed/cats/Cat_1389.jpg,0
data/processed/cats/Cat_139.jpg,0
data/processed/cats/Cat_1390.jpg,0
data/processed/cats/Cat_1391.jpg,0
data/processed/cats/Cat_1392.jpg,0
data/processed/cats/Cat_1393.jpg,0
data/processed/cats/Cat_1394.jpg,0
data/processed/cats/Cat_1395.jpg,0
data/processed/cats/Cat_1396.jpg,0
data/processed/cats/Cat_1397.jpg,0
data/processed/cats/Cat_1398.jpg,0
data/processed/cats/Cat_1399.jpg,0
data/processed/cats/Cat_140.jpg,0
data/processed/cats/Cat_1400.jpg,0
data/processed/cats/Cat_1401.jpg,0
data/processed/cats/Cat_1403.jpg,0
data/processed/cats/Cat_1404.jpg,0
data/processed/cats/Cat_1405.jpg,0
data/processed/cats/Cat_1406.jpg,0
data/processed/cats/Cat_1407.jpg,0
data/processed/cats/Cat_1408.jpg,0
data/processed/cats/Cat_1409.jpg,0
data/processed/cats/Cat_1410.jpg,0
data/processed/cats/Cat_1411.jpg,0
data/processed/cats/Cat_1413.jpg,0
data/processed/cats/Cat_1414.jpg,0
data/processed/cats/Cat_1416.jpg,0
data/processed/cats/Cat_1417.jpg,0
data/processed/cats/Cat_1419.jpg,0
data/processed/cats/Cat_1420.jpg,0
data/processed/cats/Cat_1421.jpg,0
data/processed/cats/Cat_1422.jpg,0
data/processed/cats/Cat_1423.jpg,0
data/processed/cats/Cat_1424.jpg,0
data/processed/cats/Cat_1427.jpg,0
data/processed/cats/Cat_1429.jpg,0
data/processed/cats/Cat_143.jpg,0
data/processed/cats/Cat_1430.jpg,0
data/processed/cats/Cat_1431.jpg,0
data/processed/cats/Cat_1433.jpg,0
data/processed/cats/Cat_1434.jpg,0
data/processed/cats/Cat_1435.jpg,0
data/processed/cats/Cat_1436.jpg,0
data/processed/cats/Cat_1437.jpg,0
data/processed/cats/Cat_1439.jpg,0
data/processed/cats/Cat_144.jpg,0
data/processed/cats/Cat_1440.jpg,0
data/processed/cats/Cat_1441.jpg,0
data/processed/cats/Cat_1442.jpg,0
data/processed/cats/Cat_1443.jpg,0
data/processed/cats/Cat_1444.jpg,0
data/processed/cats/Cat_1445.jpg,0
data/processed/cats/Cat_1446.jpg,0
data/processed/cats/Cat_1447.jpg,0
data/processed/cats/Cat_1448.jpg,0
data/processed/cats/Cat_1449.jpg,0
data/processed/cats/Cat_145.jpg,0
data/processed/cats/Cat_1450.jpg,0
data/processed/cats/Cat_1453.jpg,0
data/processed/cats/Cat_1454.jpg,0
data/processed/cats/Cat_1455.jpg,0
data/processed/cats/Cat_1457.jpg,0
data/processed/cats/Cat_1458.jpg,0
data/processed/cats/Cat_1459.jpg,0
data/processed/cats/Cat_146.jpg,0
data/processed/cats/Cat_1460.jpg,0
data/processed/cats/Cat_1461.jpg,0
data/processed/cats/Cat_1462.jpg,0
data/processed/cats/Cat_1463.jpg,0
data/processed/cats/Cat_1464.jpg,0
data/processed/cats/Cat_1465.jpg,0
data/processed/cats/Cat_1467.jpg,0
data/processed/cats/Cat_1468.jpg,0
data/processed/cats/Cat_1469.jpg,0
data/processed/cats/Cat_147.jpg,0
data/processed/cats/Cat_1470.jpg,0
data/processed/cats/Cat_1471.jpg,0
data/processed/cats/Cat_1472.jpg,0
data/processed/cats/Cat_1474.jpg,0
data/processed/cats/Cat_1476.jpg,0
data/processed/cats/Cat_1477.jpg,0
data/processed/cats/Cat_1478.jpg,0
data/processed/cats/Cat_1479.jpg,0
data/processed/cats/Cat_148.jpg,0
data/processed/cats/Cat_1481.jpg,0
data/processed/cats/Cat_1482.jpg,0
data/processed/cats/Cat_1483.jpg,0
data/processed/cats/Cat_1487.jpg,0
data/processed/cats/Cat_1488.jpg,0
data/processed/cats/Cat_1489.jpg,0
data/processed/cats/Cat_149.jpg,0
data/processed/cats/Cat_1490.jpg,0
data/processed/cats/Cat_1491.jpg,0
data/processed/cats/Cat_1492.jpg,0
data/processed/cats/Cat_1493.jpg,0
data/processed/cats/Cat_1495.jpg,0
data/processed/cats/Cat_1496.jpg,0
data/processed/cats/Cat_1498.jpg,0
data/processed/cats/Cat_15.jpg,0
data/processed/cats/Cat_150.jpg,0
data/processed/cats/Cat_1500.jpg,0
data/processed/cats/Cat_1501.jpg,0
data/processed/cats/Cat_1502.jpg,0
data/processed/cats/Cat_1503.jpg,0
data/processed/cats/Cat_1504.jpg,0
data/processed/cats/Cat_1505.jpg,0
data/processed/cats/Cat_1506.jpg,0
data/processed/cats/Cat_1507.jpg,0
data/processed/cats/Cat_1509.jpg,0
data/processed/cats/Cat_151.jpg,0
data/processed/cats/Cat_1510.jpg,0
data/processed/cats/Cat_1511.jpg,0
data/processed/cats/Cat_1514.jpg,0
data/processed/cats/Cat_1515.jpg,0
data/processed/cats/Cat_1516.jpg,0
data/processed/cats/Cat_1517.jpg,0
data/processed/cats/Cat_1518.jpg,0
data/processed/cats/Cat_1519.jpg,0
data/processed/cats/Cat_152.jpg,0
data/processed/cats/Cat_1521.jpg,0
data/processed/cats/Cat_1523.jpg,0
data/processed/cats/Cat_1524.jpg,0
data/processed/cats/Cat_1526.jpg,0
data/processed/cats/Cat_1527.jpg,0
data/processed/cats/Cat_1528.jpg,0
data/processed/cats/Cat_1529.jpg,0
data/processed/cats/Cat_153.jpg,0
data/processed/cats/Cat_1530.jpg,0
data/processed/cats/Cat_1532.jpg,0
data/processed/cats/Cat_1533.jpg,0
data/processed/cats/Cat_1534.jpg,0
data/processed/cats/Cat_1536.jpg,0
data/processed/cats/Cat_1538.jpg,0
data/processed/cats/Cat_1539.jpg,0
data/processed/cats/Cat_154.jpg,0
data/processed/cats/Cat_1540.jpg,0
data/processed/cats/Cat_1542.jpg,0
data/processed/cats/Cat_1543.jpg,0
data/processed/cats/Cat_1544.jpg,0
data/processed/cats/Cat_1546.jpg,0
data/processed/cats/Cat_1547.jpg,0
data/processed/cats/Cat_1548.jpg,0
data/processed/cats/Cat_1549.jpg,0
data/processed/cats/Cat_155.jpg,0
data/processed/cats/Cat_1550.jpg,0
data/processed/cats/Cat_1551.jpg,0
data/processed/cats/Cat_1552.jpg,0
data/processed/cats/Cat_1554.jpg,0
data/processed/cats/Cat_1555.jpg,0
data/processed/cats/Cat_1556.jpg,0
data/processed/cats/Cat_1557.jpg,0
data/processed/cats/Cat_1558.jpg,0
data/processed/cats/Cat_1559.jpg,0
data/processed/cats/Cat_1560.jpg,0
data/processed/cats/Cat_1561.jpg,0
data/processed/cats/Cat_1562.jpg,0
data/processed/cats/Cat_1563.jpg,0
data/processed/cats/Cat_1564.jpg,0
data/processed/cats/Cat_1565.jpg,0
data/processed/cats/Cat_1566.jpg,0
data/processed/cats/Cat_1567.jpg,0
data/processed/cats/Cat_1568.jpg,0
data/processed/cats/Cat_1569.jpg,0
data/processed/cats/Cat_157.jpg,0
data/processed/cats/Cat_1570.jpg,0
data/processed/cats/Cat_1571.jpg,0
data/processed/cats/Cat_1573.jpg,0
data/processed/cats/Cat_1574.jpg,0
data/processed/cats/Cat_1576.jpg,0
data/processed/cats/Cat_1577.jpg,0
data/processed/cats/Cat_1579.jpg,0
data/processed/cats/Cat_158.jpg,0
data/processed/cats/Cat_1581.jpg,0
data/processed/cats/Cat_1582.jpg,0
data/processed/cats/Cat_1583.jpg,0
data/processed/cats/Cat_1584.jpg,0
data/processed/cats/Cat_1586.jpg,0
data/processed/cats/Cat_1587.jpg,0
data/processed/cats/Cat_1589.jpg,0
data/processed/cats/Cat_1590.jpg,0
data/processed/cats/Cat_1591.jpg,0
data/processed/cats/Cat_1592.jpg,0
data/processed/cats/Cat_1593.jpg,0
data/processed/cats/Cat_1594.jpg,0
data/processed/cats/Cat_1595.jpg,0
data/processed/cats/Cat_1596.jpg,0
data/processed/cats/Cat_1597.jpg,0
data/processed/cats/Cat_1598.jpg,0
data/processed/cats/Cat_1599.jpg,0
data/processed/cats/Cat_16.jpg,0
data/processed/cats/Cat_160.jpg,0
data/processed/cats/Cat_1601.jpg,0
data/processed/cats/Cat_1602.jpg,0
data/processed/cats/Cat_1605.jpg,0
data/processed/cats/Cat_1606.jpg,0
data/processed/cats/Cat_161.jpg,0
data/processed/cats/Cat_1610.jpg,0
data/processed/cats/Cat_1611.jpg,0
data/processed/cats/Cat_1612.jpg,0
data/processed/cats/Cat_1613.jpg,0
data/processed/cats/Cat_1614.jpg,0
data/processed/cats/Cat_1616.jpg,0
data/processed/cats/Cat_1617.jpg,0
data/processed/cats/Cat_1618.jpg,0
data/processed/cats/Cat_1619.jpg,0
data/processed/cats/Cat_1621.jpg,0
data/processed/cats/Cat_1622.jpg,0
data/processed/cats/Cat_1623.jpg,0
data/processed/cats/Cat_1624.jpg,0
data/processed/cats/Cat_1625.jpg,0
data/processed/cats/Cat_1626.jpg,0
data/processed/cats/Cat_1627.jpg,0
data/processed/cats/Cat_1628.jpg,0
data/processed/cats/Cat_1629.jpg,0
data/processed/cats/Cat_163.jpg,0
data/processed/cats/Cat_1630.jpg,0
data/processed/cats/Cat_1631.jpg,0
data/processed/cats/Cat_1632.jpg,0
data/processed/cats/Cat_1633.jpg,0
data/processed/cats/Cat_1634.jpg,0
data/processed/cats/Cat_1635.jpg,0
data/processed/cats/Cat_1636.jpg,0
data/processed/cats/Cat_1637.jpg,0
data/processed/cats/Cat_1638.jpg,0
data/processed/cats/Cat_1639.jpg,0
data/processed/cats/Cat_164.jpg,0
data/processed/cats/Cat_1640.jpg,0
data/processed/cats/Cat_1641.jpg,0
data/processed/cats/Cat_1643.jpg,0
data/processed/cats/Cat_1644.jpg,0
data/processed/cats/Cat_1645.jpg,0
data/processed/cats/Cat_1646.jpg,0
data/processed/cats/Cat_1647.jpg,0
data/processed/cats/Cat_1648.jpg,0
data/processed/cats/Cat_1651.jpg,0
data/processed/cats/Cat_1652.jpg,0
data/processed/cats/Cat_1654.jpg,0
data/processed/cats/Cat_1656.jpg,0
data/processed/cats/Cat_1657.jpg,0
data/processed/cats/Cat_1658.jpg,0
data/processed/cats/Cat_1659.jpg,0
data/processed/cats/Cat_166.jpg,0
data/processed/cats/Cat_1660.jpg,0
data/processed/cats/Cat_1661.jpg,0
data/processed/cats/Cat_1662.jpg,0
data/processed/cats/Cat_1664.jpg,0
data/processed/cats/Cat_1667.jpg,0
data/processed/cats/Cat_1668.jpg,0
data/processed/cats/Cat_1669.jpg,0
data/processed/cats/Cat_167.jpg,0
data/processed/cats/Cat_1670.jpg,0
data/processed/cats/Cat_1671.jpg,0
data/processed/cats/Cat_1673.jpg,0
data/processed/cats/Cat_1674.jpg,0
data/processed/cats/Cat_1675.jpg,0
data/processed/cats/Cat_1676.jpg,0
data/processed/cats/Cat_1677.jpg,0
data/processed/cats/Cat_1678.jpg,0
data/processed/cats/Cat_1679.jpg,0
data/processed/cats/Cat_168.jpg,0
data/processed/cats/Cat_1680.jpg,0
data/processed/cats/Cat_1681.jpg,0
data/processed/cats/Cat_1682.jpg,0
data/processed/cats/Cat_1683.jpg,0
data/processed/cats/Cat_1684.jpg,0
data/processed/cats/Cat_1685.jpg,0
data/processed/cats/Cat_1686.jpg,0
data/processed/cats/Cat_1687.jpg,0
data/processed/cats/Cat_169.jpg,0
data/processed/cats/Cat_1690.jpg,0
data/processed/cats/Cat_1691.jpg,0
data/processed/cats/Cat_1693.jpg,0
data/processed/cats/Cat_1695.jpg,0
data/processed/cats/Cat_1696.jpg,0
data/processed/cats/Cat_1697.jpg,0
data/processed/cats/Cat_1698.jpg,0
data/processed/cats/Cat_1699.jpg,0
data/processed/cats/Cat_17.jpg,0
data/processed/cats/Cat_170.jpg,0
data/processed/cats/Cat_1700.jpg,0
data/processed/cats/Cat_1701.jpg,0
data/processed/cats/Cat_1702.jpg,0
data/processed/cats/Cat_1703.jpg,0
data/processed/cats/Cat_1704.jpg,0
data/processed/cats/Cat_1705.jpg,0
data/processed/cats/Cat_1706.jpg,0
data/processed/cats/Cat_1707.jpg,0
data/processed/cats/Cat_1708.jpg,0
data/processed/cats/Cat_1709.jpg,0
data/processed/cats/Cat_1711.jpg,0
data/processed/cats/Cat_1713.jpg,0
data/processed/cats/Cat_1714.jpg,0
data/processed/cats/Cat_1715.jpg,0
data/processed/cats/Cat_1716.jpg,0
data/processed/cats/Cat_1717.jpg,0
data/processed/cats/Cat_1719.jpg,0
data/processed/cats/Cat_1720.jpg,0
data/processed/cats/Cat_1722.jpg,0
data/processed/cats/Cat_1723.jpg,0
data/processed/cats/Cat_1724.jpg,0
data/processed/cats/Cat_1725.jpg,0
data/processed/cats/Cat_1726.jpg,0
data/processed/cats/Cat_1728.jpg,0
data/processed/cats/Cat_1729.jpg,0
data/processed/cats/Cat_173.jpg,0
data/processed/cats/Cat_1730.jpg,0
data/processed/cats/Cat_1731.jpg,0
data/processed/cats/Cat_1732.jpg,0
data/processed/cats/Cat_1733.jpg,0
data/processed/cats/Cat_1734.jpg,0
data/processed/cats/Cat_1735.jpg,0
data/processed/cats/Cat_1736.jpg,0
data/processed/cats/Cat_1737.jpg,0
data/processed/cats/Cat_1738.jpg,0
data/processed/cats/Cat_1739.jpg,0
data/processed/cats/Cat_1740.jpg,0
data/processed/cats/Cat_1741.jpg,0
data/processed/cats/Cat_1743.jpg,0
data/processed/cats/Cat_1744.jpg,0
data/processed/cats/Cat_1746.jpg,0
data/processed/cats/Cat_1747.jpg,0
data/processed/cats/Cat_1748.jpg,0
data/processed/cats/Cat_1749.jpg,0
data/processed/cats/Cat_1750.jpg,0
data/processed/cats/Cat_1751.jpg,0
data/processed/cats/Cat_1752.jpg,0
data/processed/cats/Cat_1753.jpg,0
data/processed/cats/Cat_1754.jpg,0
data/processed/cats/Cat_1755.jpg,0
data/processed/cats/Cat_1758.jpg,0
data/processed/cats/Cat_176.jpg,0
data/processed/cats/Cat_1760.jpg,0
data/processed/cats/Cat_1761.jpg,0
data/processed/cats/Cat_1762.jpg,0
data/processed/cats/Cat_1763.jpg,0
data/processed/cats/Cat_1764.jpg,0
data/processed/cats/Cat_1765.jpg,0
data/processed/cats/Cat_1766.jpg,0
data/processed/cats/Cat_1768.jpg,0
data/processed/cats/Cat_177.jpg,0
data/processed/cats/Cat_1770.jpg,0
data/processed/cats/Cat_1771.jpg,0
data/processed/cats/Cat_1772.jpg,0
data/processed/cats/Cat_1773.jpg,0
data/processed/cats/Cat_1774.jpg,0
data/processed/cats/Cat_1775.jpg,0
data/processed/cats/Cat_1776.jpg,0
data/processed/cats/Cat_1777.jpg,0
data/processed/cats/Cat_1778.jpg,0
data/processed/cats/Cat_1779.jpg,0
data/processed/cats/Cat_1780.jpg,0
data/processed/cats/Cat_1781.jpg,0
data/processed/cats/Cat_1782.jpg,0
data/processed/cats/Cat_1783.jpg,0
data/processed/cats/Cat_1786.jpg,0
data/processed/cats/Cat_1788.jpg,0
data/processed/cats/Cat_1789.jpg,0
data/processed/cats/Cat_179.jpg,0
data/processed/cats/Cat_1791.jpg,0
data/processed/cats/Cat_1792.jpg,0
data/processed/cats/Cat_1793.jpg,0
data/processed/cats/Cat_1794.jpg,0
data/processed/cats/Cat_1796.jpg,0
data/processed/cats/Cat_1797.jpg,0
data/processed/cats/Cat_1798.jpg,0
data/processed/cats/Cat_18.jpg,0
data/processed/cats/Cat_1800.jpg,0
data/processed/cats/Cat_1801.jpg,0
data/processed/cats/Cat_1803.jpg,0
data/processed/cats/Cat_1804.jpg,0
data/processed/cats/Cat_1805.jpg,0
data/processed/cats/Cat_1806.jpg,0
data/processed/cats/Cat_1807.jpg,0
data/processed/cats/Cat_1808.jpg,0
data/processed/cats/Cat_1809.jpg,0
data/processed/cats/Cat_181.jpg,0
data/processed/cats/Cat_1810.jpg,0
data/processed/cats/Cat_1811.jpg,0
data/processed/cats/Cat_1812.jpg,0
data/processed/cats/Cat_1813.jpg,0
data/processed/cats/Cat_1814.jpg,0
data/processed/cats/Cat_1815.jpg,0
data/processed/cats/Cat_1816.jpg,0
data/processed/cats/Cat_1817.jpg,0
data/processed/cats/Cat_1818.jpg,0
data/processed/cats/Cat_1819.jpg,0
data/processed/cats/Cat_182.jpg,0
data/processed/cats/Cat_1820.jpg,0
data/processed/cats/Cat_1821.jpg,0
data/processed/cats/Cat_1822.jpg,0
data/processed/cats/Cat_1824.jpg,0
data/processed/cats/Cat_1827.jpg,0
data/processed/cats/Cat_1828.jpg,0
data/processed/cats/Cat_1829.jpg,0
data/processed/cats/Cat_183.jpg,0
data/processed/cats/Cat_1830.jpg,0
data/processed/cats/Cat_1831.jpg,0
data/processed/cats/Cat_1833.jpg,0
data/processed/cats/Cat_1834.jpg,0
data/processed/cats/Cat_1836.jpg,0
data/processed/cats/Cat_1838.jpg,0
data/processed/cats/Cat_1839.jpg,0
data/processed/cats/Cat_184.jpg,0
data/processed/cats/Cat_1841.jpg,0
data/processed/cats/Cat_1842.jpg,0
data/processed/cats/Cat_1843.jpg,0
data/processed/cats/Cat_1845.jpg,0
data/processed/cats/Cat_1846.jpg,0
data/processed/cats/Cat_1847.jpg,0
data/processed/cats/Cat_1849.jpg,0
data/processed/cats/Cat_1850.jpg,0
data/processed/cats/Cat_1851.jpg,0
data/processed/cats/Cat_1852.jpg,0
data/processed/cats/Cat_1853.jpg,0
data/processed/cats/Cat_1857.jpg,0
data/processed/cats/Cat_1858.jpg,0
data/processed/cats/Cat_186.jpg,0
data/processed/cats/Cat_1860.jpg,0
data/processed/cats/Cat_1861.jpg,0
data/processed/cats/Cat_1862.jpg,0
data/processed/cats/Cat_1863.jpg,0
data/processed/cats/Cat_1865.jpg,0
data/processed/cats/Cat_1866.jpg,0
data/processed/cats/Cat_1867.jpg,0
data/processed/cats/Cat_1869.jpg,0
data/processed/cats/Cat_187.jpg,0
data/processed/cats/Cat_1870.jpg,0
data/processed/cats/Cat_1871.jpg,0
data/processed/cats/Cat_1872.jpg,0
data/processed/cats/Cat_1874.jpg,0
data/processed/cats/Cat_1875.jpg,0
data/processed/cats/Cat_1876.jpg,0
data/processed/cats/Cat_1878.jpg,0
data/processed/cats/Cat_1879.jpg,0
data/processed/cats/Cat_188.jpg,0
data/processed/cats/Cat_1880.jpg,0
data/processed/cats/Cat_1881.jpg,0
data/processed/cats/Cat_1882.jpg,0
data/processed/cats/Cat_1883.jpg,0
data/processed/cats/Cat_1884.jpg,0
data/processed/cats/Cat_1885.jpg,0
data/processed/cats/Cat_1887.jpg,0
data/processed/cats/Cat_1888.jpg,0
data/processed/cats/Cat_1889.jpg,0
data/processed/cats/Cat_1890.jpg,0
data/processed/cats/Cat_1891.jpg,0
data/processed/cats/Cat_1893.jpg,0
data/processed/cats/Cat_1894.jpg,0
data/processed/cats/Cat_1896.jpg,0
data/processed/cats/Cat_1897.jpg,0
data/processed/cats/Cat_1898.jpg,0
data/processed/cats/Cat_1899.jpg,0
data/processed/cats/Cat_19.jpg,0
data/processed/cats/Cat_190.jpg,0
data/processed/cats/Cat_1900.jpg,0
data/processed/cats/Cat_1901.jpg,0
data/processed/cats/Cat_1902.jpg,0
data/processed/cats/Cat_1905.jpg,0
data/processed/cats/Cat_1906.jpg,0
data/processed/cats/Cat_1909.jpg,0
data/processed/cats/Cat_191.jpg,0
data/processed/cats/Cat_1910.jpg,0
data/processed/cats/Cat_1911.jpg,0
data/processed/cats/Cat_1912.jpg,0
data/processed/cats/Cat_1914.jpg,0
data/processed/cats/Cat_1915.jpg,0
data/processed/cats/Cat_1916.jpg,0
data/processed/cats/Cat_1917.jpg,0
data/processed/cats/Cat_1918.jpg,0
data/processed/cats/Cat_1919.jpg,0
data/processed/cats/Cat_192.jpg,0
data/processed/cats/Cat_1920.jpg,0
data/processed/cats/Cat_1921.jpg,0
data/processed/cats/Cat_1922.jpg,0
data/processed/cats/Cat_1923.jpg,0
data/processed/cats/Cat_1924.jpg,0
data/processed/cats/Cat_1927.jpg,0
data/processed/cats/Cat_1928.jpg,0
data/processed/cats/Cat_1929.jpg,0
data/processed/cats/Cat_193.jpg,0
data/processed/cats/Cat_1930.jpg,0
data/processed/cats/Cat_1931.jpg,0
data/processed/cats/Cat_1932.jpg,0
data/processed/cats/Cat_1933.jpg,0
data/processed/cats/Cat_1934.jpg,0
data/processed/cats/Cat_1935.jpg,0
data/processed/cats/Cat_1936.jpg,0
data/processed/cats/Cat_1937.jpg,0
data/processed/cats/Cat_1938.jpg,0
data/processed/cats/Cat_1939.jpg,0
data/processed/cats/Cat_194.jpg,0
data/processed/cats/Cat_1940.jpg,0
data/processed/cats/Cat_1941.jpg,0
data/processed/cats/Cat_1943.jpg,0
data/processed/cats/Cat_1944.jpg,0
data/processed/cats/Cat_1945.jpg,0
data/processed/cats/Cat_1947.jpg,0
data/processed/cats/Cat_1948.jpg,0
data/processed/cats/Cat_195.jpg,0
data/processed/cats/Cat_1950.jpg,0
data/processed/cats/Cat_1951.jpg,0
data/processed/cats/Cat_1952.jpg,0
data/processed/cats/Cat_1954.jpg,0
data/processed/cats/Cat_1955.jpg,0
data/processed/cats/Cat_1957.jpg,0
data/processed/cats/Cat_1958.jpg,0
data/processed/cats/Cat_1959.jpg,0
data/processed/cats/Cat_1960.jpg,0
data/processed/cats/Cat_1961.jpg,0
data/processed/cats/Cat_1962.jpg,0
data/processed/cats/Cat_1964.jpg,0
data/processed/cats/Cat_1965.jpg,0
data/processed/cats/Cat_1966.jpg,0
data/processed/cats/Cat_1967.jpg,0
data/processed/cats/Cat_1968.jpg,0
data/processed/cats/Cat_1969.jpg,0
data/processed/cats/Cat_1970.jpg,0
data/processed/cats/Cat_1972.jpg,0
data/processed/cats/Cat_1973.jpg,0
data/processed/cats/Cat_1975.jpg,0
data/processed/cats/Cat_1976.jpg,0
data/processed/cats/Cat_1977.jpg,0
data/processed/cats/Cat_1978.jpg,0
data/processed/cats/Cat_1979.jpg,0
data/processed/cats/Cat_198.jpg,0
data/processed/cats/Cat_1981.jpg,0
data/processed/cats/Cat_1982.jpg,0
data/processed/cats/Cat_1984.jpg,0
data/processed/cats/Cat_1986.jpg,0
data/processed/cats/Cat_1988.jpg,0
data/processed/cats/Cat_199.jpg,0
data/processed/cats/Cat_1990.jpg,0
data/processed/cats/Cat_1991.jpg,0
data/processed/cats/Cat_1992.jpg,0
data/processed/cats/Cat_1993.jpg,0
data/processed/cats/Cat_1994.jpg,0
data/processed/cats/Cat_1995.jpg,0
data/processed/cats/Cat_1996.jpg,0
data/processed/cats/Cat_1997.jpg,0
data/processed/cats/Cat_1999.jpg,0
data/processed/cats/Cat_2.jpg,0
data/processed/cats/Cat_20.jpg,0
data/processed/cats/Cat_200.jpg,0
data/processed/cats/Cat_2000.jpg,0
data/processed/cats/Cat_2001.jpg,0
data/processed/cats/Cat_2002.jpg,0
data/processed/cats/Cat_2003.jpg,0
data/processed/cats/Cat_2004.jpg,0
data/processed/cats/Cat_2005.jpg,0
data/processed/cats/Cat_2006.jpg,0
data/processed/cats/Cat_2007.jpg,0
data/processed/cats/Cat_2008.jpg,0
data/processed/cats/Cat_2009.jpg,0
data/processed/cats/Cat_201.jpg,0
data/processed/cats/Cat_2010.jpg,0
data/processed/cats/Cat_2012.jpg,0
data/processed/cats/Cat_2014.jpg,0
data/processed/cats/Cat_2016.jpg,0
data/processed/cats/Cat_2018.jpg,0
data/processed/cats/Cat_2019.jpg,0
data/processed/cats/Cat_2020.jpg,0
data/processed/cats/Cat_2022.jpg,0
data/processed/cats/Cat_2024.jpg,0
data/processed/cats/Cat_2025.jpg,0
data/processed/cats/Cat_2026.jpg,0
data/processed/cats/Cat_2028.jpg,0
data/processed/cats/Cat_2029.jpg,0
data/processed/cats/Cat_203.jpg,0
data/processed/cats/Cat_2030.jpg,0
data/processed/cats/Cat_2031.jpg,0
data/processed/cats/Cat_2032.jpg,0
data/processed/cats/Cat_2033.jpg,0
data/processed/cats/Cat_2034.jpg,0
data/processed/cats/Cat_2035.jpg,0
data/processed/cats/Cat_2037.jpg,0
data/processed/cats/Cat_2038.jpg,0
data/processed/cats/Cat_2039.jpg,0
data/processed/cats/Cat_204.jpg,0
data/processed/cats/Cat_2040.jpg,0
data/processed/cats/Cat_2041.jpg,0
data/processed/cats/Cat_2042.jpg,0
data/processed/cats/Cat_2043.jpg,0
data/processed/cats/Cat_2044.jpg,0
data/processed/cats/Cat_2045.jpg,0
data/processed/cats/Cat_2047.jpg,0
data/processed/cats/Cat_2048.jpg,0
data/processed/cats/Cat_2049.jpg,0
data/processed/cats/Cat_205.jpg,0
data/processed/cats/Cat_2050.jpg,0
data/processed/cats/Cat_2051.jpg,0
data/processed/cats/Cat_2053.jpg,0
data/processed/cats/Cat_2054.jpg,0
data/processed/cats/Cat_2057.jpg,0
data/processed/cats/Cat_2058.jpg,0
data/processed/cats/Cat_2059.jpg,0
data/processed/cats/Cat_206.jpg,0
data/processed/cats/Cat_2060.jpg,0
data/processed/cats/Cat_2061.jpg,0
data/processed/cats/Cat_2063.jpg,0
data/processed/cats/Cat_2064.jpg,0
data/processed/cats/Cat_2065.jpg,0
data/processed/cats/Cat_2067.jpg,0
data/processed/cats/Cat_2068.jpg,0
data/processed/cats/Cat_2069.jpg,0
data/processed/cats/Cat_207.jpg,0
data/processed/cats/Cat_2070.jpg,0
data/processed/cats/Cat_2071.jpg,0
data/processed/cats/Cat_2072.jpg,0
data/processed/cats/Cat_2075.jpg,0
data/processed/cats/Cat_2076.jpg,0
data/processed/cats/Cat_2077.jpg,0
data/processed/cats/Cat_2078.jpg,0
data/processed/cats/Cat_208.jpg,0
data/processed/cats/Cat_2080.jpg,0
data/processed/cats/Cat_2081.jpg,0
data/processed/cats/Cat_2082.jpg,0
data/processed/cats/Cat_2083.jpg,0
data/processed/cats/Cat_2084.jpg,0
data/processed/cats/Cat_2085.jpg,0
data/processed/cats/Cat_2087.jpg,0
data/processed/cats/Cat_2088.jpg,0
data/processed/cats/Cat_2091.jpg,0
data/processed/cats/Cat_2093.jpg,0
data/processed/cats/Cat_2094.jpg,0
data/processed/cats/Cat_2096.jpg,0
data/processed/cats/Cat_2097.jpg,0
data/processed/cats/Cat_2098.jpg,0
data/processed/cats/Cat_2099.jpg,0
data/processed/cats/Cat_21.jpg,0
data/processed/cats/Cat_2101.jpg,0
data/processed/cats/Cat_2102.jpg,0
data/processed/cats/Cat_2103.jpg,0
data/processed/cats/Cat_2104.jpg,0
data/processed/cats/Cat_2105.jpg,0
data/processed/cats/Cat_2106.jpg,0
data/processed/cats/Cat_2107.jpg,0
data/processed/cats/Cat_2108.jpg,0
data/processed/cats/Cat_211.jpg,0
data/processed/cats/Cat_2110.jpg,0
data/processed/cats/Cat_2112.jpg,0
data/processed/cats/Cat_2113.jpg,0
data/processed/cats/Cat_2115.jpg,0
data/processed/cats/Cat_2116.jpg,0
data/processed/cats/Cat_2118.jpg,0
data/processed/cats/Cat_2119.jpg,0
data/processed/cats/Cat_212.jpg,0
data/processed/cats/Cat_2121.jpg,0
data/processed/cats/Cat_2122.jpg,0
data/processed/cats/Cat_2123.jpg,0
data/processed/cats/Cat_2124.jpg,0
data/processed/cats/Cat_2125.jpg,0
data/processed/cats/Cat_2126.jpg,0
data/processed/cats/Cat_2127.jpg,0
data/processed/cats/Cat_2129.jpg,0
data/processed/cats/Cat_213.jpg,0
data/processed/cats/Cat_2130.jpg,0
data/processed/cats/Cat_2132.jpg,0
data/processed/cats/Cat_2135.jpg,0
data/processed/cats/Cat_2136.jpg,0
data/processed/cats/Cat_2138.jpg,0
data/processed/cats/Cat_2139.jpg,0
data/processed/cats/Cat_2140.jpg,0
data/processed/cats/Cat_2141.jpg,0
data/processed/cats/Cat_2142.jpg,0
data/processed/cats/Cat_2143.jpg,0
data/processed/cats/Cat_2144.jpg,0
data/processed/cats/Cat_2146.jpg,0
data/processed/cats/Cat_2147.jpg,0
data/processed/cats/Cat_2149.jpg,0
data/processed/cats/Cat_215.jpg,0
data/processed/cats/Cat_2150.jpg,0
data/processed/cats/Cat_2151.jpg,0
data/processed/cats/Cat_2152.jpg,0
data/processed/cats/Cat_2153.jpg,0
data/processed/cats/Cat_2154.jpg,0
data/processed/cats/Cat_2155.jpg,0
data/processed/cats/Cat_2156.jpg,0
data/processed/cats/Cat_2158.jpg,0
data/processed/cats/Cat_2159.jpg,0
data/processed/cats/Cat_216.jpg,0
data/processed/cats/Cat_2160.jpg,0
data/processed/cats/Cat_2161.jpg,0
data/processed/cats/Cat_2162.jpg,0
data/processed/cats/Cat_2163.jpg,0
data/processed/cats/Cat_2164.jpg,0
data/processed/cats/Cat_2166.jpg,0
data/processed/cats/Cat_2167.jpg,0
data/processed/cats/Cat_2168.jpg,0
data/processed/cats/Cat_2169.jpg,0
data/processed/cats/Cat_217.jpg,0
data/processed/cats/Cat_2170.jpg,0
data/processed/cats/Cat_2171.jpg,0
data/processed/cats/Cat_2172.jpg,0
data/processed/cats/Cat_2173.jpg,0
data/processed/cats/Cat_2174.jpg,0
data/processed/cats/Cat_2175.jpg,0
data/processed/cats/Cat_2176.jpg,0
data/processed/cats/Cat_2178.jpg,0
data/processed/cats/Cat_218.jpg,0
data/processed/cats/Cat_2181.jpg,0
data/processed/cats/Cat_2182.jpg,0
data/processed/cats/Cat_2183.jpg,0
data/processed/cats/Cat_2185.jpg,0
data/processed/cats/Cat_2186.jpg,0
data/processed/cats/Cat_2187.jpg,0
data/processed/cats/Cat_2188.jpg,0
data/processed/cats/Cat_2189.jpg,0
data/processed/cats/Cat_219.jpg,0
data/processed/cats/Cat_2190.jpg,0
data/processed/cats/Cat_2191.jpg,0
data/processed/cats/Cat_2192.jpg,0
data/processed/cats/Cat_2194.jpg,0
data/processed/cats/Cat_2195.jpg,0
data/processed/cats/Cat_2196.jpg,0
data/processed/cats/Cat_2197.jpg,0
data/processed/cats/Cat_2198.jpg,0
data/processed/cats/Cat_2199.jpg,0
data/processed/cats/Cat_22.jpg,0
data/processed/cats/Cat_220.jpg,0
data/processed/cats/Cat_2200.jpg,0
data/processed/cats/Cat_2201.jpg,0
data/processed/cats/Cat_2202.jpg,0
data/processed/cats/Cat_2204.jpg,0
data/processed/cats/Cat_2205.jpg,0
data/processed/cats/Cat_2207.jpg,0
data/processed/cats/Cat_2209.jpg,0
data/processed/cats/Cat_221.jpg,0
data/processed/cats/Cat_2210.jpg,0
data/processed/cats/Cat_2211.jpg,0
data/processed/cats/Cat_2213.jpg,0
data/processed/cats/Cat_2214.jpg,0
data/processed/cats/Cat_2215.jpg,0
data/processed/cats/Cat_2217.jpg,0
data/processed/cats/Cat_2218.jpg,0
data/processed/cats/Cat_2219.jpg,0
data/processed/cats/Cat_222.jpg,0
data/processed/cats/Cat_2220.jpg,0
data/processed/cats/Cat_2221.jpg,0
data/processed/cats/Cat_2222.jpg,0
data/processed/cats/Cat_2223.jpg,0
data/processed/cats/Cat_2225.jpg,0
data/processed/cats/Cat_2226.jpg,0
data/processed/cats/Cat_2227.jpg,0
data/processed/cats/Cat_2228.jpg,0
data/processed/cats/Cat_2229.jpg,0
data/processed/cats/Cat_223.jpg,0
data/processed/cats/Cat_2230.jpg,0
data/processed/cats/Cat_2231.jpg,0
data/processed/cats/Cat_2232.jpg,0
data/processed/cats/Cat_2233.jpg,0
data/processed/cats/Cat_2235.jpg,0
data/processed/cats/Cat_2237.jpg,0
data/processed/cats/Cat_2238.jpg,0
data/processed/cats/Cat_2239.jpg,0
data/processed/cats/Cat_224.jpg,0
data/processed/cats/Cat_2240.jpg,0
data/processed/cats/Cat_2241.jpg,0
data/processed/cats/Cat_2242.jpg,0
data/processed/cats/Cat_2243.jpg,0
data/processed/cats/Cat_2244.jpg,0
data/processed/cats/Cat_2245.jpg,0
data/processed/cats/Cat_2246.jpg,0
data/processed/cats/Cat_2247.jpg,0
data/processed/cats/Cat_2248.jpg,0
data/processed/cats/Cat_225.jpg,0
data/processed/cats/Cat_2250.jpg,0
data/processed/cats/Cat_2251.jpg,0
data/processed/cats/Cat_2252.jpg,0
data/processed/cats/Cat_2253.jpg,0
data/processed/cats/Cat_2254.jpg,0
data/processed/cats/Cat_2256.jpg,0
data/processed/cats/Cat_2257.jpg,0
data/processed/cats/Cat_2259.jpg,0
data/processed/cats/Cat_226.jpg,0
data/processed/cats/Cat_2260.jpg,0
data/processed/cats/Cat_2261.jpg,0
data/processed/cats/Cat_2262.jpg,0
data/processed/cats/Cat_2263.jpg,0
data/processed/cats/Cat_2264.jpg,0
data/processed/cats/Cat_2265.jpg,0
data/processed/cats/Cat_2266.jpg,0
data/processed/cats/Cat_2267.jpg,0
data/processed/cats/Cat_2269.jpg,0
data/processed/cats/Cat_2270.jpg,0
data/processed/cats/Cat_2271.jpg,0
data/processed/cats/Cat_2272.jpg,0
data/processed/cats/Cat_2273.jpg,0
data/processed/cats/Cat_2274.jpg,0
data/processed/cats/Cat_2275.jpg,0
data/processed/cats/Cat_2276.jpg,0
data/processed/cats/Cat_2277.jpg,0
data/processed/cats/Cat_2278.jpg,0
data/processed/cats/Cat_2279.jpg,0
data/processed/cats/Cat_228.jpg,0
data/processed/cats/Cat_2282.jpg,0
data/processed/cats/Cat_2283.jpg,0
data/processed/cats/Cat_2284.jpg,0
data/processed/cats/Cat_2286.jpg,0
data/processed/cats/Cat_2287.jpg,0
data/processed/cats/Cat_2288.jpg,0
data/processed/cats/Cat_2289.jpg,0
data/processed/cats/Cat_229.jpg,0
data/processed/cats/Cat_2290.jpg,0
data/processed/cats/Cat_2291.jpg,0
data/processed/cats/Cat_2292.jpg,0
data/processed/cats/Cat_2293.jpg,0
data/processed/cats/Cat_2294.jpg,0
data/processed/cats/Cat_2295.jpg,0
data/processed/cats/Cat_2296.jpg,0
data/processed/cats/Cat_2298.jpg,0
data/processed/cats/Cat_2299.jpg,0
data/processed/cats/Cat_23.jpg,0
data/processed/cats/Cat_230.jpg,0
data/processed/cats/Cat_2300.jpg,0
data/processed/cats/Cat_2301.jpg,0
data/processed/cats/Cat_2302.jpg,0
data/processed/cats/Cat_2303.jpg,0
data/processed/cats/Cat_2304.jpg,0
data/processed/cats/Cat_2306.jpg,0
data/processed/cats/Cat_2307.jpg,0
data/processed/cats/Cat_2308.jpg,0
data/processed/cats/Cat_2309.jpg,0
data/processed/cats/Cat_231.jpg,0
data/processed/cats/Cat_2310.jpg,0
data/processed/cats/Cat_2311.jpg,0
data/processed/cats/Cat_2312.jpg,0
data/processed/cats/Cat_2313.jpg,0
data/processed/cats/Cat_2314.jpg,0
data/processed/cats/Cat_2315.jpg,0
data/processed/cats/Cat_2316.jpg,0
data/processed/cats/Cat_2317.jpg,0
data/processed/cats/Cat_2318.jpg,0
data/processed/cats/Cat_2319.jpg,0
data/processed/cats/Cat_232.jpg,0
data/processed/cats/Cat_2320.jpg,0
data/processed/cats/Cat_2321.jpg,0
data/processed/cats/Cat_2323.jpg,0
data/processed/cats/Cat_2325.jpg,0
data/processed/cats/Cat_2326.jpg,0
data/processed/cats/Cat_2327.jpg,0
data/processed/cats/Cat_2328.jpg,0
data/processed/cats/Cat_2329.jpg,0
data/processed/cats/Cat_233.jpg,0
data/processed/cats/Cat_2330.jpg,0
data/processed/cats/Cat_2331.jpg,0
data/processed/cats/Cat_2332.jpg,0
data/processed/cats/Cat_2333.jpg,0
data/processed/cats/Cat_2334.jpg,0
data/processed/cats/Cat_2335.jpg,0
data/processed/cats/Cat_2337.jpg,0
data/processed/cats/Cat_2338.jpg,0
data/processed/cats/Cat_2339.jpg,0
data/processed/cats/Cat_234.jpg,0
data/processed/cats/Cat_2340.jpg,0
data/processed/cats/Cat_2342.jpg,0
data/processed/cats/Cat_2343.jpg,0
data/processed/cats/Cat_2344.jpg,0
data/processed/cats/Cat_2345.jpg,0
data/processed/cats/Cat_2347.jpg,0
data/processed/cats/Cat_2349.jpg,0
data/processed/cats/Cat_235.jpg,0
data/processed/cats/Cat_2350.jpg,0
data/processed/cats/Cat_2351.jpg,0
data/processed/cats/Cat_2352.jpg,0
data/processed/cats/Cat_2353.jpg,0
data/processed/cats/Cat_2354.jpg,0
data/processed/cats/Cat_2355.jpg,0
data/processed/cats/Cat_2356.jpg,0
data/processed/cats/Cat_2357.jpg,0
data/processed/cats/Cat_2358.jpg,0
data/processed/cats/Cat_2359.jpg,0
data/processed/cats/Cat_236.jpg,0
data/processed/cats/Cat_2361.jpg,0
data/processed/cats/Cat_2362.jpg,0
data/processed/cats/Cat_2363.jpg,0
data/processed/cats/Cat_2365.jpg,0
data/processed/cats/Cat_2366.jpg,0
data/processed/cats/Cat_2368.jpg,0
data/processed/cats/Cat_2369.jpg,0
data/processed/cats/Cat_237.jpg,0
data/processed/cats/Cat_2370.jpg,0
data/processed/cats/Cat_2371.jpg,0
data/processed/cats/Cat_2372.jpg,0
data/processed/cats/Cat_2373.jpg,0
data/processed/cats/Cat_2374.jpg,0
data/processed/cats/Cat_2375.jpg,0
data/processed/cats/Cat_2376.jpg,0
data/processed/cats/Cat_2377.jpg,0
data/processed/cats/Cat_2379.jpg,0
data/processed/cats/Cat_238.jpg,0
data/processed/cats/Cat_2382.jpg,0
data/processed/cats/Cat_2383.jpg,0
data/processed/cats/Cat_2384.jpg,0
data/processed/cats/Cat_2385.jpg,0
data/processed/cats/Cat_2386.jpg,0
data/processed/cats/Cat_2387.jpg,0
data/processed/cats/Cat_2388.jpg,0
data/processed/cats/Cat_2389.jpg,0
data/processed/cats/Cat_239.jpg,0
data/processed/cats/Cat_2390.jpg,0
data/processed/cats/Cat_2391.jpg,0
data/processed/cats/Cat_2392.jpg,0
data/processed/cats/Cat_2393.jpg,0
data/processed/cats/Cat_2394.jpg,0
data/processed/cats/Cat_2395.jpg,0
data/processed/cats/Cat_2396.jpg,0
data/processed/cats/Cat_2397.jpg,0
data/processed/cats/Cat_2398.jpg,0
data/processed/cats/Cat_2399.jpg,0
data/processed/cats/Cat_24.jpg,0
data/processed/cats/Cat_240.jpg,0
data/processed/cats/Cat_2400.jpg,0
data/processed/cats/Cat_2401.jpg,0
data/processed/cats/Cat_2403.jpg,0
data/processed/cats/Cat_2404.jpg,0
data/processed/cats/Cat_2405.jpg,0
data/processed/cats/Cat_2406.jpg,0
data/processed/cats/Cat_2407.jpg,0
data/processed/cats/Cat_2408.jpg,0
data/processed/cats/Cat_2409.jpg,0
data/processed/cats/Cat_241.jpg,0
data/processed/cats/Cat_2411.jpg,0
data/processed/cats/Cat_2412.jpg,0
data/processed/cats/Cat_2413.jpg,0
data/processed/cats/Cat_2414.jpg,0
data/processed/cats/Cat_2415.jpg,0
data/processed/cats/Cat_2416.jpg,0
data/processed/cats/Cat_2417.jpg,0
data/processed/cats/Cat_2418.jpg,0
data/processed/cats/Cat_242.jpg,0
data/processed/cats/Cat_2420.jpg,0
data/processed/cats/Cat_2421.jpg,0
data/processed/cats/Cat_2422.jpg,0
data/processed/cats/Cat_2423.jpg,0
data/processed/cats/Cat_2424.jpg,0
data/processed/cats/Cat_2425.jpg,0
data/processed/cats/Cat_2426.jpg,0
data/processed/cats/Cat_2427.jpg,0
data/processed/cats/Cat_2428.jpg,0
data/processed/cats/Cat_243.jpg,0
data/processed/cats/Cat_2430.jpg,0
data/processed/cats/Cat_2431.jpg,0
data/processed/cats/Cat_2432.jpg,0
data/processed/cats/Cat_2433.jpg,0
data/processed/cats/Cat_2434.jpg,0
data/processed/cats/Cat_2435.jpg,0
data/processed/cats/Cat_2436.jpg,0
data/processed/cats/Cat_2437.jpg,0
data/processed/cats/Cat_2438.jpg,0
data/processed/cats/Cat_2439.jpg,0
data/processed/cats/Cat_244.jpg,0
data/processed/cats/Cat_2440.jpg,0
data/processed/cats/Cat_2441.jpg,0
data/processed/cats/Cat_2442.jpg,0
data/processed/cats/Cat_2443.jpg,0
data/processed/cats/Cat_2445.jpg,0
data/processed/cats/Cat_2447.jpg,0
data/processed/cats/Cat_2448.jpg,0
data/processed/cats/Cat_2449.jpg,0
data/processed/cats/Cat_245.jpg,0
data/processed/cats/Cat_2451.jpg,0
data/processed/cats/Cat_2453.jpg,0
data/processed/cats/Cat_2454.jpg,0
data/processed/cats/Cat_2455.jpg,0
data/processed/cats/Cat_2456.jpg,0
data/processed/cats/Cat_2457.jpg,0
data/processed/cats/Cat_2458.jpg,0
data/processed/cats/Cat_2459.jpg,0
data/processed/cats/Cat_2460.jpg,0
data/processed/cats/Cat_2461.jpg,0
data/processed/cats/Cat_2462.jpg,0
data/processed/cats/Cat_2463.jpg,0
data/processed/cats/Cat_2464.jpg,0
data/processed/cats/Cat_2465.jpg,0
data/processed/cats/Cat_2466.jpg,0
data/processed/cats/Cat_2467.jpg,0
data/processed/cats/Cat_2469.jpg,0
data/processed/cats/Cat_247.jpg,0
data/processed/cats/Cat_2470.jpg,0
data/processed/cats/Cat_2471.jpg,0
data/processed/cats/Cat_2472.jpg,0
data/processed/cats/Cat_2473.jpg,0
data/processed/cats/Cat_2474.jpg,0
data/processed/cats/Cat_2475.jpg,0
data/processed/cats/Cat_2478.jpg,0
data/processed/cats/Cat_2479.jpg,0
data/processed/cats/Cat_2480.jpg,0
data/processed/cats/Cat_2481.jpg,0
data/processed/cats/Cat_2482.jpg,0
data/processed/cats/Cat_2484.jpg,0
data/processed/cats/Cat_2485.jpg,0
data/processed/cats/Cat_2486.jpg,0
data/processed/cats/Cat_2487.jpg,0
data/processed/cats/Cat_2488.jpg,0
data/processed/cats/Cat_2489.jpg,0
data/processed/cats/Cat_249.jpg,0
data/processed/cats/Cat_2491.jpg,0
data/processed/cats/Cat_2492.jpg,0
data/processed/cats/Cat_2493.jpg,0
data/processed/cats/Cat_2494.jpg,0
data/processed/cats/Cat_2495.jpg,0
data/processed/cats/Cat_2497.jpg,0
data/processed/cats/Cat_2498.jpg,0
data/processed/cats/Cat_25.jpg,0
data/processed/cats/Cat_250.jpg,0
data/processed/cats/Cat_2500.jpg,0
data/processed/cats/Cat_2502.jpg,0
data/processed/cats/Cat_2503.jpg,0
data/processed/cats/Cat_2504.jpg,0
data/processed/cats/Cat_2506.jpg,0
data/processed/cats/Cat_251.jpg,0
data/processed/cats/Cat_2510.jpg,0
data/processed/cats/Cat_2511.jpg,0
data/processed/cats/Cat_2512.jpg,0
data/processed/cats/Cat_2513.jpg,0
data/processed/cats/Cat_2514.jpg,0
data/processed/cats/Cat_2516.jpg,0
data/processed/cats/Cat_2518.jpg,0
data/processed/cats/Cat_2519.jpg,0
data/processed/cats/Cat_252.jpg,0
data/processed/cats/Cat_2520.jpg,0
data/processed/cats/Cat_2521.jpg,0
data/processed/cats/Cat_2522.jpg,0
data/processed/cats/Cat_2523.jpg,0
data/processed/cats/Cat_2524.jpg,0
data/processed/cats/Cat_2526.jpg,0
data/processed/cats/Cat_2529.jpg,0
data/processed/cats/Cat_253.jpg,0
data/processed/cats/Cat_2531.jpg,0
data/processed/cats/Cat_2532.jpg,0
data/processed/cats/Cat_2534.jpg,0
data/processed/cats/Cat_2536.jpg,0
data/processed/cats/Cat_2537.jpg,0
data/processed/cats/Cat_254.jpg,0
data/processed/cats/Cat_2540.jpg,0
data/processed/cats/Cat_2541.jpg,0
data/processed/cats/Cat_2542.jpg,0
data/processed/cats/Cat_2543.jpg,0
data/processed/cats/Cat_2545.jpg,0
data/processed/cats/Cat_2546.jpg,0
data/processed/cats/Cat_2547.jpg,0
data/processed/cats/Cat_2548.jpg,0
data/processed/cats/Cat_255.jpg,0
data/processed/cats/Cat_2551.jpg,0
data/processed/cats/Cat_2553.jpg,0
data/processed/cats/Cat_2554.jpg,0
data/processed/cats/Cat_2555.jpg,0
data/processed/cats/Cat_2556.jpg,0
data/processed/cats/Cat_2558.jpg,0
data/processed/cats/Cat_256.jpg,0
data/processed/cats/Cat_2560.jpg,0
data/processed/cats/Cat_2561.jpg,0
data/processed/cats/Cat_2562.jpg,0
data/processed/cats/Cat_2563.jpg,0
data/processed/cats/Cat_2564.jpg,0
data/processed/cats/Cat_2565.jpg,0
data/processed/cats/Cat_2568.jpg,0
data/processed/cats/Cat_2569.jpg,0
data/processed/cats/Cat_257.jpg,0
data/processed/cats/Cat_2570.jpg,0
data/processed/cats/Cat_2571.jpg,0
data/processed/cats/Cat_2573.jpg,0
data/processed/cats/Cat_2574.jpg,0
data/processed/cats/Cat_2575.jpg,0
data/processed/cats/Cat_2576.jpg,0
data/processed/cats/Cat_2577.jpg,0
data/processed/cats/Cat_2579.jpg,0
data/processed/cats/Cat_258.jpg,0
data/processed/cats/Cat_2580.jpg,0
data/processed/cats/Cat_2582.jpg,0
data/processed/cats/Cat_2584.jpg,0
data/processed/cats/Cat_2586.jpg,0
data/processed/cats/Cat_2587.jpg,0
data/processed/cats/Cat_2588.jpg,0
data/processed/cats/Cat_2589.jpg,0
data/processed/cats/Cat_2590.jpg,0
data/processed/cats/Cat_2591.jpg,0
data/processed/cats/Cat_2592.jpg,0
data/processed/cats/Cat_2593.jpg,0
data/processed/cats/Cat_2594.jpg,0
data/processed/cats/Cat_2595.jpg,0
data/processed/cats/Cat_2596.jpg,0
data/processed/cats/Cat_2597.jpg,0
data/processed/cats/Cat_2598.jpg,0
data/processed/cats/Cat_26.jpg,0
data/processed/cats/Cat_260.jpg,0
data/processed/cats/Cat_2600.jpg,0
data/processed/cats/Cat_2602.jpg,0
data/processed/cats/Cat_2603.jpg,0
data/processed/cats/Cat_2604.jpg,0
data/processed/cats/Cat_2606.jpg,0
data/processed/cats/Cat_2607.jpg,0
data/processed/cats/Cat_2609.jpg,0
data/processed/cats/Cat_261.jpg,0
data/processed/cats/Cat_2610.jpg,0
data/processed/cats/Cat_2612.jpg,0
data/processed/cats/Cat_2613.jpg,0
data/processed/cats/Cat_2614.jpg,0
data/processed/cats/Cat_2616.jpg,0
data/processed/cats/Cat_2617.jpg,0
data/processed/cats/Cat_2619.jpg,0
data/processed/cats/Cat_262.jpg,0
data/processed/cats/Cat_2620.jpg,0
data/processed/cats/Cat_2621.jpg,0
data/processed/cats/Cat_2622.jpg,0
data/processed/cats/Cat_2623.jpg,0
data/processed/cats/Cat_2624.jpg,0
data/processed/cats/Cat_2625.jpg,0
data/processed/cats/Cat_2626.jpg,0
data/processed/cats/Cat_2627.jpg,0
data/processed/cats/Cat_263.jpg,0
data/processed/cats/Cat_2630.jpg,0
data/processed/cats/Cat_2631.jpg,0
data/processed/cats/Cat_2632.jpg,0
data/processed/cats/Cat_2633.jpg,0
data/processed/cats/Cat_2634.jpg,0
data/processed/cats/Cat_2635.jpg,0
data/processed/cats/Cat_2636.jpg,0
data/processed/cats/Cat_2637.jpg,0
data/processed/cats/Cat_2638.jpg,0
data/processed/cats/Cat_2639.jpg,0
data/processed/cats/Cat_2640.jpg,0
data/processed/cats/Cat_2641.jpg,0
data/processed/cats/Cat_2642.jpg,0
data/processed/cats/Cat_2643.jpg,0
data/processed/cats/Cat_2644.jpg,0
data/processed/cats/Cat_2646.jpg,0
data/processed/cats/Cat_2647.jpg,0
data/processed/cats/Cat_2648.jpg,0
data/processed/cats/Cat_2649.jpg,0
data/processed/cats/Cat_265.jpg,0
data/processed/cats/Cat_2650.jpg,0
data/processed/cats/Cat_2651.jpg,0
data/processed/cats/Cat_2652.jpg,0
data/processed/cats/Cat_2653.jpg,0
data/processed/cats/Cat_2654.jpg,0
data/processed/cats/Cat_2655.jpg,0
data/processed/cats/Cat_2656.jpg,0
data/processed/cats/Cat_2657.jpg,0
data/processed/cats/Cat_2658.jpg,0
data/processed/cats/Cat_2659.jpg,0
data/processed/cats/Cat_2660.jpg,0
data/processed/cats/Cat_2661.jpg,0
data/processed/cats/Cat_2663.jpg,0
data/processed/cats/Cat_2664.jpg,0
data/processed/cats/Cat_2665.jpg,0
data/processed/cats/Cat_2666.jpg,0
data/processed/cats/Cat_2667.jpg,0
data/processed/cats/Cat_2668.jpg,0
data/processed/cats/Cat_267.jpg,0
data/processed/cats/Cat_2671.jpg,0
data/processed/cats/Cat_2674.jpg,0
data/processed/cats/Cat_2676.jpg,0
data/processed/cats/Cat_2677.jpg,0
data/processed/cats/Cat_2678.jpg,0
data/processed/cats/Cat_2679.jpg,0
data/processed/cats/Cat_268.jpg,0
data/processed/cats/Cat_2680.jpg,0
data/processed/cats/Cat_2681.jpg,0
data/processed/cats/Cat_2682.jpg,0
data/processed/cats/Cat_2683.jpg,0
data/processed/cats/Cat_2684.jpg,0
data/processed/cats/Cat_2685.jpg,0
data/processed/cats/Cat_2686.jpg,0
data/processed/cats/Cat_2687.jpg,0
data/processed/cats/Cat_2688.jpg,0
data/processed/cats/Cat_2689.jpg,0
data/processed/cats/Cat_269.jpg,0
data/processed/cats/Cat_2691.jpg,0
data/processed/cats/Cat_2692.jpg,0
data/processed/cats/Cat_2693.jpg,0
data/processed/cats/Cat_2694.jpg,0
data/processed/cats/Cat_2695.jpg,0
data/processed/cats/Cat_2696.jpg,0
data/processed/cats/Cat_2697.jpg,0
data/processed/cats/Cat_27.jpg,0
data/processed/cats/Cat_270.jpg,0
data/processed/cats/Cat_2700.jpg,0
data/processed/cats/Cat_2701.jpg,0
data/processed/cats/Cat_2702.jpg,0
data/processed/cats/Cat_2703.jpg,0
data/processed/cats/Cat_2704.jpg,0
data/processed/cats/Cat_2705.jpg,0
data/processed/cats/Cat_2706.jpg,0
data/processed/cats/Cat_2708.jpg,0
data/processed/cats/Cat_2709.jpg,0
data/processed/cats/Cat_271.jpg,0
data/processed/cats/Cat_2710.jpg,0
data/processed/cats/Cat_2711.jpg,0
data/processed/cats/Cat_2712.jpg,0
data/processed/cats/Cat_2714.jpg,0
data/processed/cats/Cat_2715.jpg,0
data/processed/cats/Cat_2716.jpg,0
data/processed/cats/Cat_2717.jpg,0
data/processed/cats/Cat_2718.jpg,0
data/processed/cats/Cat_2719.jpg,0
data/processed/cats/Cat_2720.jpg,0
data/processed/cats/Cat_2721.jpg,0
data/processed/cats/Cat_2722.jpg,0
data/processed/cats/Cat_2723.jpg,0
data/processed/cats/Cat_2724.jpg,0
data/processed/cats/Cat_2725.jpg,0
data/processed/cats/Cat_2726.jpg,0
data/processed/cats/Cat_2727.jpg,0
data/processed/cats/Cat_2729.jpg,0
data/processed/cats/Cat_273.jpg,0
data/processed/cats/Cat_2732.jpg,0
data/processed/cats/Cat_2733.jpg,0
data/processed/cats/Cat_2734.jpg,0
data/processed/cats/Cat_2739.jpg,0
data/processed/cats/Cat_2740.jpg,0
data/processed/cats/Cat_2742.jpg,0
data/processed/cats/Cat_2743.jpg,0
data/processed/cats/Cat_2745.jpg,0
data/processed/cats/Cat_2746.jpg,0
data/processed/cats/Cat_2748.jpg,0
data/processed/cats/Cat_275.jpg,0
data/processed/cats/Cat_2750.jpg,0
data/processed/cats/Cat_2751.jpg,0
data/processed/cats/Cat_2752.jpg,0
data/processed/cats/Cat_2753.jpg,0
data/processed/cats/Cat_2756.jpg,0
data/processed/cats/Cat_2757.jpg,0
data/processed/cats/Cat_2758.jpg,0
data/processed/cats/Cat_2759.jpg,0
data/processed/cats/Cat_276.jpg,0
data/processed/cats/Cat_2760.jpg,0
data/processed/cats/Cat_2761.jpg,0
data/processed/cats/Cat_2762.jpg,0
data/processed/cats/Cat_2763.jpg,0
data/processed/cats/Cat_2764.jpg,0
data/processed/cats/Cat_2765.jpg,0
data/processed/cats/Cat_2766.jpg,0
data/processed/cats/Cat_2768.jpg,0
data/processed/cats/Cat_2769.jpg,0
data/processed/cats/Cat_2770.jpg,0
data/processed/cats/Cat_2772.jpg,0
data/processed/cats/Cat_2773.jpg,0
data/processed/cats/Cat_2775.jpg,0
data/processed/cats/Cat_2776.jpg,0
data/processed/cats/Cat_2777.jpg,0
data/processed/cats/Cat_2778.jpg,0
data/processed/cats/Cat_2779.jpg,0
data/processed/cats/Cat_278.jpg,0
data/processed/cats/Cat_2780.jpg,0
data/processed/cats/Cat_2782.jpg,0
data/processed/cats/Cat_2783.jpg,0
data/processed/cats/Cat_2784.jpg,0
data/processed/cats/Cat_2785.jpg,0
data/processed/cats/Cat_2786.jpg,0
data/processed/cats/Cat_2787.jpg,0
data/processed/cats/Cat_2789.jpg,0
data/processed/cats/Cat_279.jpg,0
data/processed/cats/Cat_2797.jpg,0
data/processed/cats/Cat_2799.jpg,0
data/processed/cats/Cat_28.jpg,0
data/processed/cats/Cat_280.jpg,0
data/processed/cats/Cat_2800.jpg,0
data/processed/cats/Cat_2801.jpg,0
data/processed/cats/Cat_2802.jpg,0
data/processed/cats/Cat_2803.jpg,0
data/processed/cats/Cat_2804.jpg,0
data/processed/cats/Cat_2805.jpg,0
data/processed/cats/Cat_2806.jpg,0
data/processed/cats/Cat_2807.jpg,0
data/processed/cats/Cat_2808.jpg,0
data/processed/cats/Cat_2809.jpg,0
data/processed/cats/Cat_281.jpg,0
data/processed/cats/Cat_2810.jpg,0
data/processed/cats/Cat_2811.jpg,0
data/processed/cats/Cat_2812.jpg,0
data/processed/cats/Cat_2814.jpg,0
data/processed/cats/Cat_2815.jpg,0
data/processed/cats/Cat_2816.jpg,0
data/processed/cats/Cat_2817.jpg,0
data/processed/cats/Cat_2818.jpg,0
data/processed/cats/Cat_2819.jpg,0
data/processed/cats/Cat_2820.jpg,0
data/processed/cats/Cat_2821.jpg,0
data/processed/cats/Cat_2822.jpg,0
data/processed/cats/Cat_2823.jpg,0
data/processed/cats/Cat_2824.jpg,0
data/processed/cats/Cat_2826.jpg,0
data/processed/cats/Cat_2827.jpg,0
data/processed/cats/Cat_2828.jpg,0
data/processed/cats/Cat_2829.jpg,0
data/processed/cats/Cat_283.jpg,0
data/processed/cats/Cat_2830.jpg,0
data/processed/cats/Cat_2831.jpg,0
data/processed/cats/Cat_2832.jpg,0
data/processed/cats/Cat_2833.jpg,0
data/processed/cats/Cat_2834.jpg,0
data/processed/cats/Cat_2835.jpg,0
data/processed/cats/Cat_2836.jpg,0
data/processed/cats/Cat_2839.jpg,0
data/processed/cats/Cat_284.jpg,0
data/processed/cats/Cat_2842.jpg,0
data/processed/cats/Cat_2843.jpg,0
data/processed/cats/Cat_2844.jpg,0
data/processed/cats/Cat_2845.jpg,0
data/processed/cats/Cat_2846.jpg,0
data/processed/cats/Cat_2847.jpg,0
data/processed/cats/Cat_2849.jpg,0
data/processed/cats/Cat_285.jpg,0
data/processed/cats/Cat_2850.jpg,0
data/processed/cats/Cat_2851.jpg,0
data/processed/cats/Cat_2852.jpg,0
data/processed/cats/Cat_2853.jpg,0
data/processed/cats/Cat_2854.jpg,0
data/processed/cats/Cat_2855.jpg,0
data/processed/cats/Cat_2856.jpg,0
data/processed/cats/Cat_2857.jpg,0
data/processed/cats/Cat_2859.jpg,0
data/processed/cats/Cat_286.jpg,0
data/processed/cats/Cat_2861.jpg,0
data/processed/cats/Cat_2862.jpg,0
data/processed/cats/Cat_2863.jpg,0
data/processed/cats/Cat_2864.jpg,0
data/processed/cats/Cat_2865.jpg,0
data/processed/cats/Cat_2866.jpg,0
data/processed/cats/Cat_2868.jpg,0
data/processed/cats/Cat_2869.jpg,0
data/processed/cats/Cat_287.jpg,0
data/processed/cats/Cat_2870.jpg,0
data/processed/cats/Cat_2871.jpg,0
data/processed/cats/Cat_2872.jpg,0
data/processed/cats/Cat_2873.jpg,0
data/processed/cats/Cat_2874.jpg,0
data/processed/cats/Cat_2876.jpg,0
data/processed/cats/Cat_2877.jpg,0
data/processed/cats/Cat_2878.jpg,0
data/processed/cats/Cat_2879.jpg,0
data/processed/cats/Cat_288.jpg,0
data/processed/cats/Cat_2880.jpg,0
data/processed/cats/Cat_2882.jpg,0
data/processed/cats/Cat_2883.jpg,0
data/processed/cats/Cat_2884.jpg,0
data/processed/cats/Cat_2885.jpg,0
data/processed/cats/Cat_2886.jpg,0
data/processed/cats/Cat_2887.jpg,0
data/processed/cats/Cat_2889.jpg,0
data/processed/cats/Cat_289.jpg,0
data/processed/cats/Cat_2890.jpg,0
data/processed/cats/Cat_2891.jpg,0
data/processed/cats/Cat_2892.jpg,0
data/processed/cats/Cat_2893.jpg,0
data/processed/cats/Cat_2894.jpg,0
data/processed/cats/Cat_2895.jpg,0
data/processed/cats/Cat_2896.jpg,0
data/processed/cats/Cat_2897.jpg,0
data/processed/cats/Cat_2898.jpg,0
data/processed/cats/Cat_290.jpg,0
data/processed/cats/Cat_2900.jpg,0
data/processed/cats/Cat_2901.jpg,0
data/processed/cats/Cat_2903.jpg,0
data/processed/cats/Cat_2904.jpg,0
data/processed/cats/Cat_2905.jpg,0
data/processed/cats/Cat_2906.jpg,0
data/processed/cats/Cat_2908.jpg,0
data/processed/cats/Cat_2909.jpg,0
data/processed/cats/Cat_291.jpg,0
data/processed/cats/Cat_2910.jpg,0
data/processed/cats/Cat_2911.jpg,0
data/processed/cats/Cat_2912.jpg,0
data/processed/cats/Cat_2913.jpg,0
data/processed/cats/Cat_2914.jpg,0
data/processed/cats/Cat_2915.jpg,0
data/processed/cats/Cat_2916.jpg,0
data/processed/cats/Cat_2918.jpg,0
data/processed/cats/Cat_2919.jpg,0
data/processed/cats/Cat_292.jpg,0
data/processed/cats/Cat_2922.jpg,0
data/processed/cats/Cat_2923.jpg,0
data/processed/cats/Cat_2924.jpg,0
data/processed/cats/Cat_2925.jpg,0
data/processed/cats/Cat_2927.jpg,0
data/processed/cats/Cat_2929.jpg,0
data/processed/cats/Cat_293.jpg,0
data/processed/cats/Cat_2930.jpg,0
data/processed/cats/Cat_2932.jpg,0
data/processed/cats/Cat_2933.jpg,0
data/processed/cats/Cat_2934.jpg,0
data/processed/cats/Cat_2935.jpg,0
data/processed/cats/Cat_2936.jpg,0
data/processed/cats/Cat_2937.jpg,0
data/processed/cats/Cat_2938.jpg,0
data/processed/cats/Cat_2939.jpg,0
data/processed/cats/Cat_294.jpg,0
data/processed/cats/Cat_2941.jpg,0
data/processed/cats/Cat_2942.jpg,0
data/processed/cats/Cat_2943.jpg,0
data/processed/cats/Cat_2945.jpg,0
data/processed/cats/Cat_2946.jpg,0
data/processed/cats/Cat_2947.jpg,0
data/processed/cats/Cat_2948.jpg,0
data/processed/cats/Cat_2949.jpg,0
data/processed/cats/Cat_295.jpg,0
data/processed/cats/Cat_2950.jpg,0
data/processed/cats/Cat_2952.jpg,0
data/processed/cats/Cat_2953.jpg,0
data/processed/cats/Cat_2955.jpg,0
data/processed/cats/Cat_2957.jpg,0
data/processed/cats/Cat_2958.jpg,0
data/processed/cats/Cat_2959.jpg,0
data/processed/cats/Cat_296.jpg,0
data/processed/cats/Cat_2960.jpg,0
data/processed/cats/Cat_2961.jpg,0
data/processed/cats/Cat_2962.jpg,0
data/processed/cats/Cat_2963.jpg,0
data/processed/cats/Cat_2964.jpg,0
data/processed/cats/Cat_2965.jpg,0
data/processed/cats/Cat_2966.jpg,0
data/processed/cats/Cat_2967.jpg,0
data/processed/cats/Cat_2968.jpg,0
data/processed/cats/Cat_2969.jpg,0
data/processed/cats/Cat_297.jpg,0
data/processed/cats/Cat_2970.jpg,0
data/processed/cats/Cat_2971.jpg,0
data/processed/cats/Cat_2972.jpg,0
data/processed/cats/Cat_2973.jpg,0
data/processed/cats/Cat_2974.jpg,0
data/processed/cats/Cat_2975.jpg,0
data/processed/cats/Cat_2976.jpg,0
data/processed/cats/Cat_2977.jpg,0
data/processed/cats/Cat_2978.jpg,0
data/processed/cats/Cat_2979.jpg,0
data/processed/cats/Cat_298.jpg,0
data/processed/cats/Cat_2980.jpg,0
data/processed/cats/Cat_2982.jpg,0
data/processed/cats/Cat_2983.jpg,0
data/processed/cats/Cat_2984.jpg,0
data/processed/cats/Cat_2985.jpg,0
data/processed/cats/Cat_2986.jpg,0
data/processed/cats/Cat_2987.jpg,0
data/processed/cats/Cat_2988.jpg,0
data/processed/cats/Cat_2989.jpg,0
data/processed/cats/Cat_299.jpg,0
data/processed/cats/Cat_2990.jpg,0
data/processed/cats/Cat_2991.jpg,0
data/processed/cats/Cat_2992.jpg,0
data/processed/cats/Cat_2993.jpg,0
data/processed/cats/Cat_2994.jpg,0
data/processed/cats/Cat_2995.jpg,0
data/processed/cats/Cat_2997.jpg,0
data/processed/cats/Cat_2998.jpg,0
data/processed/cats/Cat_2999.jpg,0
data/processed/cats/Cat_3.jpg,0
data/processed/cats/Cat_30.jpg,0
data/processed/cats/Cat_300.jpg,0
data/processed/cats/Cat_3000.jpg,0
data/processed/cats/Cat_3001.jpg,0
data/processed/cats/Cat_3002.jpg,0
data/processed/cats/Cat_3004.jpg,0
data/processed/cats/Cat_3005.jpg,0
data/processed/cats/Cat_3007.jpg,0
data/processed/cats/Cat_3008.jpg,0
data/processed/cats/Cat_3011.jpg,0
data/processed/cats/Cat_3012.jpg,0
data/processed/cats/Cat_3013.jpg,0
data/processed/cats/Cat_3014.jpg,0
data/processed/cats/Cat_3015.jpg,0
data/processed/cats/Cat_3016.jpg,0
data/processed/cats/Cat_3017.jpg,0
data/processed/cats/Cat_3018.jpg,0
data/processed/cats/Cat_3019.jpg,0
data/processed/cats/Cat_302.jpg,0
data/processed/cats/Cat_3021.jpg,0
data/processed/cats/Cat_3022.jpg,0
data/processed/cats/Cat_3023.jpg,0
data/processed/cats/Cat_3025.jpg,0
data/processed/cats/Cat_3026.jpg,0
data/processed/cats/Cat_3027.jpg,0
data/processed/cats/Cat_3028.jpg,0
data/processed/cats/Cat_303.jpg,0
data/processed/cats/Cat_3030.jpg,0
data/processed/cats/Cat_3032.jpg,0
data/processed/cats/Cat_3033.jpg,0
data/processed/cats/Cat_3034.jpg,0
data/processed/cats/Cat_3035.jpg,0
data/processed/cats/Cat_3036.jpg,0
data/processed/cats/Cat_3037.jpg,0
data/processed/cats/Cat_3038.jpg,0
data/processed/cats/Cat_3039.jpg,0
data/processed/cats/Cat_304.jpg,0
data/processed/cats/Cat_3040.jpg,0
data/processed/cats/Cat_3041.jpg,0
data/processed/cats/Cat_3042.jpg,0
data/processed/cats/Cat_3043.jpg,0
data/processed/cats/Cat_3044.jpg,0
data/processed/cats/Cat_3045.jpg,0
data/processed/cats/Cat_3046.jpg,0
data/processed/cats/Cat_3048.jpg,0
data/processed/cats/Cat_3049.jpg,0
data/processed/cats/Cat_3050.jpg,0
data/processed/cats/Cat_3051.jpg,0
data/processed/cats/Cat_3052.jpg,0
data/processed/cats/Cat_3054.jpg,0
data/processed/cats/Cat_3055.jpg,0
data/processed/cats/Cat_3056.jpg,0
data/processed/cats/Cat_3058.jpg,0
data/processed/cats/Cat_306.jpg,0
data/processed/cats/Cat_3060.jpg,0
data/processed/cats/Cat_3061.jpg,0
data/processed/cats/Cat_3062.jpg,0
data/processed/cats/Cat_3064.jpg,0
data/processed/cats/Cat_3065.jpg,0
data/processed/cats/Cat_3068.jpg,0
data/processed/cats/Cat_3069.jpg,0
data/processed/cats/Cat_307.jpg,0
data/processed/cats/Cat_3070.jpg,0
data/processed/cats/Cat_3074.jpg,0
data/processed/cats/Cat_3075.jpg,0
data/processed/cats/Cat_3077.jpg,0
data/processed/cats/Cat_3079.jpg,0
data/processed/cats/Cat_308.jpg,0
data/processed/cats/Cat_3080.jpg,0
data/processed/cats/Cat_3082.jpg,0
data/processed/cats/Cat_3083.jpg,0
data/processed/cats/Cat_3084.jpg,0
data/processed/cats/Cat_3085.jpg,0
data/processed/cats/Cat_3087.jpg,0
data/processed/cats/Cat_3088.jpg,0
data/processed/cats/Cat_3089.jpg,0
data/processed/cats/Cat_309.jpg,0
data/processed/cats/Cat_3090.jpg,0
data/processed/cats/Cat_3091.jpg,0
data/processed/cats/Cat_3092.jpg,0
data/processed/cats/Cat_3093.jpg,0
data/processed/cats/Cat_3094.jpg,0
data/processed/cats/Cat_3095.jpg,0
data/processed/cats/Cat_3097.jpg,0
data/processed/cats/Cat_3098.jpg,0
data/processed/cats/Cat_3099.jpg,0
data/processed/cats/Cat_310.jpg,0
data/processed/cats/Cat_3101.jpg,0
data/processed/cats/Cat_3103.jpg,0
data/processed/cats/Cat_3105.jpg,0
data/processed/cats/Cat_3106.jpg,0
data/processed/cats/Cat_3107.jpg,0
data/processed/cats/Cat_3108.jpg,0
data/processed/cats/Cat_311.jpg,0
data/processed/cats/Cat_3110.jpg,0
data/processed/cats/Cat_3112.jpg,0
data/processed/cats/Cat_3113.jpg,0
data/processed/cats/Cat_3114.jpg,0
data/processed/cats/Cat_3117.jpg,0
data/processed/cats/Cat_3118.jpg,0
data/processed/cats/Cat_3119.jpg,0
data/processed/cats/Cat_3121.jpg,0
data/processed/cats/Cat_3122.jpg,0
data/processed/cats/Cat_3123.jpg,0
data/processed/cats/Cat_3124.jpg,0
data/processed/cats/Cat_3125.jpg,0
data/processed/cats/Cat_3126.jpg,0
data/processed/cats/Cat_3127.jpg,0
data/processed/cats/Cat_3128.jpg,0
data/processed/cats/Cat_3129.jpg,0
data/processed/cats/Cat_3130.jpg,0
data/processed/cats/Cat_3131.jpg,0
data/processed/cats/Cat_3132.jpg,0
data/processed/cats/Cat_3134.jpg,0
data/processed/cats/Cat_3135.jpg,0
data/processed/cats/Cat_3137.jpg,0
data/processed/cats/Cat_3138.jpg,0
data/processed/cats/Cat_3139.jpg,0
data/processed/cats/Cat_314.jpg,0
data/processed/cats/Cat_3140.jpg,0
data/processed/cats/Cat_3142.jpg,0
data/processed/cats/Cat_3143.jpg,0
data/processed/cats/Cat_3144.jpg,0
data/processed/cats/Cat_3145.jpg,0
data/processed/cats/Cat_3147.jpg,0
data/processed/cats/Cat_3148.jpg,0
data/processed/cats/Cat_3149.jpg,0
data/processed/cats/Cat_315.jpg,0
data/processed/cats/Cat_3152.jpg,0
data/processed/cats/Cat_3154.jpg,0
data/processed/cats/Cat_3155.jpg,0
data/processed/cats/Cat_3156.jpg,0
data/processed/cats/Cat_3157.jpg,0
data/processed/cats/Cat_3158.jpg,0
data/processed/cats/Cat_3159.jpg,0
data/processed/cats/Cat_316.jpg,0
data/processed/cats/Cat_3160.jpg,0
data/processed/cats/Cat_3162.jpg,0
data/processed/cats/Cat_3163.jpg,0
data/processed/cats/Cat_3164.jpg,0
data/processed/cats/Cat_3165.jpg,0
data/processed/cats/Cat_3169.jpg,0
data/processed/cats/Cat_317.jpg,0
data/processed/cats/Cat_3170.jpg,0
data/processed/cats/Cat_3171.jpg,0
data/processed/cats/Cat_3172.jpg,0
data/processed/cats/Cat_3174.jpg,0
data/processed/cats/Cat_3175.jpg,0
data/processed/cats/Cat_3176.jpg,0
data/processed/cats/Cat_3177.jpg,0
data/processed/cats/Cat_3178.jpg,0
data/processed/cats/Cat_3179.jpg,0
data/processed/cats/Cat_318.jpg,0
data/processed/cats/Cat_3180.jpg,0
data/processed/cats/Cat_3182.jpg,0
data/processed/cats/Cat_3183.jpg,0
data/processed/cats/Cat_3184.jpg,0
data/processed/cats/Cat_3185.jpg,0
data/processed/cats/Cat_3187.jpg,0
data/processed/cats/Cat_3188.jpg,0
data/processed/cats/Cat_3189.jpg,0
data/processed/cats/Cat_319.jpg,0
data/processed/cats/Cat_3190.jpg,0
data/processed/cats/Cat_3191.jpg,0
data/processed/cats/Cat_3192.jpg,0
data/processed/cats/Cat_3193.jpg,0
data/processed/cats/Cat_3195.jpg,0
data/processed/cats/Cat_3196.jpg,0
data/processed/cats/Cat_3197.jpg,0
data/processed/cats/Cat_3199.jpg,0
data/processed/cats/Cat_320.jpg,0
data/processed/cats/Cat_3200.jpg,0
data/processed/cats/Cat_3201.jpg,0
data/processed/cats/Cat_3202.jpg,0
data/processed/cats/Cat_3203.jpg,0
data/processed/cats/Cat_3204.jpg,0
data/processed/cats/Cat_3205.jpg,0
data/processed/cats/Cat_3206.jpg,0
data/processed/cats/Cat_3207.jpg,0
data/processed/cats/Cat_3208.jpg,0
data/processed/cats/Cat_3209.jpg,0
data/processed/cats/Cat_321.jpg,0
data/processed/cats/Cat_3210.jpg,0
data/processed/cats/Cat_3211.jpg,0
data/processed/cats/Cat_3212.jpg,0
data/processed/cats/Cat_3213.jpg,0
data/processed/cats/Cat_3214.jpg,0
data/processed/cats/Cat_3216.jpg,0
data/processed/cats/Cat_3217.jpg,0
data/processed/cats/Cat_3218.jpg,0
data/processed/cats/Cat_322.jpg,0
data/processed/cats/Cat_3220.jpg,0
data/processed/cats/Cat_3222.jpg,0
data/processed/cats/Cat_3224.jpg,0
data/processed/cats/Cat_3225.jpg,0
data/processed/cats/Cat_3227.jpg,0
data/processed/cats/Cat_3228.jpg,0
data/processed/cats/Cat_3229.jpg,0
data/processed/cats/Cat_3230.jpg,0
data/processed/cats/Cat_3231.jpg,0
data/processed/cats/Cat_3232.jpg,0
data/processed/cats/Cat_3233.jpg,0
data/processed/cats/Cat_3234.jpg,0
data/processed/cats/Cat_3235.jpg,0
data/processed/cats/Cat_3236.jpg,0
data/processed/cats/Cat_3237.jpg,0
data/processed/cats/Cat_3238.jpg,0
data/processed/cats/Cat_3239.jpg,0
data/processed/cats/Cat_324.jpg,0
data/processed/cats/Cat_3240.jpg,0
data/processed/cats/Cat_3241.jpg,0
data/processed/cats/Cat_3242.jpg,0
data/processed/cats/Cat_3243.jpg,0
data/processed/cats/Cat_3244.jpg,0
data/processed/cats/Cat_3245.jpg,0
data/processed/cats/Cat_3246.jpg,0
data/processed/cats/Cat_3247.jpg,0
data/processed/cats/Cat_3248.jpg,0
data/processed/cats/Cat_3249.jpg,0
data/processed/cats/Cat_325.jpg,0
data/processed/cats/Cat_3250.jpg,0
data/processed/cats/Cat_3251.jpg,0
data/processed/cats/Cat_3253.jpg,0
data/processed/cats/Cat_3254.jpg,0
data/processed/cats/Cat_3255.jpg,0
data/processed/cats/Cat_3256.jpg,0
data/processed/cats/Cat_3258.jpg,0
data/processed/cats/Cat_3259.jpg,0
data/processed/cats/Cat_326.jpg,0
data/processed/cats/Cat_3260.jpg,0
data/processed/cats/Cat_3261.jpg,0
data/processed/cats/Cat_3263.jpg,0
data/processed/cats/Cat_3264.jpg,0
data/processed/cats/Cat_3265.jpg,0
data/processed/cats/Cat_3266.jpg,0
data/processed/cats/Cat_3267.jpg,0
data/processed/cats/Cat_3268.jpg,0
data/processed/cats/Cat_3269.jpg,0
data/processed/cats/Cat_327.jpg,0
data/processed/cats/Cat_3270.jpg,0
data/processed/cats/Cat_3271.jpg,0
data/processed/cats/Cat_3272.jpg,0
data/processed/cats/Cat_3273.jpg,0
data/processed/cats/Cat_3275.jpg,0
data/processed/cats/Cat_3277.jpg,0
data/processed/cats/Cat_3278.jpg,0
data/processed/cats/Cat_3279.jpg,0
data/processed/cats/Cat_328.jpg,0
data/processed/cats/Cat_3280.jpg,0
data/processed/cats/Cat_3281.jpg,0
data/processed/cats/Cat_3282.jpg,0
data/processed/cats/Cat_3283.jpg,0
data/processed/cats/Cat_3284.jpg,0
data/processed/cats/Cat_3285.jpg,0
data/processed/cats/Cat_3286.jpg,0
data/processed/cats/Cat_3288.jpg,0
data/processed/cats/Cat_3289.jpg,0
data/processed/cats/Cat_329.jpg,0
data/processed/cats/Cat_3291.jpg,0
data/processed/cats/Cat_3292.jpg,0
data/processed/cats/Cat_3293.jpg,0
data/processed/cats/Cat_3296.jpg,0
data/processed/cats/Cat_3297.jpg,0
data/processed/cats/Cat_3298.jpg,0
data/processed/cats/Cat_33.jpg,0
data/processed/cats/Cat_330.jpg,0
data/processed/cats/Cat_3300.jpg,0
data/processed/cats/Cat_3301.jpg,0
data/processed/cats/Cat_3302.jpg,0
data/processed/cats/Cat_3303.jpg,0
data/processed/cats/Cat_3305.jpg,0
data/processed/cats/Cat_3306.jpg,0
data/processed/cats/Cat_3307.jpg,0
data/processed/cats/Cat_3308.jpg,0
data/processed/cats/Cat_331.jpg,0
data/processed/cats/Cat_3310.jpg,0
data/processed/cats/Cat_3311.jpg,0
data/processed/cats/Cat_3312.jpg,0
data/processed/cats/Cat_3314.jpg,0
data/processed/cats/Cat_3315.jpg,0
data/processed/cats/Cat_3316.jpg,0
data/processed/cats/Cat_3317.jpg,0
data/processed/cats/Cat_3319.jpg,0
data/processed/cats/Cat_332.jpg,0
data/processed/cats/Cat_3320.jpg,0
data/processed/cats/Cat_3321.jpg,0
data/processed/cats/Cat_3325.jpg,0
data/processed/cats/Cat_3326.jpg,0
data/processed/cats/Cat_3328.jpg,0
data/processed/cats/Cat_3329.jpg,0
data/processed/cats/Cat_333.jpg,0
data/processed/cats/Cat_3330.jpg,0
data/processed/cats/Cat_3331.jpg,0
data/processed/cats/Cat_3332.jpg,0
data/processed/cats/Cat_3333.jpg,0
data/processed/cats/Cat_3334.jpg,0
data/processed/cats/Cat_3335.jpg,0
data/processed/cats/Cat_3336.jpg,0
data/processed/cats/Cat_3337.jpg,0
data/processed/cats/Cat_3338.jpg,0
data/processed/cats/Cat_334.jpg,0
data/processed/cats/Cat_3340.jpg,0
data/processed/cats/Cat_3343.jpg,0
data/processed/cats/Cat_3344.jpg,0
data/processed/cats/Cat_3345.jpg,0
data/processed/cats/Cat_3347.jpg,0
data/processed/cats/Cat_3348.jpg,0
data/processed/cats/Cat_3349.jpg,0
data/processed/cats/Cat_335.jpg,0
data/processed/cats/Cat_3350.jpg,0
data/processed/cats/Cat_3353.jpg,0
data/processed/cats/Cat_3354.jpg,0
data/processed/cats/Cat_3355.jpg,0
data/processed/cats/Cat_3356.jpg,0
data/processed/cats/Cat_3357.jpg,0
data/processed/cats/Cat_3359.jpg,0
data/processed/cats/Cat_3360.jpg,0
data/processed/cats/Cat_3362.jpg,0
data/processed/cats/Cat_3363.jpg,0
data/processed/cats/Cat_3364.jpg,0
data/processed/cats/Cat_3365.jpg,0
data/processed/cats/Cat_3366.jpg,0
data/processed/cats/Cat_3367.jpg,0
data/processed/cats/Cat_3368.jpg,0
data/processed/cats/Cat_337.jpg,0
data/processed/cats/Cat_3371.jpg,0
data/processed/cats/Cat_3372.jpg,0
data/processed/cats/Cat_3373.jpg,0
data/processed/cats/Cat_3374.jpg,0
data/processed/cats/Cat_3375.jpg,0
data/processed/cats/Cat_3377.jpg,0
data/processed/cats/Cat_3378.jpg,0
data/processed/cats/Cat_3379.jpg,0
data/processed/cats/Cat_338.jpg,0
data/processed/cats/Cat_3380.jpg,0
data/processed/cats/Cat_3381.jpg,0
data/processed/cats/Cat_3382.jpg,0
data/processed/cats/Cat_3384.jpg,0
data/processed/cats/Cat_3385.jpg,0
data/processed/cats/Cat_3386.jpg,0
data/processed/cats/Cat_3387.jpg,0
data/processed/cats/Cat_3388.jpg,0
data/processed/cats/Cat_3389.jpg,0
data/processed/cats/Cat_339.jpg,0
data/processed/cats/Cat_3390.jpg,0
data/processed/cats/Cat_3391.jpg,0
data/processed/cats/Cat_3392.jpg,0
data/processed/cats/Cat_3394.jpg,0
data/processed/cats/Cat_3395.jpg,0
data/processed/cats/Cat_3396.jpg,0
data/processed/cats/Cat_3397.jpg,0
data/processed/cats/Cat_3398.jpg,0
data/processed/cats/Cat_3399.jpg,0
data/processed/cats/Cat_34.jpg,0
data/processed/cats/Cat_340.jpg,0
data/processed/cats/Cat_3400.jpg,0
data/processed/cats/Cat_3401.jpg,0
data/processed/cats/Cat_3403.jpg,0
data/processed/cats/Cat_3404.jpg,0
data/processed/cats/Cat_3406.jpg,0
data/processed/cats/Cat_341.jpg,0
data/processed/cats/Cat_3410.jpg,0
data/processed/cats/Cat_3412.jpg,0
data/processed/cats/Cat_3413.jpg,0
data/processed/cats/Cat_3414.jpg,0
data/processed/cats/Cat_3415.jpg,0
data/processed/cats/Cat_3416.jpg,0
data/processed/cats/Cat_3419.jpg,0
data/processed/cats/Cat_3420.jpg,0
data/processed/cats/Cat_3421.jpg,0
data/processed/cats/Cat_3422.jpg,0
data/processed/cats/Cat_3423.jpg,0
data/processed/cats/Cat_3424.jpg,0
data/processed/cats/Cat_3425.jpg,0
data/processed/cats/Cat_3426.jpg,0
data/processed/cats/Cat_3427.jpg,0
data/processed/cats/Cat_3428.jpg,0
data/processed/cats/Cat_3429.jpg,0
data/processed/cats/Cat_343.jpg,0
data/processed/cats/Cat_3431.jpg,0
data/processed/cats/Cat_3432.jpg,0
data/processed/cats/Cat_3433.jpg,0
data/processed/cats/Cat_3436.jpg,0
data/processed/cats/Cat_3437.jpg,0
data/processed/cats/Cat_3438.jpg,0
data/processed/cats/Cat_3439.jpg,0
data/processed/cats/Cat_344.jpg,0
data/processed/cats/Cat_3440.jpg,0
data/processed/cats/Cat_3441.jpg,0
data/processed/cats/Cat_3442.jpg,0
data/processed/cats/Cat_3443.jpg,0
data/processed/cats/Cat_3444.jpg,0
data/processed/cats/Cat_3445.jpg,0
data/processed/cats/Cat_3446.jpg,0
data/processed/cats/Cat_3447.jpg,0
data/processed/cats/Cat_3449.jpg,0
data/processed/cats/Cat_345.jpg,0
data/processed/cats/Cat_3450.jpg,0
data/processed/cats/Cat_3451.jpg,0
data/processed/cats/Cat_3452.jpg,0
data/processed/cats/Cat_3453.jpg,0
data/processed/cats/Cat_3454.jpg,0
data/processed/cats/Cat_3455.jpg,0
data/processed/cats/Cat_3456.jpg,0
data/processed/cats/Cat_3459.jpg,0
data/processed/cats/Cat_346.jpg,0
data/processed/cats/Cat_3460.jpg,0
data/processed/cats/Cat_3463.jpg,0
data/processed/cats/Cat_3465.jpg,0
data/processed/cats/Cat_3466.jpg,0
data/processed/cats/Cat_3468.jpg,0
data/processed/cats/Cat_3469.jpg,0
data/processed/cats/Cat_347.jpg,0
data/processed/cats/Cat_3470.jpg,0
data/processed/cats/Cat_3471.jpg,0
data/processed/cats/Cat_3473.jpg,0
data/processed/cats/Cat_3474.jpg,0
data/processed/cats/Cat_3476.jpg,0
data/processed/cats/Cat_3477.jpg,0
data/processed/cats/Cat_3478.jpg,0
data/processed/cats/Cat_348.jpg,0
data/processed/cats/Cat_3481.jpg,0
data/processed/cats/Cat_3482.jpg,0
data/processed/cats/Cat_3483.jpg,0
data/processed/cats/Cat_3484.jpg,0
data/processed/cats/Cat_3485.jpg,0
data/processed/cats/Cat_3486.jpg,0
data/processed/cats/Cat_3487.jpg,0
data/processed/cats/Cat_3488.jpg,0
data/processed/cats/Cat_3489.jpg,0
data/processed/cats/Cat_349.jpg,0
data/processed/cats/Cat_3490.jpg,0
data/processed/cats/Cat_3491.jpg,0
data/processed/cats/Cat_3492.jpg,0
data/processed/cats/Cat_3493.jpg,0
data/processed/cats/Cat_3494.jpg,0
data/processed/cats/Cat_3495.jpg,0
data/processed/cats/Cat_3496.jpg,0
data/processed/cats/Cat_3498.jpg,0
data/processed/cats/Cat_3499.jpg,0
data/processed/cats/Cat_35.jpg,0
data/processed/cats/Cat_3500.jpg,0
data/processed/cats/Cat_3501.jpg,0
data/processed/cats/Cat_3502.jpg,0
data/processed/cats/Cat_3503.jpg,0
data/processed/cats/Cat_3504.jpg,0
data/processed/cats/Cat_3505.jpg,0
data/processed/cats/Cat_3507.jpg,0
data/processed/cats/Cat_3508.jpg,0
data/processed/cats/Cat_3509.jpg,0
data/processed/cats/Cat_3510.jpg,0
data/processed/cats/Cat_3512.jpg,0
data/processed/cats/Cat_3514.jpg,0
data/processed/cats/Cat_3515.jpg,0
data/processed/cats/Cat_3516.jpg,0
data/processed/cats/Cat_3518.jpg,0
data/processed/cats/Cat_352.jpg,0
data/processed/cats/Cat_3520.jpg,0
data/processed/cats/Cat_3521.jpg,0
data/processed/cats/Cat_3523.jpg,0
data/processed/cats/Cat_3524.jpg,0
data/processed/cats/Cat_3525.jpg,0
data/processed/cats/Cat_3526.jpg,0
data/processed/cats/Cat_3527.jpg,0
data/processed/cats/Cat_3529.jpg,0
data/processed/cats/Cat_353.jpg,0
data/processed/cats/Cat_3530.jpg,0
data/processed/cats/Cat_3532.jpg,0
data/processed/cats/Cat_3533.jpg,0
data/processed/cats/Cat_3534.jpg,0
data/processed/cats/Cat_3537.jpg,0
data/processed/cats/Cat_3538.jpg,0
data/processed/cats/Cat_3539.jpg,0
data/processed/cats/Cat_354.jpg,0
data/processed/cats/Cat_3540.jpg,0
data/processed/cats/Cat_3541.jpg,0
data/processed/cats/Cat_3542.jpg,0
data/processed/cats/Cat_3543.jpg,0
data/processed/cats/Cat_3544.jpg,0
data/processed/cats/Cat_3545.jpg,0
data/processed/cats/Cat_3546.jpg,0
data/processed/cats/Cat_3547.jpg,0
data/processed/cats/Cat_3548.jpg,0
data/processed/cats/Cat_355.jpg,0
data/processed/cats/Cat_3550.jpg,0
data/processed/cats/Cat_3551.jpg,0
data/processed/cats/Cat_3552.jpg,0
data/processed/cats/Cat_3553.jpg,0
data/processed/cats/Cat_3554.jpg,0
data/processed/cats/Cat_3555.jpg,0
data/processed/cats/Cat_3558.jpg,0
data/processed/cats/Cat_3559.jpg,0
data/processed/cats/Cat_3560.jpg,0
data/processed/cats/Cat_3562.jpg,0
data/processed/cats/Cat_3563.jpg,0
data/processed/cats/Cat_3564.jpg,0
data/processed/cats/Cat_3566.jpg,0
data/processed/cats/Cat_3567.jpg,0
data/processed/cats/Cat_3568.jpg,0
data/processed/cats/Cat_3569.jpg,0
data/processed/cats/Cat_357.jpg,0
data/processed/cats/Cat_3570.jpg,0
data/processed/cats/Cat_3571.jpg,0
data/processed/cats/Cat_3572.jpg,0
data/processed/cats/Cat_3573.jpg,0
data/processed/cats/Cat_3574.jpg,0
data/processed/cats/Cat_3575.jpg,0
data/processed/cats/Cat_3576.jpg,0
data/processed/cats/Cat_3577.jpg,0
data/processed/cats/Cat_3578.jpg,0
data/processed/cats/Cat_3579.jpg,0
data/processed/cats/Cat_358.jpg,0
data/processed/cats/Cat_3580.jpg,0
data/processed/cats/Cat_3582.jpg,0
data/processed/cats/Cat_3583.jpg,0
data/processed/cats/Cat_3585.jpg,0
data/processed/cats/Cat_3586.jpg,0
data/processed/cats/Cat_3587.jpg,0
data/processed/cats/Cat_3588.jpg,0
data/processed/cats/Cat_3589.jpg,0
data/processed/cats/Cat_359.jpg,0
data/processed/cats/Cat_3590.jpg,0
data/processed/cats/Cat_3591.jpg,0
data/processed/cats/Cat_3592.jpg,0
data/processed/cats/Cat_3594.jpg,0
data/processed/cats/Cat_3595.jpg,0
data/processed/cats/Cat_3596.jpg,0
data/processed/cats/Cat_3598.jpg,0
data/processed/cats/Cat_3599.jpg,0
data/processed/cats/Cat_360.jpg,0
data/processed/cats/Cat_3602.jpg,0
data/processed/cats/Cat_3603.jpg,0
data/processed/cats/Cat_3604.jpg,0
data/processed/cats/Cat_3605.jpg,0
data/processed/cats/Cat_3606.jpg,0
data/processed/cats/Cat_3607.jpg,0
data/processed/cats/Cat_3608.jpg,0
data/processed/cats/Cat_361.jpg,0
data/processed/cats/Cat_3610.jpg,0
data/processed/cats/Cat_3611.jpg,0
data/processed/cats/Cat_3612.jpg,0
data/processed/cats/Cat_3613.jpg,0
data/processed/cats/Cat_3614.jpg,0
data/processed/cats/Cat_3616.jpg,0
data/processed/cats/Cat_3617.jpg,0
data/processed/cats/Cat_3618.jpg,0
data/processed/cats/Cat_3619.jpg,0
data/processed/cats/Cat_362.jpg,0
data/processed/cats/Cat_3620.jpg,0
data/processed/cats/Cat_3622.jpg,0
data/processed/cats/Cat_3623.jpg,0
data/processed/cats/Cat_3624.jpg,0
data/processed/cats/Cat_3625.jpg,0
data/processed/cats/Cat_3627.jpg,0
data/processed/cats/Cat_3628.jpg,0
data/processed/cats/Cat_363.jpg,0
data/processed/cats/Cat_3630.jpg,0
data/processed/cats/Cat_3631.jpg,0
data/processed/cats/Cat_3632.jpg,0
data/processed/cats/Cat_3633.jpg,0
data/processed/cats/Cat_3635.jpg,0
data/processed/cats/Cat_3636.jpg,0
data/processed/cats/Cat_3637.jpg,0
data/processed/cats/Cat_3638.jpg,0
data/processed/cats/Cat_3639.jpg,0
data/processed/cats/Cat_3640.jpg,0
data/processed/cats/Cat_3641.jpg,0
data/processed/cats/Cat_3642.jpg,0
data/processed/cats/Cat_3643.jpg,0
data/processed/cats/Cat_3644.jpg,0
data/processed/cats/Cat_3645.jpg,0
data/processed/cats/Cat_3647.jpg,0
data/processed/cats/Cat_3648.jpg,0
data/processed/cats/Cat_365.jpg,0
data/processed/cats/Cat_3650.jpg,0
data/processed/cats/Cat_3654.jpg,0
data/processed/cats/Cat_3655.jpg,0
data/processed/cats/Cat_3656.jpg,0
data/processed/cats/Cat_3657.jpg,0
data/processed/cats/Cat_3658.jpg,0
data/processed/cats/Cat_3659.jpg,0
data/processed/cats/Cat_366.jpg,0
data/processed/cats/Cat_3660.jpg,0
data/processed/cats/Cat_3661.jpg,0
data/processed/cats/Cat_3662.jpg,0
data/processed/cats/Cat_3663.jpg,0
data/processed/cats/Cat_3664.jpg,0
data/processed/cats/Cat_3666.jpg,0
data/processed/cats/Cat_3667.jpg,0
data/processed/cats/Cat_3668.jpg,0
data/processed/cats/Cat_3669.jpg,0
data/processed/cats/Cat_3670.jpg,0
data/processed/cats/Cat_3671.jpg,0
data/processed/cats/Cat_3672.jpg,0
data/processed/cats/Cat_3674.jpg,0
data/processed/cats/Cat_3675.jpg,0
data/processed/cats/Cat_3677.jpg,0
data/processed/cats/Cat_3678.jpg,0
data/processed/cats/Cat_3679.jpg,0
data/processed/cats/Cat_368.jpg,0
data/processed/cats/Cat_3680.jpg,0
data/processed/cats/Cat_3681.jpg,0
data/processed/cats/Cat_3682.jpg,0
data/processed/cats/Cat_3683.jpg,0
data/processed/cats/Cat_3684.jpg,0
data/processed/cats/Cat_3685.jpg,0
data/processed/cats/Cat_3687.jpg,0
data/processed/cats/Cat_3688.jpg,0
data/processed/cats/Cat_3689.jpg,0
data/processed/cats/Cat_3690.jpg,0
data/processed/cats/Cat_3691.jpg,0
data/processed/cats/Cat_3692.jpg,0
data/processed/cats/Cat_3693.jpg,0
data/processed/cats/Cat_3695.jpg,0
data/processed/cats/Cat_3696.jpg,0
data/processed/cats/Cat_3697.jpg,0
data/processed/cats/Cat_3698.jpg,0
data/processed/cats/Cat_3699.jpg,0
data/processed/cats/Cat_37.jpg,0
data/processed/cats/Cat_370.jpg,0
data/processed/cats/Cat_3700.jpg,0
data/processed/cats/Cat_3701.jpg,0
data/processed/cats/Cat_3702.jpg,0
data/processed/cats/Cat_3703.jpg,0
data/processed/cats/Cat_3704.jpg,0
data/processed/cats/Cat_3705.jpg,0
data/processed/cats/Cat_3706.jpg,0
data/processed/cats/Cat_3707.jpg,0
data/processed/cats/Cat_3708.jpg,0
data/processed/cats/Cat_3709.jpg,0
data/processed/cats/Cat_371.jpg,0
data/processed/cats/Cat_3710.jpg,0
data/processed/cats/Cat_3711.jpg,0
data/processed/cats/Cat_3712.jpg,0
data/processed/cats/Cat_3713.jpg,0
data/processed/cats/Cat_3714.jpg,0
data/processed/cats/Cat_3715.jpg,0
data/processed/cats/Cat_3716.jpg,0
data/processed/cats/Cat_3717.jpg,0
data/processed/cats/Cat_3718.jpg,0
data/processed/cats/Cat_3719.jpg,0
data/processed/cats/Cat_372.jpg,0
data/processed/cats/Cat_3720.jpg,0
data/processed/cats/Cat_3721.jpg,0
data/processed/cats/Cat_3722.jpg,0
data/processed/cats/Cat_3723.jpg,0
data/processed/cats/Cat_3724.jpg,0
data/processed/cats/Cat_3726.jpg,0
data/processed/cats/Cat_3727.jpg,0
data/processed/cats/Cat_3728.jpg,0
data/processed/cats/Cat_3731.jpg,0
data/processed/cats/Cat_3732.jpg,0
data/processed/cats/Cat_3734.jpg,0
data/processed/cats/Cat_3738.jpg,0
data/processed/cats/Cat_3739.jpg,0
data/processed/cats/Cat_374.jpg,0
data/processed/cats/Cat_3740.jpg,0
data/processed/cats/Cat_3742.jpg,0
data/processed/cats/Cat_3743.jpg,0
data/processed/cats/Cat_3744.jpg,0
data/processed/cats/Cat_3745.jpg,0
data/processed/cats/Cat_3746.jpg,0
data/processed/cats/Cat_3747.jpg,0
data/processed/cats/Cat_3748.jpg,0
data/processed/cats/Cat_3749.jpg,0
data/processed/cats/Cat_375.jpg,0
data/processed/cats/Cat_3750.jpg,0
data/processed/cats/Cat_3751.jpg,0
data/processed/cats/Cat_3753.jpg,0
data/processed/cats/Cat_3754.jpg,0
data/processed/cats/Cat_3755.jpg,0
data/processed/cats/Cat_3756.jpg,0
data/processed/cats/Cat_3758.jpg,0
data/processed/cats/Cat_376.jpg,0
data/processed/cats/Cat_3761.jpg,0
data/processed/cats/Cat_3762.jpg,0
data/processed/cats/Cat_3763.jpg,0
data/processed/cats/Cat_3764.jpg,0
data/processed/cats/Cat_3765.jpg,0
data/processed/cats/Cat_3767.jpg,0
data/processed/cats/Cat_3768.jpg,0
data/processed/cats/Cat_377.jpg,0
data/processed/cats/Cat_3770.jpg,0
data/processed/cats/Cat_3771.jpg,0
data/processed/cats/Cat_3772.jpg,0
data/processed/cats/Cat_3773.jpg,0
data/processed/cats/Cat_3774.jpg,0
data/processed/cats/Cat_3776.jpg,0
data/processed/cats/Cat_3777.jpg,0
data/processed/cats/Cat_3779.jpg,0
data/processed/cats/Cat_378.jpg,0
data/processed/cats/Cat_3780.jpg,0
data/processed/cats/Cat_3782.jpg,0
data/processed/cats/Cat_3783.jpg,0
data/processed/cats/Cat_3784.jpg,0
data/processed/cats/Cat_3786.jpg,0
data/processed/cats/Cat_3787.jpg,0
data/processed/cats/Cat_3788.jpg,0
data/processed/cats/Cat_379.jpg,0
data/processed/cats/Cat_3790.jpg,0
data/processed/cats/Cat_3791.jpg,0
data/processed/cats/Cat_3793.jpg,0
data/processed/cats/Cat_3794.jpg,0
data/processed/cats/Cat_3795.jpg,0
data/processed/cats/Cat_3796.jpg,0
data/processed/cats/Cat_3797.jpg,0
data/processed/cats/Cat_3798.jpg,0
data/processed/cats/Cat_3799.jpg,0
data/processed/cats/Cat_38.jpg,0
data/processed/cats/Cat_380.jpg,0
data/processed/cats/Cat_3800.jpg,0
data/processed/cats/Cat_3801.jpg,0
data/processed/cats/Cat_3802.jpg,0
data/processed/cats/Cat_3803.jpg,0
data/processed/cats/Cat_3806.jpg,0
data/processed/cats/Cat_3807.jpg,0
data/processed/cats/Cat_3809.jpg,0
data/processed/cats/Cat_381.jpg,0
data/processed/cats/Cat_3812.jpg,0
data/processed/cats/Cat_3813.jpg,0
data/processed/cats/Cat_3814.jpg,0
data/processed/cats/Cat_3815.jpg,0
data/processed/cats/Cat_3817.jpg,0
data/processed/cats/Cat_3818.jpg,0
data/processed/cats/Cat_3819.jpg,0
data/processed/cats/Cat_382.jpg,0
data/processed/cats/Cat_3820.jpg,0
data/processed/cats/Cat_3821.jpg,0
data/processed/cats/Cat_3822.jpg,0
data/processed/cats/Cat_3823.jpg,0
data/processed/cats/Cat_3824.jpg,0
data/processed/cats/Cat_3825.jpg,0
data/processed/cats/Cat_3826.jpg,0
data/processed/cats/Cat_3827.jpg,0
data/processed/cats/Cat_383.jpg,0
data/processed/cats/Cat_3830.jpg,0
data/processed/cats/Cat_3831.jpg,0
data/processed/cats/Cat_3832.jpg,0
data/processed/cats/Cat_3833.jpg,0
data/processed/cats/Cat_3834.jpg,0
data/processed/cats/Cat_3835.jpg,0
data/processed/cats/Cat_3836.jpg,0
data/processed/cats/Cat_3837.jpg,0
data/processed/cats/Cat_384.jpg,0
data/processed/cats/Cat_3841.jpg,0
data/processed/cats/Cat_3842.jpg,0
data/processed/cats/Cat_3843.jpg,0
data/processed/cats/Cat_3844.jpg,0
data/processed/cats/Cat_3845.jpg,0
data/processed/cats/Cat_3846.jpg,0
data/processed/cats/Cat_3847.jpg,0
data/processed/cats/Cat_3848.jpg,0
data/processed/cats/Cat_3849.jpg,0
data/processed/cats/Cat_385.jpg,0
data/processed/cats/Cat_3850.jpg,0
data/processed/cats/Cat_3851.jpg,0
data/processed/cats/Cat_3853.jpg,0
data/processed/cats/Cat_3854.jpg,0
data/processed/cats/Cat_3855.jpg,0
data/processed/cats/Cat_3857.jpg,0
data/processed/cats/Cat_3858.jpg,0
data/processed/cats/Cat_3859.jpg,0
data/processed/cats/Cat_386.jpg,0
data/processed/cats/Cat_3860.jpg,0
data/processed/cats/Cat_3861.jpg,0
data/processed/cats/Cat_3862.jpg,0
data/processed/cats/Cat_3863.jpg,0
data/processed/cats/Cat_3864.jpg,0
data/processed/cats/Cat_3865.jpg,0
data/processed/cats/Cat_3866.jpg,0
data/processed/cats/Cat_3867.jpg,0
data/processed/cats/Cat_3868.jpg,0
data/processed/cats/Cat_3869.jpg,0
data/processed/cats/Cat_3871.jpg,0
data/processed/cats/Cat_3873.jpg,0
data/processed/cats/Cat_3874.jpg,0
data/processed/cats/Cat_3875.jpg,0
data/processed/cats/Cat_3876.jpg,0
data/processed/cats/Cat_3877.jpg,0
data/processed/cats/Cat_3879.jpg,0
data/processed/cats/Cat_388.jpg,0
data/processed/cats/Cat_3880.jpg,0
data/processed/cats/Cat_3881.jpg,0
data/processed/cats/Cat_3883.jpg,0
data/processed/cats/Cat_3884.jpg,0
data/processed/cats/Cat_3885.jpg,0
data/processed/cats/Cat_3886.jpg,0
data/processed/cats/Cat_3887.jpg,0
data/processed/cats/Cat_3888.jpg,0
data/processed/cats/Cat_3889.jpg,0
data/processed/cats/Cat_389.jpg,0
data/processed/cats/Cat_3891.jpg,0
data/processed/cats/Cat_3892.jpg,0
data/processed/cats/Cat_3893.jpg,0
data/processed/cats/Cat_3894.jpg,0
data/processed/cats/Cat_3895.jpg,0
data/processed/cats/Cat_3896.jpg,0
data/processed/cats/Cat_3897.jpg,0
data/processed/cats/Cat_3898.jpg,0
data/processed/cats/Cat_3899.jpg,0
data/processed/cats/Cat_39.jpg,0
data/processed/cats/Cat_3900.jpg,0
data/processed/cats/Cat_3902.jpg,0
data/processed/cats/Cat_3903.jpg,0
data/processed/cats/Cat_3904.jpg,0
data/processed/cats/Cat_3905.jpg,0
data/processed/cats/Cat_3906.jpg,0
data/processed/cats/Cat_3908.jpg,0
data/processed/cats/Cat_391.jpg,0
data/processed/cats/Cat_3910.jpg,0
data/processed/cats/Cat_3911.jpg,0
data/processed/cats/Cat_3912.jpg,0
data/processed/cats/Cat_3913.jpg,0
data/processed/cats/Cat_3914.jpg,0
data/processed/cats/Cat_3915.jpg,0
data/processed/cats/Cat_3917.jpg,0
data/processed/cats/Cat_3918.jpg,0
data/processed/cats/Cat_392.jpg,0
data/processed/cats/Cat_3920.jpg,0
data/processed/cats/Cat_3921.jpg,0
data/processed/cats/Cat_3922.jpg,0
data/processed/cats/Cat_3924.jpg,0
data/processed/cats/Cat_3926.jpg,0
data/processed/cats/Cat_3927.jpg,0
data/processed/cats/Cat_3928.jpg,0
data/processed/cats/Cat_3929.jpg,0
data/processed/cats/Cat_3930.jpg,0
data/processed/cats/Cat_3933.jpg,0
data/processed/cats/Cat_3934.jpg,0
data/processed/cats/Cat_3935.jpg,0
data/processed/cats/Cat_3936.jpg,0
data/processed/cats/Cat_3938.jpg,0
data/processed/cats/Cat_3939.jpg,0
data/processed/cats/Cat_394.jpg,0
data/processed/cats/Cat_3940.jpg,0
data/processed/cats/Cat_3941.jpg,0
data/processed/cats/Cat_3942.jpg,0
data/processed/cats/Cat_3944.jpg,0
data/processed/cats/Cat_3945.jpg,0
data/processed/cats/Cat_3946.jpg,0
data/processed/cats/Cat_3949.jpg,0
data/processed/cats/Cat_3950.jpg,0
data/processed/cats/Cat_3951.jpg,0
data/processed/cats/Cat_3953.jpg,0
data/processed/cats/Cat_3954.jpg,0
data/processed/cats/Cat_3955.jpg,0
data/processed/cats/Cat_3956.jpg,0
data/processed/cats/Cat_3957.jpg,0
data/processed/cats/Cat_3959.jpg,0
data/processed/cats/Cat_396.jpg,0
data/processed/cats/Cat_3961.jpg,0
data/processed/cats/Cat_3962.jpg,0
data/processed/cats/Cat_3963.jpg,0
data/processed/cats/Cat_3964.jpg,0
data/processed/cats/Cat_3967.jpg,0
data/processed/cats/Cat_3968.jpg,0
data/processed/cats/Cat_3969.jpg,0
data/processed/cats/Cat_3970.jpg,0
data/processed/cats/Cat_3971.jpg,0
data/processed/cats/Cat_3972.jpg,0
data/processed/cats/Cat_3973.jpg,0
data/processed/cats/Cat_3974.jpg,0
data/processed/cats/Cat_3975.jpg,0
data/processed/cats/Cat_3976.jpg,0
data/processed/cats/Cat_3977.jpg,0
data/processed/cats/Cat_3978.jpg,0
data/processed/cats/Cat_398.jpg,0
data/processed/cats/Cat_3980.jpg,0
data/processed/cats/Cat_3981.jpg,0
data/processed/cats/Cat_3982.jpg,0
data/processed/cats/Cat_3983.jpg,0
data/processed/cats/Cat_3984.jpg,0
data/processed/cats/Cat_3985.jpg,0
data/processed/cats/Cat_3986.jpg,0
data/processed/cats/Cat_3987.jpg,0
data/processed/cats/Cat_3988.jpg,0
data/processed/cats/Cat_3989.jpg,0
data/processed/cats/Cat_399.jpg,0
data/processed/cats/Cat_3990.jpg,0
data/processed/cats/Cat_3991.jpg,0
data/processed/cats/Cat_3992.jpg,0
data/processed/cats/Cat_3994.jpg,0
data/processed/cats/Cat_3995.jpg,0
data/processed/cats/Cat_3996.jpg,0
data/processed/cats/Cat_3997.jpg,0
data/processed/cats/Cat_3998.jpg,0
data/processed/cats/Cat_3999.jpg,0
data/processed/cats/Cat_4.jpg,0
data/processed/cats/Cat_40.jpg,0
data/processed/cats/Cat_400.jpg,0
data/processed/cats/Cat_4000.jpg,0
data/processed/cats/Cat_4001.jpg,0
data/processed/cats/Cat_4002.jpg,0
data/processed/cats/Cat_4003.jpg,0
data/processed/cats/Cat_4004.jpg,0
data/processed/cats/Cat_4005.jpg,0
data/processed/cats/Cat_4006.jpg,0
data/processed/cats/Cat_4007.jpg,0
data/processed/cats/Cat_4008.jpg,0
data/processed/cats/Cat_4009.jpg,0
data/processed/cats/Cat_401.jpg,0
data/processed/cats/Cat_4010.jpg,0
data/processed/cats/Cat_4011.jpg,0
data/processed/cats/Cat_4012.jpg,0
data/processed/cats/Cat_4013.jpg,0
data/processed/cats/Cat_4014.jpg,0
data/processed/cats/Cat_4015.jpg,0
data/processed/cats/Cat_4018.jpg,0
data/processed/cats/Cat_4019.jpg,0
data/processed/cats/Cat_402.jpg,0
data/processed/cats/Cat_4020.jpg,0
data/processed/cats/Cat_4021.jpg,0
data/processed/cats/Cat_4022.jpg,0
data/processed/cats/Cat_4023.jpg,0
data/processed/cats/Cat_4024.jpg,0
data/processed/cats/Cat_4026.jpg,0
data/processed/cats/Cat_4027.jpg,0
data/processed/cats/Cat_4028.jpg,0
data/processed/cats/Cat_4029.jpg,0
data/processed/cats/Cat_403.jpg,0
data/processed/cats/Cat_4031.jpg,0
data/processed/cats/Cat_4032.jpg,0
data/processed/cats/Cat_4033.jpg,0
data/processed/cats/Cat_4034.jpg,0
data/processed/cats/Cat_4035.jpg,0
data/processed/cats/Cat_4036.jpg,0
data/processed/cats/Cat_4039.jpg,0
data/processed/cats/Cat_404.jpg,0
data/processed/cats/Cat_4041.jpg,0
data/processed/cats/Cat_4042.jpg,0
data/processed/cats/Cat_4043.jpg,0
data/processed/cats/Cat_4044.jpg,0
data/processed/cats/Cat_4045.jpg,0
data/processed/cats/Cat_4047.jpg,0
data/processed/cats/Cat_4048.jpg,0
data/processed/cats/Cat_4049.jpg,0
data/processed/cats/Cat_405.jpg,0
data/processed/cats/Cat_4051.jpg,0
data/processed/cats/Cat_4052.jpg,0
data/processed/cats/Cat_4054.jpg,0
data/processed/cats/Cat_4056.jpg,0
data/processed/cats/Cat_4057.jpg,0
data/processed/cats/Cat_4058.jpg,0
data/processed/cats/Cat_406.jpg,0
data/processed/cats/Cat_4060.jpg,0
data/processed/cats/Cat_4061.jpg,0
data/processed/cats/Cat_4062.jpg,0
data/processed/cats/Cat_4063.jpg,0
data/processed/cats/Cat_4065.jpg,0
data/processed/cats/Cat_4066.jpg,0
data/processed/cats/Cat_4067.jpg,0
data/processed/cats/Cat_4068.jpg,0
data/processed/cats/Cat_4069.jpg,0
data/processed/cats/Cat_4070.jpg,0
data/processed/cats/Cat_4072.jpg,0
data/processed/cats/Cat_4074.jpg,0
data/processed/cats/Cat_4076.jpg,0
data/processed/cats/Cat_4077.jpg,0
data/processed/cats/Cat_4078.jpg,0
data/processed/cats/Cat_4079.jpg,0
data/processed/cats/Cat_408.jpg,0
data/processed/cats/Cat_4080.jpg,0
data/processed/cats/Cat_4081.jpg,0
data/processed/cats/Cat_4082.jpg,0
data/processed/cats/Cat_4083.jpg,0
data/processed/cats/Cat_4084.jpg,0
data/processed/cats/Cat_4085.jpg,0
data/processed/cats/Cat_4086.jpg,0
data/processed/cats/Cat_4087.jpg,0
data/processed/cats/Cat_4088.jpg,0
data/processed/cats/Cat_4089.jpg,0
data/processed/cats/Cat_409.jpg,0
data/processed/cats/Cat_4090.jpg,0
data/processed/cats/Cat_4091.jpg,0
data/processed/cats/Cat_4092.jpg,0
data/processed/cats/Cat_4093.jpg,0
data/processed/cats/Cat_4094.jpg,0
data/processed/cats/Cat_4096.jpg,0
data/processed/cats/Cat_4097.jpg,0
data/processed/cats/Cat_4098.jpg,0
data/processed/cats/Cat_4099.jpg,0
data/processed/cats/Cat_41.jpg,0
data/processed/cats/Cat_4100.jpg,0
data/processed/cats/Cat_4102.jpg,0
data/processed/cats/Cat_4104.jpg,0
data/processed/cats/Cat_4105.jpg,0
data/processed/cats/Cat_4107.jpg,0
data/processed/cats/Cat_4108.jpg,0
data/processed/cats/Cat_4109.jpg,0
data/processed/cats/Cat_411.jpg,0
data/processed/cats/Cat_4111.jpg,0
data/processed/cats/Cat_4112.jpg,0
data/processed/cats/Cat_4114.jpg,0
data/processed/cats/Cat_4115.jpg,0
data/processed/cats/Cat_4116.jpg,0
data/processed/cats/Cat_4118.jpg,0
data/processed/cats/Cat_4119.jpg,0
data/processed/cats/Cat_412.jpg,0
data/processed/cats/Cat_4120.jpg,0
data/processed/cats/Cat_4122.jpg,0
data/processed/cats/Cat_4123.jpg,0
data/processed/cats/Cat_4124.jpg,0
data/processed/cats/Cat_4126.jpg,0
data/processed/cats/Cat_4128.jpg,0
data/processed/cats/Cat_4129.jpg,0
data/processed/cats/Cat_413.jpg,0
data/processed/cats/Cat_4130.jpg,0
data/processed/cats/Cat_4131.jpg,0
data/processed/cats/Cat_4132.jpg,0
data/processed/cats/Cat_4134.jpg,0
data/processed/cats/Cat_4136.jpg,0
data/processed/cats/Cat_4139.jpg,0
data/processed/cats/Cat_414.jpg,0
data/processed/cats/Cat_4140.jpg,0
data/processed/cats/Cat_4141.jpg,0
data/processed/cats/Cat_4142.jpg,0
data/processed/cats/Cat_4143.jpg,0
data/processed/cats/Cat_4144.jpg,0
data/processed/cats/Cat_4146.jpg,0
data/processed/cats/Cat_4147.jpg,0
data/processed/cats/Cat_4148.jpg,0
data/processed/cats/Cat_4149.jpg,0
data/processed/cats/Cat_4150.jpg,0
data/processed/cats/Cat_4151.jpg,0
data/processed/cats/Cat_4152.jpg,0
data/processed/cats/Cat_4153.jpg,0
data/processed/cats/Cat_4155.jpg,0
data/processed/cats/Cat_4156.jpg,0
data/processed/cats/Cat_4157.jpg,0
data/processed/cats/Cat_4158.jpg,0
data/processed/cats/Cat_416.jpg,0
data/processed/cats/Cat_4160.jpg,0
data/processed/cats/Cat_4163.jpg,0
data/processed/cats/Cat_4164.jpg,0
data/processed/cats/Cat_4166.jpg,0
data/processed/cats/Cat_4167.jpg,0
data/processed/cats/Cat_4168.jpg,0
data/processed/cats/Cat_4169.jpg,0
data/processed/cats/Cat_4170.jpg,0
data/processed/cats/Cat_4171.jpg,0
data/processed/cats/Cat_4172.jpg,0
data/processed/cats/Cat_4174.jpg,0
data/processed/cats/Cat_4175.jpg,0
data/processed/cats/Cat_4177.jpg,0
data/processed/cats/Cat_4178.jpg,0
data/processed/cats/Cat_4179.jpg,0
data/processed/cats/Cat_4181.jpg,0
data/processed/cats/Cat_4183.jpg,0
data/processed/cats/Cat_4184.jpg,0
data/processed/cats/Cat_4185.jpg,0
data/processed/cats/Cat_4187.jpg,0
data/processed/cats/Cat_4188.jpg,0
data/processed/cats/Cat_4189.jpg,0
data/processed/cats/Cat_419.jpg,0
data/processed/cats/Cat_4191.jpg,0
data/processed/cats/Cat_4192.jpg,0
data/processed/cats/Cat_4193.jpg,0
data/processed/cats/Cat_4194.jpg,0
data/processed/cats/Cat_4196.jpg,0
data/processed/cats/Cat_4197.jpg,0
data/processed/cats/Cat_4198.jpg,0
data/processed/cats/Cat_4199.jpg,0
data/processed/cats/Cat_42.jpg,0
data/processed/cats/Cat_420.jpg,0
data/processed/cats/Cat_4201.jpg,0
data/processed/cats/Cat_4202.jpg,0
data/processed/cats/Cat_4203.jpg,0
data/processed/cats/Cat_4204.jpg,0
data/processed/cats/Cat_4205.jpg,0
data/processed/cats/Cat_4206.jpg,0
data/processed/cats/Cat_4207.jpg,0
data/processed/cats/Cat_4208.jpg,0
data/processed/cats/Cat_4209.jpg,0
data/processed/cats/Cat_421.jpg,0
data/processed/cats/Cat_4210.jpg,0
data/processed/cats/Cat_4211.jpg,0
data/processed/cats/Cat_4212.jpg,0
data/processed/cats/Cat_4213.jpg,0
data/processed/cats/Cat_4214.jpg,0
data/processed/cats/Cat_4215.jpg,0
data/processed/cats/Cat_4216.jpg,0
data/processed/cats/Cat_4217.jpg,0
data/processed/cats/Cat_4219.jpg,0
data/processed/cats/Cat_422.jpg,0
data/processed/cats/Cat_4220.jpg,0
data/processed/cats/Cat_4222.jpg,0
data/processed/cats/Cat_4223.jpg,0
data/processed/cats/Cat_4224.jpg,0
data/processed/cats/Cat_4225.jpg,0
data/processed/cats/Cat_4226.jpg,0
data/processed/cats/Cat_4227.jpg,0
data/processed/cats/Cat_423.jpg,0
data/processed/cats/Cat_4230.jpg,0
data/processed/cats/Cat_4231.jpg,0
data/processed/cats/Cat_4232.jpg,0
data/processed/cats/Cat_4233.jpg,0
data/processed/cats/Cat_4234.jpg,0
data/processed/cats/Cat_4236.jpg,0
data/processed/cats/Cat_4238.jpg,0
data/processed/cats/Cat_4239.jpg,0
data/processed/cats/Cat_4240.jpg,0
data/processed/cats/Cat_4241.jpg,0
data/processed/cats/Cat_4242.jpg,0
data/processed/cats/Cat_4243.jpg,0
data/processed/cats/Cat_4244.jpg,0
data/processed/cats/Cat_4245.jpg,0
data/processed/cats/Cat_4246.jpg,0
data/processed/cats/Cat_4247.jpg,0
data/processed/cats/Cat_4248.jpg,0
data/processed/cats/Cat_4249.jpg,0
data/processed/cats/Cat_425.jpg,0
data/processed/cats/Cat_4250.jpg,0
data/processed/cats/Cat_4251.jpg,0
data/processed/cats/Cat_4253.jpg,0
data/processed/cats/Cat_4254.jpg,0
data/processed/cats/Cat_4255.jpg,0
data/processed/cats/Cat_4256.jpg,0
data/processed/cats/Cat_4257.jpg,0
data/processed/cats/Cat_4259.jpg,0
data/processed/cats/Cat_426.jpg,0
data/processed/cats/Cat_4260.jpg,0
data/processed/cats/Cat_4261.jpg,0
data/processed/cats/Cat_4262.jpg,0
data/processed/cats/Cat_4263.jpg,0
data/processed/cats/Cat_4264.jpg,0
data/processed/cats/Cat_4265.jpg,0
data/processed/cats/Cat_4266.jpg,0
data/processed/cats/Cat_4268.jpg,0
data/processed/cats/Cat_4269.jpg,0
data/processed/cats/Cat_427.jpg,0
data/processed/cats/Cat_4271.jpg,0
data/processed/cats/Cat_4272.jpg,0
data/processed/cats/Cat_4273.jpg,0
data/processed/cats/Cat_4275.jpg,0
data/processed/cats/Cat_4276.jpg,0
data/processed/cats/Cat_4277.jpg,0
data/processed/cats/Cat_4278.jpg,0
data/processed/cats/Cat_4279.jpg,0
data/processed/cats/Cat_428.jpg,0
data/processed/cats/Cat_4280.jpg,0
data/processed/cats/Cat_4281.jpg,0
data/processed/cats/Cat_4282.jpg,0
data/processed/cats/Cat_4284.jpg,0
data/processed/cats/Cat_4285.jpg,0
data/processed/cats/Cat_4286.jpg,0
data/processed/cats/Cat_4288.jpg,0
data/processed/cats/Cat_4289.jpg,0
data/processed/cats/Cat_429.jpg,0
data/processed/cats/Cat_4290.jpg,0
data/processed/cats/Cat_4291.jpg,0
data/processed/cats/Cat_4292.jpg,0
data/processed/cats/Cat_4293.jpg,0
data/processed/cats/Cat_4294.jpg,0
data/processed/cats/Cat_4295.jpg,0
data/processed/cats/Cat_4297.jpg,0
data/processed/cats/Cat_4299.jpg,0
data/processed/cats/Cat_430.jpg,0
data/processed/cats/Cat_4300.jpg,0
data/processed/cats/Cat_4301.jpg,0
data/processed/cats/Cat_4303.jpg,0
data/processed/cats/Cat_4304.jpg,0
data/processed/cats/Cat_4305.jpg,0
data/processed/cats/Cat_4306.jpg,0
data/processed/cats/Cat_4307.jpg,0
data/processed/cats/Cat_4308.jpg,0
data/processed/cats/Cat_4309.jpg,0
data/processed/cats/Cat_431.jpg,0
data/processed/cats/Cat_4310.jpg,0
data/processed/cats/Cat_4311.jpg,0
data/processed/cats/Cat_4315.jpg,0
data/processed/cats/Cat_4316.jpg,0
data/processed/cats/Cat_4317.jpg,0
data/processed/cats/Cat_4318.jpg,0
data/processed/cats/Cat_432.jpg,0
data/processed/cats/Cat_4320.jpg,0
data/processed/cats/Cat_4321.jpg,0
data/processed/cats/Cat_4322.jpg,0
data/processed/cats/Cat_4323.jpg,0
data/processed/cats/Cat_4324.jpg,0
data/processed/cats/Cat_4326.jpg,0
data/processed/cats/Cat_4327.jpg,0
data/processed/cats/Cat_4328.jpg,0
data/processed/cats/Cat_4329.jpg,0
data/processed/cats/Cat_433.jpg,0
data/processed/cats/Cat_4330.jpg,0
data/processed/cats/Cat_4331.jpg,0
data/processed/cats/Cat_4332.jpg,0
data/processed/cats/Cat_4333.jpg,0
data/processed/cats/Cat_4334.jpg,0
data/processed/cats/Cat_4335.jpg,0
data/processed/cats/Cat_4336.jpg,0
data/processed/cats/Cat_4337.jpg,0
data/processed/cats/Cat_4338.jpg,0
data/processed/cats/Cat_434.jpg,0
data/processed/cats/Cat_4340.jpg,0
data/processed/cats/Cat_4341.jpg,0
data/processed/cats/Cat_4342.jpg,0
data/processed/cats/Cat_4343.jpg,0
data/processed/cats/Cat_4344.jpg,0
data/processed/cats/Cat_4345.jpg,0
data/processed/cats/Cat_4346.jpg,0
data/processed/cats/Cat_4347.jpg,0
data/processed/cats/Cat_4348.jpg,0
data/processed/cats/Cat_4349.jpg,0
data/processed/cats/Cat_435.jpg,0
data/processed/cats/Cat_4350.jpg,0
data/processed/cats/Cat_4351.jpg,0
data/processed/cats/Cat_4352.jpg,0
data/processed/cats/Cat_4356.jpg,0
data/processed/cats/Cat_4357.jpg,0
data/processed/cats/Cat_4359.jpg,0
data/processed/cats/Cat_4361.jpg,0
data/processed/cats/Cat_4363.jpg,0
data/processed/cats/Cat_4364.jpg,0
data/processed/cats/Cat_4366.jpg,0
data/processed/cats/Cat_4367.jpg,0
data/processed/cats/Cat_4368.jpg,0
data/processed/cats/Cat_4369.jpg,0
data/processed/cats/Cat_437.jpg,0
data/processed/cats/Cat_4370.jpg,0
data/processed/cats/Cat_4371.jpg,0
data/processed/cats/Cat_4372.jpg,0
data/processed/cats/Cat_4373.jpg,0
data/processed/cats/Cat_4374.jpg,0
data/processed/cats/Cat_4375.jpg,0
data/processed/cats/Cat_4376.jpg,0
data/processed/cats/Cat_4378.jpg,0
data/processed/cats/Cat_4379.jpg,0
data/processed/cats/Cat_4380.jpg,0
data/processed/cats/Cat_4381.jpg,0
data/processed/cats/Cat_4382.jpg,0
data/processed/cats/Cat_4383.jpg,0
data/processed/cats/Cat_4385.jpg,0
data/processed/cats/Cat_4386.jpg,0
data/processed/cats/Cat_4388.jpg,0
data/processed/cats/Cat_4389.jpg,0
data/processed/cats/Cat_439.jpg,0
data/processed/cats/Cat_4391.jpg,0
data/processed/cats/Cat_4392.jpg,0
data/processed/cats/Cat_4394.jpg,0
data/processed/cats/Cat_4395.jpg,0
data/processed/cats/Cat_4396.jpg,0
data/processed/cats/Cat_4398.jpg,0
data/processed/cats/Cat_44.jpg,0
data/processed/cats/Cat_440.jpg,0
data/processed/cats/Cat_4400.jpg,0
data/processed/cats/Cat_4401.jpg,0
data/processed/cats/Cat_4404.jpg,0
data/processed/cats/Cat_4405.jpg,0
data/processed/cats/Cat_4408.jpg,0
data/processed/cats/Cat_4409.jpg,0
data/processed/cats/Cat_441.jpg,0
data/processed/cats/Cat_4410.jpg,0
data/processed/cats/Cat_4414.jpg,0
data/processed/cats/Cat_4415.jpg,0
data/processed/cats/Cat_4416.jpg,0
data/processed/cats/Cat_4417.jpg,0
data/processed/cats/Cat_4418.jpg,0
data/processed/cats/Cat_4419.jpg,0
data/processed/cats/Cat_442.jpg,0
data/processed/cats/Cat_4421.jpg,0
data/processed/cats/Cat_4423.jpg,0
data/processed/cats/Cat_4424.jpg,0
data/processed/cats/Cat_4425.jpg,0
data/processed/cats/Cat_4426.jpg,0
data/processed/cats/Cat_4427.jpg,0
data/processed/cats/Cat_4428.jpg,0
data/processed/cats/Cat_4429.jpg,0
data/processed/cats/Cat_4430.jpg,0
data/processed/cats/Cat_4431.jpg,0
data/processed/cats/Cat_4433.jpg,0
data/processed/cats/Cat_4434.jpg,0
data/processed/cats/Cat_4435.jpg,0
data/processed/cats/Cat_4437.jpg,0
data/processed/cats/Cat_4438.jpg,0
data/processed/cats/Cat_4439.jpg,0
data/processed/cats/Cat_444.jpg,0
data/processed/cats/Cat_4440.jpg,0
data/processed/cats/Cat_4441.jpg,0
data/processed/cats/Cat_4443.jpg,0
data/processed/cats/Cat_4444.jpg,0
data/processed/cats/Cat_4445.jpg,0
data/processed/cats/Cat_4447.jpg,0
data/processed/cats/Cat_4448.jpg,0
data/processed/cats/Cat_4449.jpg,0
data/processed/cats/Cat_445.jpg,0
data/processed/cats/Cat_4450.jpg,0
data/processed/cats/Cat_4451.jpg,0
data/processed/cats/Cat_4452.jpg,0
data/processed/cats/Cat_4453.jpg,0
data/processed/cats/Cat_4454.jpg,0
data/processed/cats/Cat_4455.jpg,0
data/processed/cats/Cat_4457.jpg,0
data/processed/cats/Cat_4458.jpg,0
data/processed/cats/Cat_4459.jpg,0
data/processed/cats/Cat_446.jpg,0
data/processed/cats/Cat_4460.jpg,0
data/processed/cats/Cat_4461.jpg,0
data/processed/cats/Cat_4462.jpg,0
data/processed/cats/Cat_4463.jpg,0
data/processed/cats/Cat_4464.jpg,0
data/processed/cats/Cat_4465.jpg,0
data/processed/cats/Cat_4467.jpg,0
data/processed/cats/Cat_4468.jpg,0
data/processed/cats/Cat_447.jpg,0
data/processed/cats/Cat_4470.jpg,0
data/processed/cats/Cat_4472.jpg,0
data/processed/cats/Cat_4473.jpg,0
data/processed/cats/Cat_4474.jpg,0
data/processed/cats/Cat_4475.jpg,0
data/processed/cats/Cat_4476.jpg,0
data/processed/cats/Cat_4477.jpg,0
data/processed/cats/Cat_4478.jpg,0
data/processed/cats/Cat_4479.jpg,0
data/processed/cats/Cat_4480.jpg,0
data/processed/cats/Cat_4481.jpg,0
data/processed/cats/Cat_4483.jpg,0
data/processed/cats/Cat_4484.jpg,0
data/processed/cats/Cat_4486.jpg,0
data/processed/cats/Cat_4488.jpg,0
data/processed/cats/Cat_4489.jpg,0
data/processed/cats/Cat_449.jpg,0
data/processed/cats/Cat_4490.jpg,0
data/processed/cats/Cat_4491.jpg,0
data/processed/cats/Cat_4492.jpg,0
data/processed/cats/Cat_4493.jpg,0
data/processed/cats/Cat_4494.jpg,0
data/processed/cats/Cat_4495.jpg,0
data/processed/cats/Cat_4496.jpg,0
data/processed/cats/Cat_4497.jpg,0
data/processed/cats/Cat_4498.jpg,0
data/processed/cats/Cat_4499.jpg,0
data/processed/cats/Cat_45.jpg,0
data/processed/cats/Cat_450.jpg,0
data/processed/cats/Cat_4500.jpg,0
data/processed/cats/Cat_4501.jpg,0
data/processed/cats/Cat_4502.jpg,0
data/processed/cats/Cat_4503.jpg,0
data/processed/cats/Cat_4505.jpg,0
data/processed/cats/Cat_4506.jpg,0
data/processed/cats/Cat_4507.jpg,0
data/processed/cats/Cat_4508.jpg,0
data/processed/cats/Cat_4509.jpg,0
data/processed/cats/Cat_4510.jpg,0
data/processed/cats/Cat_4511.jpg,0
data/processed/cats/Cat_4512.jpg,0
data/processed/cats/Cat_4514.jpg,0
data/processed/cats/Cat_4515.jpg,0
data/processed/cats/Cat_4516.jpg,0
data/processed/cats/Cat_4517.jpg,0
data/processed/cats/Cat_4518.jpg,0
data/processed/cats/Cat_4519.jpg,0
data/processed/cats/Cat_4520.jpg,0
data/processed/cats/Cat_4521.jpg,0
data/processed/cats/Cat_4522.jpg,0
data/processed/cats/Cat_4523.jpg,0
data/processed/cats/Cat_4524.jpg,0
data/processed/cats/Cat_4525.jpg,0
data/processed/cats/Cat_4527.jpg,0
data/processed/cats/Cat_4528.jpg,0
data/processed/cats/Cat_4529.jpg,0
data/processed/cats/Cat_453.jpg,0
data/processed/cats/Cat_4530.jpg,0
data/processed/cats/Cat_4531.jpg,0
data/processed/cats/Cat_4532.jpg,0
data/processed/cats/Cat_4533.jpg,0
data/processed/cats/Cat_4534.jpg,0
data/processed/cats/Cat_4536.jpg,0
data/processed/cats/Cat_4537.jpg,0
data/processed/cats/Cat_4538.jpg,0
data/processed/cats/Cat_4539.jpg,0
data/processed/cats/Cat_454.jpg,0
data/processed/cats/Cat_4540.jpg,0
data/processed/cats/Cat_4541.jpg,0
data/processed/cats/Cat_4542.jpg,0
data/processed/cats/Cat_4544.jpg,0
data/processed/cats/Cat_4546.jpg,0
data/processed/cats/Cat_4547.jpg,0
data/processed/cats/Cat_4548.jpg,0
data/processed/cats/Cat_4549.jpg,0
data/processed/cats/Cat_4550.jpg,0
data/processed/cats/Cat_4551.jpg,0
data/processed/cats/Cat_4552.jpg,0
data/processed/cats/Cat_4553.jpg,0
data/processed/cats/Cat_4554.jpg,0
data/processed/cats/Cat_4555.jpg,0
data/processed/cats/Cat_4556.jpg,0
data/processed/cats/Cat_4557.jpg,0
data/processed/cats/Cat_4558.jpg,0
data/processed/cats/Cat_4560.jpg,0
data/processed/cats/Cat_4561.jpg,0
data/processed/cats/Cat_4562.jpg,0
data/processed/cats/Cat_4563.jpg,0
data/processed/cats/Cat_4564.jpg,0
data/processed/cats/Cat_4565.jpg,0
data/processed/cats/Cat_4566.jpg,0
data/processed/cats/Cat_4567.jpg,0
data/processed/cats/Cat_4568.jpg,0
data/processed/cats/Cat_457.jpg,0
data/processed/cats/Cat_4571.jpg,0
data/processed/cats/Cat_4573.jpg,0
data/processed/cats/Cat_4574.jpg,0
data/processed/cats/Cat_4575.jpg,0
data/processed/cats/Cat_4576.jpg,0
data/processed/cats/Cat_4577.jpg,0
data/processed/cats/Cat_4579.jpg,0
data/processed/cats/Cat_458.jpg,0
data/processed/cats/Cat_4580.jpg,0
data/processed/cats/Cat_4581.jpg,0
data/processed/cats/Cat_4582.jpg,0
data/processed/cats/Cat_4583.jpg,0
data/processed/cats/Cat_4585.jpg,0
data/processed/cats/Cat_4586.jpg,0
data/processed/cats/Cat_4587.jpg,0
data/processed/cats/Cat_4589.jpg,0
data/processed/cats/Cat_4590.jpg,0
data/processed/cats/Cat_4591.jpg,0
data/processed/cats/Cat_4593.jpg,0
data/processed/cats/Cat_4594.jpg,0
data/processed/cats/Cat_4595.jpg,0
data/processed/cats/Cat_4596.jpg,0
data/processed/cats/Cat_4597.jpg,0
data/processed/cats/Cat_4598.jpg,0
data/processed/cats/Cat_4599.jpg,0
data/processed/cats/Cat_46.jpg,0
data/processed/cats/Cat_460.jpg,0
data/processed/cats/Cat_4600.jpg,0
data/processed/cats/Cat_4601.jpg,0
data/processed/cats/Cat_4602.jpg,0
data/processed/cats/Cat_4604.jpg,0
data/processed/cats/Cat_4605.jpg,0
data/processed/cats/Cat_4606.jpg,0
data/processed/cats/Cat_4607.jpg,0
data/processed/cats/Cat_4608.jpg,0
data/processed/cats/Cat_4609.jpg,0
data/processed/cats/Cat_461.jpg,0
data/processed/cats/Cat_4611.jpg,0
data/processed/cats/Cat_4612.jpg,0
data/processed/cats/Cat_4613.jpg,0
data/processed/cats/Cat_4614.jpg,0
data/processed/cats/Cat_4615.jpg,0
data/processed/cats/Cat_4616.jpg,0
data/processed/cats/Cat_4617.jpg,0
data/processed/cats/Cat_4618.jpg,0
data/processed/cats/Cat_4619.jpg,0
data/processed/cats/Cat_462.jpg,0
data/processed/cats/Cat_4621.jpg,0
data/processed/cats/Cat_4624.jpg,0
data/processed/cats/Cat_4626.jpg,0
data/processed/cats/Cat_4627.jpg,0
data/processed/cats/Cat_4628.jpg,0
data/processed/cats/Cat_4629.jpg,0
data/processed/cats/Cat_463.jpg,0
data/processed/cats/Cat_4630.jpg,0
data/processed/cats/Cat_4631.jpg,0
data/processed/cats/Cat_4632.jpg,0
data/processed/cats/Cat_4633.jpg,0
data/processed/cats/Cat_4637.jpg,0
data/processed/cats/Cat_4639.jpg,0
data/processed/cats/Cat_4640.jpg,0
data/processed/cats/Cat_4643.jpg,0
data/processed/cats/Cat_4644.jpg,0
data/processed/cats/Cat_4645.jpg,0
data/processed/cats/Cat_4646.jpg,0
data/processed/cats/Cat_4647.jpg,0
data/processed/cats/Cat_4648.jpg,0
data/processed/cats/Cat_4649.jpg,0
data/processed/cats/Cat_465.jpg,0
data/processed/cats/Cat_4650.jpg,0
data/processed/cats/Cat_4651.jpg,0
data/processed/cats/Cat_4652.jpg,0
data/processed/cats/Cat_4653.jpg,0
data/processed/cats/Cat_4654.jpg,0
data/processed/cats/Cat_4656.jpg,0
data/processed/cats/Cat_4658.jpg,0
data/processed/cats/Cat_4659.jpg,0
data/processed/cats/Cat_466.jpg,0
data/processed/cats/Cat_4660.jpg,0
data/processed/cats/Cat_4662.jpg,0
data/processed/cats/Cat_4663.jpg,0
data/processed/cats/Cat_4665.jpg,0
data/processed/cats/Cat_4666.jpg,0
data/processed/cats/Cat_4667.jpg,0
data/processed/cats/Cat_4668.jpg,0
data/processed/cats/Cat_4669.jpg,0
data/processed/cats/Cat_467.jpg,0
data/processed/cats/Cat_4670.jpg,0
data/processed/cats/Cat_4671.jpg,0
data/processed/cats/Cat_4672.jpg,0
data/processed/cats/Cat_4673.jpg,0
data/processed/cats/Cat_4674.jpg,0
data/processed/cats/Cat_4676.jpg,0
data/processed/cats/Cat_4677.jpg,0
data/processed/cats/Cat_4679.jpg,0
data/processed/cats/Cat_468.jpg,0
data/processed/cats/Cat_4680.jpg,0
data/processed/cats/Cat_4681.jpg,0
data/processed/cats/Cat_4682.jpg,0
data/processed/cats/Cat_4683.jpg,0
data/processed/cats/Cat_4684.jpg,0
data/processed/cats/Cat_4685.jpg,0
data/processed/cats/Cat_4686.jpg,0
data/processed/cats/Cat_4687.jpg,0
data/processed/cats/Cat_4688.jpg,0
data/processed/cats/Cat_469.jpg,0
data/processed/cats/Cat_4691.jpg,0
data/processed/cats/Cat_4692.jpg,0
data/processed/cats/Cat_4693.jpg,0
data/processed/cats/Cat_4694.jpg,0
data/processed/cats/Cat_4695.jpg,0
data/processed/cats/Cat_4696.jpg,0
data/processed/cats/Cat_4699.jpg,0
data/processed/cats/Cat_470.jpg,0
data/processed/cats/Cat_4701.jpg,0
data/processed/cats/Cat_4704.jpg,0
data/processed/cats/Cat_4706.jpg,0
data/processed/cats/Cat_4707.jpg,0
data/processed/cats/Cat_4708.jpg,0
data/processed/cats/Cat_4709.jpg,0
data/processed/cats/Cat_471.jpg,0
data/processed/cats/Cat_4710.jpg,0
data/processed/cats/Cat_4711.jpg,0
data/processed/cats/Cat_4712.jpg,0
data/processed/cats/Cat_4713.jpg,0
data/processed/cats/Cat_4714.jpg,0
data/processed/cats/Cat_4715.jpg,0
data/processed/cats/Cat_4716.jpg,0
data/processed/cats/Cat_4717.jpg,0
data/processed/cats/Cat_4718.jpg,0
data/processed/cats/Cat_4719.jpg,0
data/processed/cats/Cat_4720.jpg,0
data/processed/cats/Cat_4721.jpg,0
data/processed/cats/Cat_4723.jpg,0
data/processed/cats/Cat_4725.jpg,0
data/processed/cats/Cat_4726.jpg,0
data/processed/cats/Cat_4727.jpg,0
data/processed/cats/Cat_473.jpg,0
data/processed/cats/Cat_4730.jpg,0
data/processed/cats/Cat_4731.jpg,0
data/processed/cats/Cat_4732.jpg,0
data/processed/cats/Cat_4733.jpg,0
data/processed/cats/Cat_4734.jpg,0
data/processed/cats/Cat_4736.jpg,0
data/processed/cats/Cat_4737.jpg,0
data/processed/cats/Cat_474.jpg,0
data/processed/cats/Cat_4740.jpg,0
data/processed/cats/Cat_4741.jpg,0
data/processed/cats/Cat_4742.jpg,0
data/processed/cats/Cat_4743.jpg,0
data/processed/cats/Cat_4744.jpg,0
data/processed/cats/Cat_4745.jpg,0
data/processed/cats/Cat_4746.jpg,0
data/processed/cats/Cat_4748.jpg,0
data/processed/cats/Cat_4750.jpg,0
data/processed/cats/Cat_4751.jpg,0
data/processed/cats/Cat_4752.jpg,0
data/processed/cats/Cat_4753.jpg,0
data/processed/cats/Cat_4754.jpg,0
data/processed/cats/Cat_4757.jpg,0
data/processed/cats/Cat_4759.jpg,0
data/processed/cats/Cat_476.jpg,0
data/processed/cats/Cat_4760.jpg,0
data/processed/cats/Cat_4761.jpg,0
data/processed/cats/Cat_4762.jpg,0
data/processed/cats/Cat_4763.jpg,0
data/processed/cats/Cat_4764.jpg,0
data/processed/cats/Cat_4765.jpg,0
data/processed/cats/Cat_4766.jpg,0
data/processed/cats/Cat_4767.jpg,0
data/processed/cats/Cat_4768.jpg,0
data/processed/cats/Cat_4769.jpg,0
data/processed/cats/Cat_477.jpg,0
data/processed/cats/Cat_4770.jpg,0
data/processed/cats/Cat_4771.jpg,0
data/processed/cats/Cat_4772.jpg,0
data/processed/cats/Cat_4774.jpg,0
data/processed/cats/Cat_4775.jpg,0
data/processed/cats/Cat_4776.jpg,0
data/processed/cats/Cat_4777.jpg,0
data/processed/cats/Cat_4778.jpg,0
data/processed/cats/Cat_4779.jpg,0
data/processed/cats/Cat_478.jpg,0
data/processed/cats/Cat_4780.jpg,0
data/processed/cats/Cat_4781.jpg,0
data/processed/cats/Cat_4783.jpg,0
data/processed/cats/Cat_4784.jpg,0
data/processed/cats/Cat_4785.jpg,0
data/processed/cats/Cat_4786.jpg,0
data/processed/cats/Cat_4788.jpg,0
data/processed/cats/Cat_4789.jpg,0
data/processed/cats/Cat_479.jpg,0
data/processed/cats/Cat_4790.jpg,0
data/processed/cats/Cat_4791.jpg,0
data/processed/cats/Cat_4792.jpg,0
data/processed/cats/Cat_4793.jpg,0
data/processed/cats/Cat_4794.jpg,0
data/processed/cats/Cat_4795.jpg,0
data/processed/cats/Cat_4796.jpg,0
data/processed/cats/Cat_4797.jpg,0
data/processed/cats/Cat_48.jpg,0
data/processed/cats/Cat_480.jpg,0
data/processed/cats/Cat_4800.jpg,0
data/processed/cats/Cat_4801.jpg,0
data/processed/cats/Cat_4802.jpg,0
data/processed/cats/Cat_4803.jpg,0
data/processed/cats/Cat_4804.jpg,0
data/processed/cats/Cat_4805.jpg,0
data/processed/cats/Cat_4808.jpg,0
data/processed/cats/Cat_4809.jpg,0
data/processed/cats/Cat_481.jpg,0
data/processed/cats/Cat_4813.jpg,0
data/processed/cats/Cat_4814.jpg,0
data/processed/cats/Cat_4815.jpg,0
data/processed/cats/Cat_4816.jpg,0
data/processed/cats/Cat_4817.jpg,0
data/processed/cats/Cat_4818.jpg,0
data/processed/cats/Cat_4819.jpg,0
data/processed/cats/Cat_482.jpg,0
data/processed/cats/Cat_4820.jpg,0
data/processed/cats/Cat_4822.jpg,0
data/processed/cats/Cat_4823.jpg,0
data/processed/cats/Cat_4824.jpg,0
data/processed/cats/Cat_4825.jpg,0
data/processed/cats/Cat_4826.jpg,0
data/processed/cats/Cat_4827.jpg,0
data/processed/cats/Cat_4828.jpg,0
data/processed/cats/Cat_4829.jpg,0
data/processed/cats/Cat_483.jpg,0
data/processed/cats/Cat_4830.jpg,0
data/processed/cats/Cat_4831.jpg,0
data/processed/cats/Cat_4832.jpg,0
data/processed/cats/Cat_4833.jpg,0
data/processed/cats/Cat_4834.jpg,0
data/processed/cats/Cat_4835.jpg,0
data/processed/cats/Cat_4837.jpg,0
data/processed/cats/Cat_484.jpg,0
data/processed/cats/Cat_4840.jpg,0
data/processed/cats/Cat_4842.jpg,0
data/processed/cats/Cat_4843.jpg,0
data/processed/cats/Cat_4844.jpg,0
data/processed/cats/Cat_4845.jpg,0
data/processed/cats/Cat_4846.jpg,0
data/processed/cats/Cat_4849.jpg,0
data/processed/cats/Cat_485.jpg,0
data/processed/cats/Cat_4851.jpg,0
data/processed/cats/Cat_4852.jpg,0
data/processed/cats/Cat_4854.jpg,0
data/processed/cats/Cat_4855.jpg,0
data/processed/cats/Cat_4856.jpg,0
data/processed/cats/Cat_4858.jpg,0
data/processed/cats/Cat_4859.jpg,0
data/processed/cats/Cat_486.jpg,0
data/processed/cats/Cat_4860.jpg,0
data/processed/cats/Cat_4861.jpg,0
data/processed/cats/Cat_4863.jpg,0
data/processed/cats/Cat_4864.jpg,0
data/processed/cats/Cat_4865.jpg,0
data/processed/cats/Cat_4866.jpg,0
data/processed/cats/Cat_4867.jpg,0
data/processed/cats/Cat_4869.jpg,0
data/processed/cats/Cat_4870.jpg,0
data/processed/cats/Cat_4871.jpg,0
data/processed/cats/Cat_4872.jpg,0
data/processed/cats/Cat_4873.jpg,0
data/processed/cats/Cat_4876.jpg,0
data/processed/cats/Cat_4878.jpg,0
data/processed/cats/Cat_4879.jpg,0
data/processed/cats/Cat_4881.jpg,0
data/processed/cats/Cat_4882.jpg,0
data/processed/cats/Cat_4883.jpg,0
data/processed/cats/Cat_4884.jpg,0
data/processed/cats/Cat_4885.jpg,0
data/processed/cats/Cat_4887.jpg,0
data/processed/cats/Cat_4888.jpg,0
data/processed/cats/Cat_4889.jpg,0
data/processed/cats/Cat_489.jpg,0
data/processed/cats/Cat_4890.jpg,0
data/processed/cats/Cat_4891.jpg,0
data/processed/cats/Cat_4892.jpg,0
data/processed/cats/Cat_4893.jpg,0
data/processed/cats/Cat_4894.jpg,0
data/processed/cats/Cat_4895.jpg,0
data/processed/cats/Cat_4896.jpg,0
data/processed/cats/Cat_4897.jpg,0
data/processed/cats/Cat_4898.jpg,0
data/processed/cats/Cat_49.jpg,0
data/processed/cats/Cat_490.jpg,0
data/processed/cats/Cat_4900.jpg,0
data/processed/cats/Cat_4901.jpg,0
data/processed/cats/Cat_4902.jpg,0
data/processed/cats/Cat_4903.jpg,0
data/processed/cats/Cat_4904.jpg,0
data/processed/cats/Cat_4905.jpg,0
data/processed/cats/Cat_4906.jpg,0
data/processed/cats/Cat_4907.jpg,0
data/processed/cats/Cat_4908.jpg,0
data/processed/cats/Cat_4909.jpg,0
data/processed/cats/Cat_491.jpg,0
data/processed/cats/Cat_4910.jpg,0
data/processed/cats/Cat_4911.jpg,0
data/processed/cats/Cat_4912.jpg,0
data/processed/cats/Cat_4913.jpg,0
data/processed/cats/Cat_4914.jpg,0
data/processed/cats/Cat_4916.jpg,0
data/processed/cats/Cat_4917.jpg,0
data/processed/cats/Cat_4918.jpg,0
data/processed/cats/Cat_4919.jpg,0
data/processed/cats/Cat_492.jpg,0
data/processed/cats/Cat_4920.jpg,0
data/processed/cats/Cat_4921.jpg,0
data/processed/cats/Cat_4922.jpg,0
data/processed/cats/Cat_4923.jpg,0
data/processed/cats/Cat_4924.jpg,0
data/processed/cats/Cat_4926.jpg,0
data/processed/cats/Cat_4927.jpg,0
data/processed/cats/Cat_4928.jpg,0
data/processed/cats/Cat_4929.jpg,0
data/processed/cats/Cat_493.jpg,0
data/processed/cats/Cat_4931.jpg,0
data/processed/cats/Cat_4932.jpg,0
data/processed/cats/Cat_4933.jpg,0
data/processed/cats/Cat_4935.jpg,0
data/processed/cats/Cat_4936.jpg,0
data/processed/cats/Cat_4937.jpg,0
data/processed/cats/Cat_4938.jpg,0
data/processed/cats/Cat_4939.jpg,0
data/processed/cats/Cat_494.jpg,0
data/processed/cats/Cat_4940.jpg,0
data/processed/cats/Cat_4943.jpg,0
data/processed/cats/Cat_4944.jpg,0
data/processed/cats/Cat_4945.jpg,0
data/processed/cats/Cat_4946.jpg,0
data/processed/cats/Cat_4947.jpg,0
data/processed/cats/Cat_4948.jpg,0
data/processed/cats/Cat_4949.jpg,0
data/processed/cats/Cat_495.jpg,0
data/processed/cats/Cat_4955.jpg,0
data/processed/cats/Cat_4956.jpg,0
data/processed/cats/Cat_4958.jpg,0
data/processed/cats/Cat_4959.jpg,0
data/processed/cats/Cat_496.jpg,0
data/processed/cats/Cat_4960.jpg,0
data/processed/cats/Cat_4961.jpg,0
data/processed/cats/Cat_4962.jpg,0
data/processed/cats/Cat_4964.jpg,0
data/processed/cats/Cat_4966.jpg,0
data/processed/cats/Cat_4967.jpg,0
data/processed/cats/Cat_4969.jpg,0
data/processed/cats/Cat_497.jpg,0
data/processed/cats/Cat_4970.jpg,0
data/processed/cats/Cat_4971.jpg,0
data/processed/cats/Cat_4972.jpg,0
data/processed/cats/Cat_4973.jpg,0
data/processed/cats/Cat_4975.jpg,0
data/processed/cats/Cat_4976.jpg,0
data/processed/cats/Cat_4977.jpg,0
data/processed/cats/Cat_4978.jpg,0
data/processed/cats/Cat_4979.jpg,0
data/processed/cats/Cat_498.jpg,0
data/processed/cats/Cat_4981.jpg,0
data/processed/cats/Cat_4982.jpg,0
data/processed/cats/Cat_4983.jpg,0
data/processed/cats/Cat_4985.jpg,0
data/processed/cats/Cat_4986.jpg,0
data/processed/cats/Cat_4987.jpg,0
data/processed/cats/Cat_4988.jpg,0
data/processed/cats/Cat_4989.jpg,0
data/processed/cats/Cat_499.jpg,0
data/processed/cats/Cat_4990.jpg,0
data/processed/cats/Cat_4994.jpg,0
data/processed/cats/Cat_4995.jpg,0
data/processed/cats/Cat_4997.jpg,0
data/processed/cats/Cat_5.jpg,0
data/processed/cats/Cat_50.jpg,0
data/processed/cats/Cat_500.jpg,0
data/processed/cats/Cat_5000.jpg,0
data/processed/cats/Cat_5002.jpg,0
data/processed/cats/Cat_5003.jpg,0
data/processed/cats/Cat_5004.jpg,0
data/processed/cats/Cat_5005.jpg,0
data/processed/cats/Cat_5006.jpg,0
data/processed/cats/Cat_5007.jpg,0
data/processed/cats/Cat_5008.jpg,0
data/processed/cats/Cat_5009.jpg,0
data/processed/cats/Cat_501.jpg,0
data/processed/cats/Cat_5010.jpg,0
data/processed/cats/Cat_5012.jpg,0
data/processed/cats/Cat_5013.jpg,0
data/processed/cats/Cat_5014.jpg,0
data/processed/cats/Cat_5015.jpg,0
data/processed/cats/Cat_5016.jpg,0
data/processed/cats/Cat_5018.jpg,0
data/processed/cats/Cat_5019.jpg,0
data/processed/cats/Cat_502.jpg,0
data/processed/cats/Cat_5022.jpg,0
data/processed/cats/Cat_5023.jpg,0
data/processed/cats/Cat_5024.jpg,0
data/processed/cats/Cat_5025.jpg,0
data/processed/cats/Cat_5026.jpg,0
data/processed/cats/Cat_5027.jpg,0
data/processed/cats/Cat_5028.jpg,0
data/processed/cats/Cat_5029.jpg,0
data/processed/cats/Cat_5031.jpg,0
data/processed/cats/Cat_5032.jpg,0
data/processed/cats/Cat_5033.jpg,0
data/processed/cats/Cat_5034.jpg,0
data/processed/cats/Cat_5036.jpg,0
data/processed/cats/Cat_5038.jpg,0
data/processed/cats/Cat_5039.jpg,0
data/processed/cats/Cat_504.jpg,0
data/processed/cats/Cat_5040.jpg,0
data/processed/cats/Cat_5041.jpg,0
data/processed/cats/Cat_5042.jpg,0
data/processed/cats/Cat_5043.jpg,0
data/processed/cats/Cat_5045.jpg,0
data/processed/cats/Cat_5046.jpg,0
data/processed/cats/Cat_5047.jpg,0
data/processed/cats/Cat_5049.jpg,0
data/processed/cats/Cat_5050.jpg,0
data/processed/cats/Cat_5053.jpg,0
data/processed/cats/Cat_5054.jpg,0
data/processed/cats/Cat_5055.jpg,0
data/processed/cats/Cat_5058.jpg,0
data/processed/cats/Cat_5059.jpg,0
data/processed/cats/Cat_506.jpg,0
data/processed/cats/Cat_5061.jpg,0
data/processed/cats/Cat_5062.jpg,0
data/processed/cats/Cat_5063.jpg,0
data/processed/cats/Cat_5064.jpg,0
data/processed/cats/Cat_5065.jpg,0
data/processed/cats/Cat_5066.jpg,0
data/processed/cats/Cat_5067.jpg,0
data/processed/cats/Cat_5069.jpg,0
data/processed/cats/Cat_507.jpg,0
data/processed/cats/Cat_5070.jpg,0
data/processed/cats/Cat_5073.jpg,0
data/processed/cats/Cat_5075.jpg,0
data/processed/cats/Cat_5076.jpg,0
data/processed/cats/Cat_5077.jpg,0
data/processed/cats/Cat_5078.jpg,0
data/processed/cats/Cat_5079.jpg,0
data/processed/cats/Cat_5080.jpg,0
data/processed/cats/Cat_5081.jpg,0
data/processed/cats/Cat_5082.jpg,0
data/processed/cats/Cat_5083.jpg,0
data/processed/cats/Cat_5084.jpg,0
data/processed/cats/Cat_5086.jpg,0
data/processed/cats/Cat_5088.jpg,0
data/processed/cats/Cat_509.jpg,0
data/processed/cats/Cat_5090.jpg,0
data/processed/cats/Cat_5091.jpg,0
data/processed/cats/Cat_5092.jpg,0
data/processed/cats/Cat_5093.jpg,0
data/processed/cats/Cat_5094.jpg,0
data/processed/cats/Cat_5096.jpg,0
data/processed/cats/Cat_5097.jpg,0
data/processed/cats/Cat_5098.jpg,0
data/processed/cats/Cat_510.jpg,0
data/processed/cats/Cat_5101.jpg,0
data/processed/cats/Cat_5102.jpg,0
data/processed/cats/Cat_5104.jpg,0
data/processed/cats/Cat_5105.jpg,0
data/processed/cats/Cat_5106.jpg,0
data/processed/cats/Cat_5107.jpg,0
data/processed/cats/Cat_5108.jpg,0
data/processed/cats/Cat_5109.jpg,0
data/processed/cats/Cat_5110.jpg,0
data/processed/cats/Cat_5111.jpg,0
data/processed/cats/Cat_5112.jpg,0
data/processed/cats/Cat_5113.jpg,0
data/processed/cats/Cat_5114.jpg,0
data/processed/cats/Cat_5115.jpg,0
data/processed/cats/Cat_5116.jpg,0
data/processed/cats/Cat_5117.jpg,0
data/processed/cats/Cat_5118.jpg,0
data/processed/cats/Cat_512.jpg,0
data/processed/cats/Cat_5120.jpg,0
data/processed/cats/Cat_5121.jpg,0
data/processed/cats/Cat_5123.jpg,0
data/processed/cats/Cat_5124.jpg,0
data/processed/cats/Cat_5125.jpg,0
data/processed/cats/Cat_5126.jpg,0
data/processed/cats/Cat_5128.jpg,0
data/processed/cats/Cat_5129.jpg,0
data/processed/cats/Cat_513.jpg,0
data/processed/cats/Cat_5130.jpg,0
data/processed/cats/Cat_5131.jpg,0
data/processed/cats/Cat_5132.jpg,0
data/processed/cats/Cat_5133.jpg,0
data/processed/cats/Cat_5134.jpg,0
data/processed/cats/Cat_5135.jpg,0
data/processed/cats/Cat_5138.jpg,0
data/processed/cats/Cat_5140.jpg,0
data/processed/cats/Cat_5141.jpg,0
data/processed/cats/Cat_5142.jpg,0
data/processed/cats/Cat_5143.jpg,0
data/processed/cats/Cat_5144.jpg,0
data/processed/cats/Cat_5145.jpg,0
data/processed/cats/Cat_5146.jpg,0
data/processed/cats/Cat_5147.jpg,0
data/processed/cats/Cat_5148.jpg,0
data/processed/cats/Cat_515.jpg,0
data/processed/cats/Cat_5152.jpg,0
data/processed/cats/Cat_5154.jpg,0
data/processed/cats/Cat_5156.jpg,0
data/processed/cats/Cat_5158.jpg,0
data/processed/cats/Cat_5162.jpg,0
data/processed/cats/Cat_5163.jpg,0
data/processed/cats/Cat_5164.jpg,0
data/processed/cats/Cat_5165.jpg,0
data/processed/cats/Cat_5166.jpg,0
data/processed/cats/Cat_5167.jpg,0
data/processed/cats/Cat_5168.jpg,0
data/processed/cats/Cat_5169.jpg,0
data/processed/cats/Cat_517.jpg,0
data/processed/cats/Cat_5170.jpg,0
data/processed/cats/Cat_5173.jpg,0
data/processed/cats/Cat_5176.jpg,0
data/processed/cats/Cat_5177.jpg,0
data/processed/cats/Cat_5178.jpg,0
data/processed/cats/Cat_5179.jpg,0
data/processed/cats/Cat_518.jpg,0
data/processed/cats/Cat_5181.jpg,0
data/processed/cats/Cat_5182.jpg,0
data/processed/cats/Cat_5183.jpg,0
data/processed/cats/Cat_5185.jpg,0
data/processed/cats/Cat_5186.jpg,0
data/processed/cats/Cat_5188.jpg,0
data/processed/cats/Cat_5189.jpg,0
data/processed/cats/Cat_519.jpg,0
data/processed/cats/Cat_5191.jpg,0
data/processed/cats/Cat_5192.jpg,0
data/processed/cats/Cat_5193.jpg,0
data/processed/cats/Cat_5194.jpg,0
data/processed/cats/Cat_5195.jpg,0
data/processed/cats/Cat_5197.jpg,0
data/processed/cats/Cat_5198.jpg,0
data/processed/cats/Cat_5199.jpg,0
data/processed/cats/Cat_52.jpg,0
data/processed/cats/Cat_520.jpg,0
data/processed/cats/Cat_5200.jpg,0
data/processed/cats/Cat_5201.jpg,0
data/processed/cats/Cat_5202.jpg,0
data/processed/cats/Cat_5203.jpg,0
data/processed/cats/Cat_5204.jpg,0
data/processed/cats/Cat_5206.jpg,0
data/processed/cats/Cat_5208.jpg,0
data/processed/cats/Cat_521.jpg,0
data/processed/cats/Cat_5210.jpg,0
data/processed/cats/Cat_5211.jpg,0
data/processed/cats/Cat_5212.jpg,0
data/processed/cats/Cat_5214.jpg,0
data/processed/cats/Cat_5216.jpg,0
data/processed/cats/Cat_5217.jpg,0
data/processed/cats/Cat_5218.jpg,0
data/processed/cats/Cat_522.jpg,0
data/processed/cats/Cat_5221.jpg,0
data/processed/cats/Cat_5222.jpg,0
data/processed/cats/Cat_5223.jpg,0
data/processed/cats/Cat_5225.jpg,0
data/processed/cats/Cat_5226.jpg,0
data/processed/cats/Cat_5227.jpg,0
data/processed/cats/Cat_5228.jpg,0
data/processed/cats/Cat_5229.jpg,0
data/processed/cats/Cat_523.jpg,0
data/processed/cats/Cat_5230.jpg,0
data/processed/cats/Cat_5231.jpg,0
data/processed/cats/Cat_5232.jpg,0
data/processed/cats/Cat_5234.jpg,0
data/processed/cats/Cat_5236.jpg,0
data/processed/cats/Cat_5237.jpg,0
data/processed/cats/Cat_5238.jpg,0
data/processed/cats/Cat_5239.jpg,0
data/processed/cats/Cat_524.jpg,0
data/processed/cats/Cat_5242.jpg,0
data/processed/cats/Cat_5243.jpg,0
data/processed/cats/Cat_5245.jpg,0
data/processed/cats/Cat_5246.jpg,0
data/processed/cats/Cat_5248.jpg,0
data/processed/cats/Cat_5249.jpg,0
data/processed/cats/Cat_525.jpg,0
data/processed/cats/Cat_5250.jpg,0
data/processed/cats/Cat_5251.jpg,0
data/processed/cats/Cat_5253.jpg,0
data/processed/cats/Cat_5254.jpg,0
data/processed/cats/Cat_5255.jpg,0
data/processed/cats/Cat_5256.jpg,0
data/processed/cats/Cat_5258.jpg,0
data/processed/cats/Cat_5259.jpg,0
data/processed/cats/Cat_526.jpg,0
data/processed/cats/Cat_5260.jpg,0
data/processed/cats/Cat_5261.jpg,0
data/processed/cats/Cat_5262.jpg,0
data/processed/cats/Cat_5266.jpg,0
data/processed/cats/Cat_5267.jpg,0
data/processed/cats/Cat_5268.jpg,0
data/processed/cats/Cat_527.jpg,0
data/processed/cats/Cat_5270.jpg,0
data/processed/cats/Cat_5271.jpg,0
data/processed/cats/Cat_5272.jpg,0
data/processed/cats/Cat_5273.jpg,0
data/processed/cats/Cat_5274.jpg,0
data/processed/cats/Cat_5275.jpg,0
data/processed/cats/Cat_5277.jpg,0
data/processed/cats/Cat_5278.jpg,0
data/processed/cats/Cat_5279.jpg,0
data/processed/cats/Cat_528.jpg,0
data/processed/cats/Cat_5280.jpg,0
data/processed/cats/Cat_5281.jpg,0
data/processed/cats/Cat_5282.jpg,0
data/processed/cats/Cat_5283.jpg,0
data/processed/cats/Cat_5284.jpg,0
data/processed/cats/Cat_5285.jpg,0
data/processed/cats/Cat_5286.jpg,0
data/processed/cats/Cat_5287.jpg,0
data/processed/cats/Cat_5289.jpg,0
data/processed/cats/Cat_529.jpg,0
data/processed/cats/Cat_5290.jpg,0
data/processed/cats/Cat_5292.jpg,0
data/processed/cats/Cat_5293.jpg,0
data/processed/cats/Cat_5294.jpg,0
data/processed/cats/Cat_5296.jpg,0
data/processed/cats/Cat_5297.jpg,0
data/processed/cats/Cat_5298.jpg,0
data/processed/cats/Cat_5299.jpg,0
data/processed/cats/Cat_53.jpg,0
data/processed/cats/Cat_5300.jpg,0
data/processed/cats/Cat_5301.jpg,0
data/processed/cats/Cat_5302.jpg,0
data/processed/cats/Cat_5303.jpg,0
data/processed/cats/Cat_5305.jpg,0
data/processed/cats/Cat_5307.jpg,0
data/processed/cats/Cat_5308.jpg,0
data/processed/cats/Cat_5309.jpg,0
data/processed/cats/Cat_5310.jpg,0
data/processed/cats/Cat_5311.jpg,0
data/processed/cats/Cat_5313.jpg,0
data/processed/cats/Cat_5314.jpg,0
data/processed/cats/Cat_5315.jpg,0
data/processed/cats/Cat_5316.jpg,0
data/processed/cats/Cat_5317.jpg,0
data/processed/cats/Cat_5318.jpg,0
data/processed/cats/Cat_5319.jpg,0
data/processed/cats/Cat_532.jpg,0
data/processed/cats/Cat_5320.jpg,0
data/processed/cats/Cat_5321.jpg,0
data/processed/cats/Cat_5322.jpg,0
data/processed/cats/Cat_5323.jpg,0
data/processed/cats/Cat_5324.jpg,0
data/processed/cats/Cat_5325.jpg,0
data/processed/cats/Cat_5326.jpg,0
data/processed/cats/Cat_5327.jpg,0
data/processed/cats/Cat_533.jpg,0
data/processed/cats/Cat_5331.jpg,0
data/processed/cats/Cat_5332.jpg,0
data/processed/cats/Cat_5333.jpg,0
data/processed/cats/Cat_5334.jpg,0
data/processed/cats/Cat_5335.jpg,0
data/processed/cats/Cat_5336.jpg,0
data/processed/cats/Cat_5337.jpg,0
data/processed/cats/Cat_5338.jpg,0
data/processed/cats/Cat_5339.jpg,0
data/processed/cats/Cat_534.jpg,0
data/processed/cats/Cat_5340.jpg,0
data/processed/cats/Cat_5343.jpg,0
data/processed/cats/Cat_5344.jpg,0
data/processed/cats/Cat_5346.jpg,0
data/processed/cats/Cat_5347.jpg,0
data/processed/cats/Cat_5348.jpg,0
data/processed/cats/Cat_5349.jpg,0
data/processed/cats/Cat_535.jpg,0
data/processed/cats/Cat_5350.jpg,0
data/processed/cats/Cat_5351.jpg,0
data/processed/cats/Cat_5352.jpg,0
data/processed/cats/Cat_5355.jpg,0
data/processed/cats/Cat_5356.jpg,0
data/processed/cats/Cat_5358.jpg,0
data/processed/cats/Cat_5359.jpg,0
data/processed/cats/Cat_536.jpg,0
data/processed/cats/Cat_5360.jpg,0
data/processed/cats/Cat_5361.jpg,0
data/processed/cats/Cat_5362.jpg,0
data/processed/cats/Cat_5365.jpg,0
data/processed/cats/Cat_5366.jpg,0
data/processed/cats/Cat_5367.jpg,0
data/processed/cats/Cat_5368.jpg,0
data/processed/cats/Cat_5369.jpg,0
data/processed/cats/Cat_5370.jpg,0
data/processed/cats/Cat_5371.jpg,0
data/processed/cats/Cat_5372.jpg,0
data/processed/cats/Cat_5373.jpg,0
data/processed/cats/Cat_5374.jpg,0
data/processed/cats/Cat_5375.jpg,0
data/processed/cats/Cat_5376.jpg,0
data/processed/cats/Cat_5377.jpg,0
data/processed/cats/Cat_5378.jpg,0
data/processed/cats/Cat_5379.jpg,0
data/processed/cats/Cat_5380.jpg,0
data/processed/cats/Cat_5381.jpg,0
data/processed/cats/Cat_5382.jpg,0
data/processed/cats/Cat_5383.jpg,0
data/processed/cats/Cat_5385.jpg,0
data/processed/cats/Cat_5386.jpg,0
data/processed/cats/Cat_5387.jpg,0
data/processed/cats/Cat_5388.jpg,0
data/processed/cats/Cat_5389.jpg,0
data/processed/cats/Cat_539.jpg,0
data/processed/cats/Cat_5391.jpg,0
data/processed/cats/Cat_5392.jpg,0
data/processed/cats/Cat_5393.jpg,0
data/processed/cats/Cat_5394.jpg,0
data/processed/cats/Cat_5396.jpg,0
data/processed/cats/Cat_5397.jpg,0
data/processed/cats/Cat_5398.jpg,0
data/processed/cats/Cat_5399.jpg,0
data/processed/cats/Cat_540.jpg,0
data/processed/cats/Cat_5401.jpg,0
data/processed/cats/Cat_5403.jpg,0
data/processed/cats/Cat_5404.jpg,0
data/processed/cats/Cat_5406.jpg,0
data/processed/cats/Cat_5407.jpg,0
data/processed/cats/Cat_5409.jpg,0
data/processed/cats/Cat_541.jpg,0
data/processed/cats/Cat_5410.jpg,0
data/processed/cats/Cat_5412.jpg,0
data/processed/cats/Cat_5413.jpg,0
data/processed/cats/Cat_5414.jpg,0
data/processed/cats/Cat_5417.jpg,0
data/processed/cats/Cat_5418.jpg,0
data/processed/cats/Cat_5419.jpg,0
data/processed/cats/Cat_542.jpg,0
data/processed/cats/Cat_5420.jpg,0
data/processed/cats/Cat_5421.jpg,0
data/processed/cats/Cat_5422.jpg,0
data/processed/cats/Cat_5423.jpg,0
data/processed/cats/Cat_5426.jpg,0
data/processed/cats/Cat_5428.jpg,0
data/processed/cats/Cat_5429.jpg,0
data/processed/cats/Cat_5430.jpg,0
data/processed/cats/Cat_5432.jpg,0
data/processed/cats/Cat_5433.jpg,0
data/processed/cats/Cat_5434.jpg,0
data/processed/cats/Cat_5435.jpg,0
data/processed/cats/Cat_5436.jpg,0
data/processed/cats/Cat_5437.jpg,0
data/processed/cats/Cat_5438.jpg,0
data/processed/cats/Cat_5439.jpg,0
data/processed/cats/Cat_544.jpg,0
data/processed/cats/Cat_5440.jpg,0
data/processed/cats/Cat_5442.jpg,0
data/processed/cats/Cat_5443.jpg,0
data/processed/cats/Cat_5444.jpg,0
data/processed/cats/Cat_5445.jpg,0
data/processed/cats/Cat_5446.jpg,0
data/processed/cats/Cat_5447.jpg,0
data/processed/cats/Cat_5448.jpg,0
data/processed/cats/Cat_5449.jpg,0
data/processed/cats/Cat_5450.jpg,0
data/processed/cats/Cat_5451.jpg,0
data/processed/cats/Cat_5453.jpg,0
data/processed/cats/Cat_5455.jpg,0
data/processed/cats/Cat_5456.jpg,0
data/processed/cats/Cat_5457.jpg,0
data/processed/cats/Cat_5459.jpg,0
data/processed/cats/Cat_546.jpg,0
data/processed/cats/Cat_5460.jpg,0
data/processed/cats/Cat_5461.jpg,0
data/processed/cats/Cat_5462.jpg,0
data/processed/cats/Cat_5463.jpg,0
data/processed/cats/Cat_5464.jpg,0
data/processed/cats/Cat_5465.jpg,0
data/processed/cats/Cat_5466.jpg,0
data/processed/cats/Cat_5467.jpg,0
data/processed/cats/Cat_5468.jpg,0
data/processed/cats/Cat_5469.jpg,0
data/processed/cats/Cat_547.jpg,0
data/processed/cats/Cat_5470.jpg,0
data/processed/cats/Cat_5471.jpg,0
data/processed/cats/Cat_5472.jpg,0
data/processed/cats/Cat_5473.jpg,0
data/processed/cats/Cat_5475.jpg,0
data/processed/cats/Cat_5476.jpg,0
data/processed/cats/Cat_5477.jpg,0
data/processed/cats/Cat_5478.jpg,0
data/processed/cats/Cat_5479.jpg,0
data/processed/cats/Cat_5480.jpg,0
data/processed/cats/Cat_5481.jpg,0
data/processed/cats/Cat_5482.jpg,0
data/processed/cats/Cat_5484.jpg,0
data/processed/cats/Cat_5485.jpg,0
data/processed/cats/Cat_5487.jpg,0
data/processed/cats/Cat_5488.jpg,0
data/processed/cats/Cat_5491.jpg,0
data/processed/cats/Cat_5492.jpg,0
data/processed/cats/Cat_5494.jpg,0
data/processed/cats/Cat_5495.jpg,0
data/processed/cats/Cat_5496.jpg,0
data/processed/cats/Cat_5497.jpg,0
data/processed/cats/Cat_5498.jpg,0
data/processed/cats/Cat_5499.jpg,0
data/processed/cats/Cat_55.jpg,0
data/processed/cats/Cat_550.jpg,0
data/processed/cats/Cat_5500.jpg,0
data/processed/cats/Cat_5501.jpg,0
data/processed/cats/Cat_5502.jpg,0
data/processed/cats/Cat_5503.jpg,0
data/processed/cats/Cat_5504.jpg,0
data/processed/cats/Cat_5505.jpg,0
data/processed/cats/Cat_5507.jpg,0
data/processed/cats/Cat_5509.jpg,0
data/processed/cats/Cat_5510.jpg,0
data/processed/cats/Cat_5511.jpg,0
data/processed/cats/Cat_5512.jpg,0
data/processed/cats/Cat_5513.jpg,0
data/processed/cats/Cat_5514.jpg,0
data/processed/cats/Cat_5516.jpg,0
data/processed/cats/Cat_5517.jpg,0
data/processed/cats/Cat_5518.jpg,0
data/processed/cats/Cat_5519.jpg,0
data/processed/cats/Cat_552.jpg,0
data/processed/cats/Cat_5520.jpg,0
data/processed/cats/Cat_5522.jpg,0
data/processed/cats/Cat_5523.jpg,0
data/processed/cats/Cat_5524.jpg,0
data/processed/cats/Cat_5525.jpg,0
data/processed/cats/Cat_5526.jpg,0
data/processed/cats/Cat_5527.jpg,0
data/processed/cats/Cat_5528.jpg,0
data/processed/cats/Cat_5529.jpg,0
data/processed/cats/Cat_553.jpg,0
data/processed/cats/Cat_5530.jpg,0
data/processed/cats/Cat_5531.jpg,0
data/processed/cats/Cat_5532.jpg,0
data/processed/cats/Cat_5533.jpg,0
data/processed/cats/Cat_5534.jpg,0
data/processed/cats/Cat_5535.jpg,0
data/processed/cats/Cat_5536.jpg,0
data/processed/cats/Cat_5538.jpg,0
data/processed/cats/Cat_5539.jpg,0
data/processed/cats/Cat_5540.jpg,0
data/processed/cats/Cat_5541.jpg,0
data/processed/cats/Cat_5542.jpg,0
data/processed/cats/Cat_5543.jpg,0
data/processed/cats/Cat_5544.jpg,0
data/processed/cats/Cat_5545.jpg,0
data/processed/cats/Cat_5546.jpg,0
data/processed/cats/Cat_5549.jpg,0
data/processed/cats/Cat_555.jpg,0
data/processed/cats/Cat_5550.jpg,0
data/processed/cats/Cat_5551.jpg,0
data/processed/cats/Cat_5554.jpg,0
data/processed/cats/Cat_5555.jpg,0
data/processed/cats/Cat_5557.jpg,0
data/processed/cats/Cat_5558.jpg,0
data/processed/cats/Cat_5559.jpg,0
data/processed/cats/Cat_556.jpg,0
data/processed/cats/Cat_5560.jpg,0
data/processed/cats/Cat_5562.jpg,0
data/processed/cats/Cat_5563.jpg,0
data/processed/cats/Cat_5564.jpg,0
data/processed/cats/Cat_5569.jpg,0
data/processed/cats/Cat_557.jpg,0
data/processed/cats/Cat_5570.jpg,0
data/processed/cats/Cat_5571.jpg,0
data/processed/cats/Cat_5572.jpg,0
data/processed/cats/Cat_5573.jpg,0
data/processed/cats/Cat_5574.jpg,0
data/processed/cats/Cat_5575.jpg,0
data/processed/cats/Cat_5576.jpg,0
data/processed/cats/Cat_5578.jpg,0
data/processed/cats/Cat_5579.jpg,0
data/processed/cats/Cat_558.jpg,0
data/processed/cats/Cat_5580.jpg,0
data/processed/cats/Cat_5581.jpg,0
data/processed/cats/Cat_5582.jpg,0
data/processed/cats/Cat_5583.jpg,0
data/processed/cats/Cat_5585.jpg,0
data/processed/cats/Cat_5586.jpg,0
data/processed/cats/Cat_5587.jpg,0
data/processed/cats/Cat_5588.jpg,0
data/processed/cats/Cat_5589.jpg,0
data/processed/cats/Cat_559.jpg,0
data/processed/cats/Cat_5590.jpg,0
data/processed/cats/Cat_5591.jpg,0
data/processed/cats/Cat_5592.jpg,0
data/processed/cats/Cat_5593.jpg,0
data/processed/cats/Cat_5594.jpg,0
data/processed/cats/Cat_5595.jpg,0
data/processed/cats/Cat_5596.jpg,0
data/processed/cats/Cat_5597.jpg,0
data/processed/cats/Cat_5598.jpg,0
data/processed/cats/Cat_5599.jpg,0
data/processed/cats/Cat_56.jpg,0
data/processed/cats/Cat_560.jpg,0
data/processed/cats/Cat_5600.jpg,0
data/processed/cats/Cat_5601.jpg,0
data/processed/cats/Cat_5602.jpg,0
data/processed/cats/Cat_5604.jpg,0
data/processed/cats/Cat_5605.jpg,0
data/processed/cats/Cat_5606.jpg,0
data/processed/cats/Cat_5607.jpg,0
data/processed/cats/Cat_5609.jpg,0
data/processed/cats/Cat_561.jpg,0
data/processed/cats/Cat_5610.jpg,0
data/processed/cats/Cat_5611.jpg,0
data/processed/cats/Cat_5612.jpg,0
data/processed/cats/Cat_5613.jpg,0
data/processed/cats/Cat_5615.jpg,0
data/processed/cats/Cat_5616.jpg,0
data/processed/cats/Cat_5617.jpg,0
data/processed/cats/Cat_5618.jpg,0
data/processed/cats/Cat_5619.jpg,0
data/processed/cats/Cat_562.jpg,0
data/processed/cats/Cat_5620.jpg,0
data/processed/cats/Cat_5621.jpg,0
data/processed/cats/Cat_5623.jpg,0
data/processed/cats/Cat_5624.jpg,0
data/processed/cats/Cat_5626.jpg,0
data/processed/cats/Cat_5628.jpg,0
data/processed/cats/Cat_5629.jpg,0
data/processed/cats/Cat_563.jpg,0
data/processed/cats/Cat_5630.jpg,0
data/processed/cats/Cat_5632.jpg,0
data/processed/cats/Cat_5635.jpg,0
data/processed/cats/Cat_5636.jpg,0
data/processed/cats/Cat_5637.jpg,0
data/processed/cats/Cat_5638.jpg,0
data/processed/cats/Cat_5639.jpg,0
data/processed/cats/Cat_5640.jpg,0
data/processed/cats/Cat_5641.jpg,0
data/processed/cats/Cat_5642.jpg,0
data/processed/cats/Cat_5643.jpg,0
data/processed/cats/Cat_5644.jpg,0
data/processed/cats/Cat_5645.jpg,0
data/processed/cats/Cat_5646.jpg,0
data/processed/cats/Cat_5647.jpg,0
data/processed/cats/Cat_5648.jpg,0
data/processed/cats/Cat_5650.jpg,0
data/processed/cats/Cat_5651.jpg,0
data/processed/cats/Cat_5652.jpg,0
data/processed/cats/Cat_5653.jpg,0
data/processed/cats/Cat_5656.jpg,0
data/processed/cats/Cat_5657.jpg,0
data/processed/cats/Cat_5658.jpg,0
data/processed/cats/Cat_5659.jpg,0
data/processed/cats/Cat_5660.jpg,0
data/processed/cats/Cat_5661.jpg,0
data/processed/cats/Cat_5662.jpg,0
data/processed/cats/Cat_5664.jpg,0
data/processed/cats/Cat_5665.jpg,0
data/processed/cats/Cat_5668.jpg,0
data/processed/cats/Cat_5669.jpg,0
data/processed/cats/Cat_567.jpg,0
data/processed/cats/Cat_5670.jpg,0
data/processed/cats/Cat_5671.jpg,0
data/processed/cats/Cat_5674.jpg,0
data/processed/cats/Cat_5675.jpg,0
data/processed/cats/Cat_5676.jpg,0
data/processed/cats/Cat_5677.jpg,0
data/processed/cats/Cat_5678.jpg,0
data/processed/cats/Cat_5679.jpg,0
data/processed/cats/Cat_568.jpg,0
data/processed/cats/Cat_5680.jpg,0
data/processed/cats/Cat_5681.jpg,0
data/processed/cats/Cat_5682.jpg,0
data/processed/cats/Cat_5684.jpg,0
data/processed/cats/Cat_5685.jpg,0
data/processed/cats/Cat_5686.jpg,0
data/processed/cats/Cat_5687.jpg,0
data/processed/cats/Cat_5688.jpg,0
data/processed/cats/Cat_5689.jpg,0
data/processed/cats/Cat_569.jpg,0
data/processed/cats/Cat_5690.jpg,0
data/processed/cats/Cat_5693.jpg,0
data/processed/cats/Cat_5694.jpg,0
data/processed/cats/Cat_5695.jpg,0
data/processed/cats/Cat_5696.jpg,0
data/processed/cats/Cat_5697.jpg,0
data/processed/cats/Cat_5699.jpg,0
data/processed/cats/Cat_570.jpg,0
data/processed/cats/Cat_5701.jpg,0
data/processed/cats/Cat_5702.jpg,0
data/processed/cats/Cat_5703.jpg,0
data/processed/cats/Cat_5704.jpg,0
data/processed/cats/Cat_5706.jpg,0
data/processed/cats/Cat_5707.jpg,0
data/processed/cats/Cat_5708.jpg,0
data/processed/cats/Cat_571.jpg,0
data/processed/cats/Cat_5710.jpg,0
data/processed/cats/Cat_5711.jpg,0
data/processed/cats/Cat_5712.jpg,0
data/processed/cats/Cat_5713.jpg,0
data/processed/cats/Cat_5714.jpg,0
data/processed/cats/Cat_5715.jpg,0
data/processed/cats/Cat_5716.jpg,0
data/processed/cats/Cat_5717.jpg,0
data/processed/cats/Cat_5718.jpg,0
data/processed/cats/Cat_5719.jpg,0
data/processed/cats/Cat_572.jpg,0
data/processed/cats/Cat_5720.jpg,0
data/processed/cats/Cat_5721.jpg,0
data/processed/cats/Cat_5722.jpg,0
data/processed/cats/Cat_5723.jpg,0
data/processed/cats/Cat_5724.jpg,0
data/processed/cats/Cat_5725.jpg,0
data/processed/cats/Cat_5726.jpg,0
data/processed/cats/Cat_5727.jpg,0
data/processed/cats/Cat_5728.jpg,0
data/processed/cats/Cat_5729.jpg,0
data/processed/cats/Cat_573.jpg,0
data/processed/cats/Cat_5731.jpg,0
data/processed/cats/Cat_5732.jpg,0
data/processed/cats/Cat_5734.jpg,0
data/processed/cats/Cat_5735.jpg,0
data/processed/cats/Cat_5736.jpg,0
data/processed/cats/Cat_5737.jpg,0
data/processed/cats/Cat_5738.jpg,0
data/processed/cats/Cat_5739.jpg,0
data/processed/cats/Cat_574.jpg,0
data/processed/cats/Cat_5740.jpg,0
data/processed/cats/Cat_5741.jpg,0
data/processed/cats/Cat_5742.jpg,0
data/processed/cats/Cat_5743.jpg,0
data/processed/cats/Cat_5744.jpg,0
data/processed/cats/Cat_5745.jpg,0
data/processed/cats/Cat_5746.jpg,0
data/processed/cats/Cat_5749.jpg,0
data/processed/cats/Cat_575.jpg,0
data/processed/cats/Cat_5750.jpg,0
data/processed/cats/Cat_5751.jpg,0
data/processed/cats/Cat_5752.jpg,0
data/processed/cats/Cat_5754.jpg,0
data/processed/cats/Cat_5755.jpg,0
data/processed/cats/Cat_5756.jpg,0
data/processed/cats/Cat_5757.jpg,0
data/processed/cats/Cat_5759.jpg,0
data/processed/cats/Cat_5760.jpg,0
data/processed/cats/Cat_5761.jpg,0
data/processed/cats/Cat_5762.jpg,0
data/processed/cats/Cat_5763.jpg,0
data/processed/cats/Cat_5764.jpg,0
data/processed/cats/Cat_5765.jpg,0
data/processed/cats/Cat_5766.jpg,0
data/processed/cats/Cat_5767.jpg,0
data/processed/cats/Cat_5768.jpg,0
data/processed/cats/Cat_5769.jpg,0
data/processed/cats/Cat_577.jpg,0
data/processed/cats/Cat_5770.jpg,0
data/processed/cats/Cat_5771.jpg,0
data/processed/cats/Cat_5775.jpg,0
data/processed/cats/Cat_5776.jpg,0
data/processed/cats/Cat_5777.jpg,0
data/processed/cats/Cat_5778.jpg,0
data/processed/cats/Cat_5779.jpg,0
data/processed/cats/Cat_578.jpg,0
data/processed/cats/Cat_5781.jpg,0
data/processed/cats/Cat_5782.jpg,0
data/processed/cats/Cat_5783.jpg,0
data/processed/cats/Cat_5784.jpg,0
data/processed/cats/Cat_5785.jpg,0
data/processed/cats/Cat_5786.jpg,0
data/processed/cats/Cat_5787.jpg,0
data/processed/cats/Cat_5788.jpg,0
data/processed/cats/Cat_5789.jpg,0
data/processed/cats/Cat_579.jpg,0
data/processed/cats/Cat_5790.jpg,0
data/processed/cats/Cat_5791.jpg,0
data/processed/cats/Cat_5792.jpg,0
data/processed/cats/Cat_5794.jpg,0
data/processed/cats/Cat_5795.jpg,0
data/processed/cats/Cat_5797.jpg,0
data/processed/cats/Cat_58.jpg,0
data/processed/cats/Cat_580.jpg,0
data/processed/cats/Cat_5800.jpg,0
data/processed/cats/Cat_5801.jpg,0
data/processed/cats/Cat_5802.jpg,0
data/processed/cats/Cat_5803.jpg,0
data/processed/cats/Cat_5804.jpg,0
data/processed/cats/Cat_5805.jpg,0
data/processed/cats/Cat_5808.jpg,0
data/processed/cats/Cat_5809.jpg,0
data/processed/cats/Cat_581.jpg,0
data/processed/cats/Cat_5810.jpg,0
data/processed/cats/Cat_5813.jpg,0
data/processed/cats/Cat_5814.jpg,0
data/processed/cats/Cat_5815.jpg,0
data/processed/cats/Cat_5816.jpg,0
data/processed/cats/Cat_5817.jpg,0
data/processed/cats/Cat_5818.jpg,0
data/processed/cats/Cat_5819.jpg,0
data/processed/cats/Cat_5821.jpg,0
data/processed/cats/Cat_5823.jpg,0
data/processed/cats/Cat_5824.jpg,0
data/processed/cats/Cat_5826.jpg,0
data/processed/cats/Cat_5827.jpg,0
data/processed/cats/Cat_5828.jpg,0
data/processed/cats/Cat_583.jpg,0
data/processed/cats/Cat_5832.jpg,0
data/processed/cats/Cat_5833.jpg,0
data/processed/cats/Cat_5834.jpg,0
data/processed/cats/Cat_5835.jpg,0
data/processed/cats/Cat_5836.jpg,0
data/processed/cats/Cat_5837.jpg,0
data/processed/cats/Cat_5838.jpg,0
data/processed/cats/Cat_584.jpg,0
data/processed/cats/Cat_5840.jpg,0
data/processed/cats/Cat_5841.jpg,0
data/processed/cats/Cat_5842.jpg,0
data/processed/cats/Cat_5843.jpg,0
data/processed/cats/Cat_5844.jpg,0
data/processed/cats/Cat_5845.jpg,0
data/processed/cats/Cat_5846.jpg,0
data/processed/cats/Cat_5847.jpg,0
data/processed/cats/Cat_5848.jpg,0
data/processed/cats/Cat_5849.jpg,0
data/processed/cats/Cat_585.jpg,0
data/processed/cats/Cat_5852.jpg,0
data/processed/cats/Cat_5853.jpg,0
data/processed/cats/Cat_5854.jpg,0
data/processed/cats/Cat_5855.jpg,0
data/processed/cats/Cat_5856.jpg,0
data/processed/cats/Cat_5858.jpg,0
data/processed/cats/Cat_5859.jpg,0
data/processed/cats/Cat_5860.jpg,0
data/processed/cats/Cat_5861.jpg,0
data/processed/cats/Cat_5863.jpg,0
data/processed/cats/Cat_5865.jpg,0
data/processed/cats/Cat_5866.jpg,0
data/processed/cats/Cat_5867.jpg,0
data/processed/cats/Cat_5868.jpg,0
data/processed/cats/Cat_5869.jpg,0
data/processed/cats/Cat_587.jpg,0
data/processed/cats/Cat_5870.jpg,0
data/processed/cats/Cat_5871.jpg,0
data/processed/cats/Cat_5872.jpg,0
data/processed/cats/Cat_5874.jpg,0
data/processed/cats/Cat_5875.jpg,0
data/processed/cats/Cat_5876.jpg,0
data/processed/cats/Cat_5877.jpg,0
data/processed/cats/Cat_5878.jpg,0
data/processed/cats/Cat_5879.jpg,0
data/processed/cats/Cat_588.jpg,0
data/processed/cats/Cat_5880.jpg,0
data/processed/cats/Cat_5881.jpg,0
data/processed/cats/Cat_5882.jpg,0
data/processed/cats/Cat_5883.jpg,0
data/processed/cats/Cat_5884.jpg,0
data/processed/cats/Cat_5885.jpg,0
data/processed/cats/Cat_5886.jpg,0
data/processed/cats/Cat_5887.jpg,0
data/processed/cats/Cat_5888.jpg,0
data/processed/cats/Cat_5889.jpg,0
data/processed/cats/Cat_589.jpg,0
data/processed/cats/Cat_5890.jpg,0
data/processed/cats/Cat_5891.jpg,0
data/processed/cats/Cat_5892.jpg,0
data/processed/cats/Cat_5893.jpg,0
data/processed/cats/Cat_5895.jpg,0
data/processed/cats/Cat_5897.jpg,0
data/processed/cats/Cat_5899.jpg,0
data/processed/cats/Cat_59.jpg,0
data/processed/cats/Cat_590.jpg,0
data/processed/cats/Cat_5900.jpg,0
data/processed/cats/Cat_5901.jpg,0
data/processed/cats/Cat_5902.jpg,0
data/processed/cats/Cat_5903.jpg,0
data/processed/cats/Cat_5904.jpg,0
data/processed/cats/Cat_5905.jpg,0
data/processed/cats/Cat_5906.jpg,0
data/processed/cats/Cat_5907.jpg,0
data/processed/cats/Cat_5908.jpg,0
data/processed/cats/Cat_591.jpg,0
data/processed/cats/Cat_5910.jpg,0
data/processed/cats/Cat_5911.jpg,0
data/processed/cats/Cat_5912.jpg,0
data/processed/cats/Cat_5914.jpg,0
data/processed/cats/Cat_5915.jpg,0
data/processed/cats/Cat_5916.jpg,0
data/processed/cats/Cat_5917.jpg,0
data/processed/cats/Cat_5918.jpg,0
data/processed/cats/Cat_592.jpg,0
data/processed/cats/Cat_5920.jpg,0
data/processed/cats/Cat_5922.jpg,0
data/processed/cats/Cat_5923.jpg,0
data/processed/cats/Cat_5925.jpg,0
data/processed/cats/Cat_5926.jpg,0
data/processed/cats/Cat_5927.jpg,0
data/processed/cats/Cat_5928.jpg,0
data/processed/cats/Cat_5929.jpg,0
data/processed/cats/Cat_5931.jpg,0
data/processed/cats/Cat_5933.jpg,0
data/processed/cats/Cat_5935.jpg,0
data/processed/cats/Cat_5936.jpg,0
data/processed/cats/Cat_5938.jpg,0
data/processed/cats/Cat_594.jpg,0
data/processed/cats/Cat_5940.jpg,0
data/processed/cats/Cat_5944.jpg,0
data/processed/cats/Cat_5946.jpg,0
data/processed/cats/Cat_5947.jpg,0
data/processed/cats/Cat_5948.jpg,0
data/processed/cats/Cat_5949.jpg,0
data/processed/cats/Cat_595.jpg,0
data/processed/cats/Cat_5951.jpg,0
data/processed/cats/Cat_5953.jpg,0
data/processed/cats/Cat_5956.jpg,0
data/processed/cats/Cat_5957.jpg,0
data/processed/cats/Cat_5959.jpg,0
data/processed/cats/Cat_596.jpg,0
data/processed/cats/Cat_5960.jpg,0
data/processed/cats/Cat_5961.jpg,0
data/processed/cats/Cat_5962.jpg,0
data/processed/cats/Cat_5963.jpg,0
data/processed/cats/Cat_5965.jpg,0
data/processed/cats/Cat_5966.jpg,0
data/processed/cats/Cat_5967.jpg,0
data/processed/cats/Cat_5968.jpg,0
data/processed/cats/Cat_5969.jpg,0
data/processed/cats/Cat_597.jpg,0
data/processed/cats/Cat_5970.jpg,0
data/processed/cats/Cat_5971.jpg,0
data/processed/cats/Cat_5972.jpg,0
data/processed/cats/Cat_5973.jpg,0
data/processed/cats/Cat_5974.jpg,0
data/processed/cats/Cat_5975.jpg,0
data/processed/cats/Cat_5976.jpg,0
data/processed/cats/Cat_5977.jpg,0
data/processed/cats/Cat_5979.jpg,0
data/processed/cats/Cat_598.jpg,0
data/processed/cats/Cat_5980.jpg,0
data/processed/cats/Cat_5981.jpg,0
data/processed/cats/Cat_5982.jpg,0
data/processed/cats/Cat_5984.jpg,0
data/processed/cats/Cat_5985.jpg,0
data/processed/cats/Cat_5987.jpg,0
data/processed/cats/Cat_5988.jpg,0
data/processed/cats/Cat_599.jpg,0
data/processed/cats/Cat_5990.jpg,0
data/processed/cats/Cat_5991.jpg,0
data/processed/cats/Cat_5992.jpg,0
data/processed/cats/Cat_5993.jpg,0
data/processed/cats/Cat_5995.jpg,0
data/processed/cats/Cat_5996.jpg,0
data/processed/cats/Cat_5998.jpg,0
data/processed/cats/Cat_5999.jpg,0
data/processed/cats/Cat_60.jpg,0
data/processed/cats/Cat_6000.jpg,0
data/processed/cats/Cat_6001.jpg,0
data/processed/cats/Cat_6002.jpg,0
data/processed/cats/Cat_6003.jpg,0
data/processed/cats/Cat_6004.jpg,0
data/processed/cats/Cat_6005.jpg,0
data/processed/cats/Cat_6006.jpg,0
data/processed/cats/Cat_6007.jpg,0
data/processed/cats/Cat_6008.jpg,0
data/processed/cats/Cat_6009.jpg,0
data/processed/cats/Cat_601.jpg,0
data/processed/cats/Cat_6011.jpg,0
data/processed/cats/Cat_6012.jpg,0
data/processed/cats/Cat_6014.jpg,0
data/processed/cats/Cat_6015.jpg,0
data/processed/cats/Cat_6016.jpg,0
data/processed/cats/Cat_6017.jpg,0
data/processed/cats/Cat_6018.jpg,0
data/processed/cats/Cat_6019.jpg,0
data/processed/cats/Cat_6020.jpg,0
data/processed/cats/Cat_6022.jpg,0
data/processed/cats/Cat_6023.jpg,0
data/processed/cats/Cat_6024.jpg,0
data/processed/cats/Cat_6025.jpg,0
data/processed/cats/Cat_6026.jpg,0
data/processed/cats/Cat_6027.jpg,0
data/processed/cats/Cat_6028.jpg,0
data/processed/cats/Cat_6029.jpg,0
data/processed/cats/Cat_603.jpg,0
data/processed/cats/Cat_6030.jpg,0
data/processed/cats/Cat_6031.jpg,0
data/processed/cats/Cat_6032.jpg,0
data/processed/cats/Cat_6033.jpg,0
data/processed/cats/Cat_6035.jpg,0
data/processed/cats/Cat_6036.jpg,0
data/processed/cats/Cat_6037.jpg,0
data/processed/cats/Cat_6038.jpg,0
data/processed/cats/Cat_6039.jpg,0
data/processed/cats/Cat_604.jpg,0
data/processed/cats/Cat_6040.jpg,0
data/processed/cats/Cat_6041.jpg,0
data/processed/cats/Cat_6043.jpg,0
data/processed/cats/Cat_6044.jpg,0
data/processed/cats/Cat_6045.jpg,0
data/processed/cats/Cat_6046.jpg,0
data/processed/cats/Cat_6048.jpg,0
data/processed/cats/Cat_6049.jpg,0
data/processed/cats/Cat_605.jpg,0
data/processed/cats/Cat_6050.jpg,0
data/processed/cats/Cat_6051.jpg,0
data/processed/cats/Cat_6052.jpg,0
data/processed/cats/Cat_6053.jpg,0
data/processed/cats/Cat_6054.jpg,0
data/processed/cats/Cat_6055.jpg,0
data/processed/cats/Cat_6057.jpg,0
data/processed/cats/Cat_6058.jpg,0
data/processed/cats/Cat_606.jpg,0
data/processed/cats/Cat_6061.jpg,0
data/processed/cats/Cat_6062.jpg,0
data/processed/cats/Cat_6063.jpg,0
data/processed/cats/Cat_6064.jpg,0
data/processed/cats/Cat_6066.jpg,0
data/processed/cats/Cat_6067.jpg,0
data/processed/cats/Cat_6069.jpg,0
data/processed/cats/Cat_6070.jpg,0
data/processed/cats/Cat_6071.jpg,0
data/processed/cats/Cat_6072.jpg,0
data/processed/cats/Cat_6073.jpg,0
data/processed/cats/Cat_6074.jpg,0
data/processed/cats/Cat_6075.jpg,0
data/processed/cats/Cat_6076.jpg,0
data/processed/cats/Cat_6077.jpg,0
data/processed/cats/Cat_6078.jpg,0
data/processed/cats/Cat_6079.jpg,0
data/processed/cats/Cat_608.jpg,0
data/processed/cats/Cat_6080.jpg,0
data/processed/cats/Cat_6081.jpg,0
data/processed/cats/Cat_6082.jpg,0
data/processed/cats/Cat_6084.jpg,0
data/processed/cats/Cat_6086.jpg,0
data/processed/cats/Cat_6089.jpg,0
data/processed/cats/Cat_609.jpg,0
data/processed/cats/Cat_6090.jpg,0
data/processed/cats/Cat_6091.jpg,0
data/processed/cats/Cat_6092.jpg,0
data/processed/cats/Cat_6093.jpg,0
data/processed/cats/Cat_6095.jpg,0
data/processed/cats/Cat_6097.jpg,0
data/processed/cats/Cat_6098.jpg,0
data/processed/cats/Cat_6099.jpg,0
data/processed/cats/Cat_61.jpg,0
data/processed/cats/Cat_610.jpg,0
data/processed/cats/Cat_6100.jpg,0
data/processed/cats/Cat_6101.jpg,0
data/processed/cats/Cat_6104.jpg,0
data/processed/cats/Cat_6106.jpg,0
data/processed/cats/Cat_6107.jpg,0
data/processed/cats/Cat_6108.jpg,0
data/processed/cats/Cat_6109.jpg,0
data/processed/cats/Cat_611.jpg,0
data/processed/cats/Cat_6110.jpg,0
data/processed/cats/Cat_6111.jpg,0
data/processed/cats/Cat_6112.jpg,0
data/processed/cats/Cat_6113.jpg,0
data/processed/cats/Cat_6114.jpg,0
data/processed/cats/Cat_6115.jpg,0
data/processed/cats/Cat_6116.jpg,0
data/processed/cats/Cat_6117.jpg,0
data/processed/cats/Cat_612.jpg,0
data/processed/cats/Cat_6120.jpg,0
data/processed/cats/Cat_6121.jpg,0
data/processed/cats/Cat_6124.jpg,0
data/processed/cats/Cat_6125.jpg,0
data/processed/cats/Cat_6126.jpg,0
data/processed/cats/Cat_6127.jpg,0
data/processed/cats/Cat_6128.jpg,0
data/processed/cats/Cat_6129.jpg,0
data/processed/cats/Cat_6130.jpg,0
data/processed/cats/Cat_6131.jpg,0
data/processed/cats/Cat_6132.jpg,0
data/processed/cats/Cat_6133.jpg,0
data/processed/cats/Cat_6134.jpg,0
data/processed/cats/Cat_6136.jpg,0
data/processed/cats/Cat_6137.jpg,0
data/processed/cats/Cat_6138.jpg,0
data/processed/cats/Cat_6140.jpg,0
data/processed/cats/Cat_6141.jpg,0
data/processed/cats/Cat_6142.jpg,0
data/processed/cats/Cat_6143.jpg,0
data/processed/cats/Cat_6144.jpg,0
data/processed/cats/Cat_6147.jpg,0
data/processed/cats/Cat_6148.jpg,0
data/processed/cats/Cat_6149.jpg,0
data/processed/cats/Cat_615.jpg,0
data/processed/cats/Cat_6150.jpg,0
data/processed/cats/Cat_6154.jpg,0
data/processed/cats/Cat_6156.jpg,0
data/processed/cats/Cat_6158.jpg,0
data/processed/cats/Cat_616.jpg,0
data/processed/cats/Cat_6160.jpg,0
data/processed/cats/Cat_6161.jpg,0
data/processed/cats/Cat_6163.jpg,0
data/processed/cats/Cat_6164.jpg,0
data/processed/cats/Cat_6165.jpg,0
data/processed/cats/Cat_6166.jpg,0
data/processed/cats/Cat_6167.jpg,0
data/processed/cats/Cat_6168.jpg,0
data/processed/cats/Cat_617.jpg,0
data/processed/cats/Cat_6170.jpg,0
data/processed/cats/Cat_6171.jpg,0
data/processed/cats/Cat_6172.jpg,0
data/processed/cats/Cat_6173.jpg,0
data/processed/cats/Cat_6174.jpg,0
data/processed/cats/Cat_6175.jpg,0
data/processed/cats/Cat_6176.jpg,0
data/processed/cats/Cat_6177.jpg,0
data/processed/cats/Cat_6178.jpg,0
data/processed/cats/Cat_6179.jpg,0
data/processed/cats/Cat_618.jpg,0
data/processed/cats/Cat_6181.jpg,0
data/processed/cats/Cat_6182.jpg,0
data/processed/cats/Cat_6183.jpg,0
data/processed/cats/Cat_6184.jpg,0
data/processed/cats/Cat_6185.jpg,0
data/processed/cats/Cat_6187.jpg,0
data/processed/cats/Cat_6188.jpg,0
data/processed/cats/Cat_6189.jpg,0
data/processed/cats/Cat_619.jpg,0
data/processed/cats/Cat_6190.jpg,0
data/processed/cats/Cat_6191.jpg,0
data/processed/cats/Cat_6192.jpg,0
data/processed/cats/Cat_6193.jpg,0
data/processed/cats/Cat_6194.jpg,0
data/processed/cats/Cat_6195.jpg,0
data/processed/cats/Cat_6196.jpg,0
data/processed/cats/Cat_6197.jpg,0
data/processed/cats/Cat_6198.jpg,0
data/processed/cats/Cat_6199.jpg,0
data/processed/cats/Cat_62.jpg,0
data/processed/cats/Cat_620.jpg,0
data/processed/cats/Cat_6200.jpg,0
data/processed/cats/Cat_6201.jpg,0
data/processed/cats/Cat_6202.jpg,0
data/processed/cats/Cat_6203.jpg,0
data/processed/cats/Cat_6204.jpg,0
data/processed/cats/Cat_6206.jpg,0
data/processed/cats/Cat_6207.jpg,0
data/processed/cats/Cat_6208.jpg,0
data/processed/cats/Cat_6209.jpg,0
data/processed/cats/Cat_621.jpg,0
data/processed/cats/Cat_6210.jpg,0
data/processed/cats/Cat_6211.jpg,0
data/processed/cats/Cat_6212.jpg,0
data/processed/cats/Cat_6213.jpg,0
data/processed/cats/Cat_6214.jpg,0
data/processed/cats/Cat_6215.jpg,0
data/processed/cats/Cat_6216.jpg,0
data/processed/cats/Cat_6217.jpg,0
data/processed/cats/Cat_6218.jpg,0
data/processed/cats/Cat_6219.jpg,0
data/processed/cats/Cat_622.jpg,0
data/processed/cats/Cat_6220.jpg,0
data/processed/cats/Cat_6221.jpg,0
data/processed/cats/Cat_6222.jpg,0
data/processed/cats/Cat_6224.jpg,0
data/processed/cats/Cat_6226.jpg,0
data/processed/cats/Cat_6227.jpg,0
data/processed/cats/Cat_6229.jpg,0
data/processed/cats/Cat_623.jpg,0
data/processed/cats/Cat_6230.jpg,0
data/processed/cats/Cat_6231.jpg,0
data/processed/cats/Cat_6232.jpg,0
data/processed/cats/Cat_6233.jpg,0
data/processed/cats/Cat_6234.jpg,0
data/processed/cats/Cat_6239.jpg,0
data/processed/cats/Cat_624.jpg,0
data/processed/cats/Cat_6241.jpg,0
data/processed/cats/Cat_6242.jpg,0
data/processed/cats/Cat_6243.jpg,0
data/processed/cats/Cat_6244.jpg,0
data/processed/cats/Cat_6245.jpg,0
data/processed/cats/Cat_6246.jpg,0
data/processed/cats/Cat_6247.jpg,0
data/processed/cats/Cat_6248.jpg,0
data/processed/cats/Cat_6249.jpg,0
data/processed/cats/Cat_6250.jpg,0
data/processed/cats/Cat_6251.jpg,0
data/processed/cats/Cat_6253.jpg,0
data/processed/cats/Cat_6255.jpg,0
data/processed/cats/Cat_6256.jpg,0
data/processed/cats/Cat_6257.jpg,0
data/processed/cats/Cat_6258.jpg,0
data/processed/cats/Cat_6259.jpg,0
data/processed/cats/Cat_626.jpg,0
data/processed/cats/Cat_6260.jpg,0
data/processed/cats/Cat_6261.jpg,0
data/processed/cats/Cat_6262.jpg,0
data/processed/cats/Cat_6263.jpg,0
data/processed/cats/Cat_6264.jpg,0
data/processed/cats/Cat_6266.jpg,0
data/processed/cats/Cat_6267.jpg,0
data/processed/cats/Cat_6268.jpg,0
data/processed/cats/Cat_6270.jpg,0
data/processed/cats/Cat_6271.jpg,0
data/processed/cats/Cat_6272.jpg,0
data/processed/cats/Cat_6273.jpg,0
data/processed/cats/Cat_6274.jpg,0
data/processed/cats/Cat_6276.jpg,0
data/processed/cats/Cat_6277.jpg,0
data/processed/cats/Cat_6278.jpg,0
data/processed/cats/Cat_6279.jpg,0
data/processed/cats/Cat_628.jpg,0
data/processed/cats/Cat_6280.jpg,0
data/processed/cats/Cat_6281.jpg,0
data/processed/cats/Cat_6282.jpg,0
data/processed/cats/Cat_6283.jpg,0
data/processed/cats/Cat_6284.jpg,0
data/processed/cats/Cat_6285.jpg,0
data/processed/cats/Cat_6286.jpg,0
data/processed/cats/Cat_6287.jpg,0
data/processed/cats/Cat_6288.jpg,0
data/processed/cats/Cat_629.jpg,0
data/processed/cats/Cat_6290.jpg,0
data/processed/cats/Cat_6291.jpg,0
data/processed/cats/Cat_6292.jpg,0
data/processed/cats/Cat_6293.jpg,0
data/processed/cats/Cat_6294.jpg,0
data/processed/cats/Cat_6295.jpg,0
data/processed/cats/Cat_6296.jpg,0
data/processed/cats/Cat_6297.jpg,0
data/processed/cats/Cat_6298.jpg,0
data/processed/cats/Cat_63.jpg,0
data/processed/cats/Cat_630.jpg,0
data/processed/cats/Cat_6302.jpg,0
data/processed/cats/Cat_6303.jpg,0
data/processed/cats/Cat_6304.jpg,0
data/processed/cats/Cat_6305.jpg,0
data/processed/cats/Cat_6306.jpg,0
data/processed/cats/Cat_6307.jpg,0
data/processed/cats/Cat_6308.jpg,0
data/processed/cats/Cat_6309.jpg,0
data/processed/cats/Cat_631.jpg,0
data/processed/cats/Cat_6310.jpg,0
data/processed/cats/Cat_6311.jpg,0
data/processed/cats/Cat_6312.jpg,0
data/processed/cats/Cat_6313.jpg,0
data/processed/cats/Cat_6315.jpg,0
data/processed/cats/Cat_6316.jpg,0
data/processed/cats/Cat_6317.jpg,0
data/processed/cats/Cat_6318.jpg,0
data/processed/cats/Cat_6319.jpg,0
data/processed/cats/Cat_632.jpg,0
data/processed/cats/Cat_6320.jpg,0
data/processed/cats/Cat_6322.jpg,0
data/processed/cats/Cat_6323.jpg,0
data/processed/cats/Cat_6324.jpg,0
data/processed/cats/Cat_6325.jpg,0
data/processed/cats/Cat_6326.jpg,0
data/processed/cats/Cat_6327.jpg,0
data/processed/cats/Cat_6328.jpg,0
data/processed/cats/Cat_6329.jpg,0
data/processed/cats/Cat_633.jpg,0
data/processed/cats/Cat_6330.jpg,0
data/processed/cats/Cat_6331.jpg,0
data/processed/cats/Cat_6335.jpg,0
data/processed/cats/Cat_6336.jpg,0
data/processed/cats/Cat_6337.jpg,0
data/processed/cats/Cat_6341.jpg,0
data/processed/cats/Cat_6342.jpg,0
data/processed/cats/Cat_6343.jpg,0
data/processed/cats/Cat_6344.jpg,0
data/processed/cats/Cat_6345.jpg,0
data/processed/cats/Cat_6347.jpg,0
data/processed/cats/Cat_6348.jpg,0
data/processed/cats/Cat_635.jpg,0
data/processed/cats/Cat_6350.jpg,0
data/processed/cats/Cat_6351.jpg,0
data/processed/cats/Cat_6352.jpg,0
data/processed/cats/Cat_6353.jpg,0
data/processed/cats/Cat_6354.jpg,0
data/processed/cats/Cat_6355.jpg,0
data/processed/cats/Cat_6357.jpg,0
data/processed/cats/Cat_6358.jpg,0
data/processed/cats/Cat_6359.jpg,0
data/processed/cats/Cat_636.jpg,0
data/processed/cats/Cat_6360.jpg,0
data/processed/cats/Cat_6361.jpg,0
data/processed/cats/Cat_6362.jpg,0
data/processed/cats/Cat_6363.jpg,0
data/processed/cats/Cat_6364.jpg,0
data/processed/cats/Cat_6365.jpg,0
data/processed/cats/Cat_6366.jpg,0
data/processed/cats/Cat_6368.jpg,0
data/processed/cats/Cat_637.jpg,0
data/processed/cats/Cat_6370.jpg,0
data/processed/cats/Cat_6371.jpg,0
data/processed/cats/Cat_6372.jpg,0
data/processed/cats/Cat_6374.jpg,0
data/processed/cats/Cat_6375.jpg,0
data/processed/cats/Cat_6376.jpg,0
data/processed/cats/Cat_6379.jpg,0
data/processed/cats/Cat_638.jpg,0
data/processed/cats/Cat_6380.jpg,0
data/processed/cats/Cat_6381.jpg,0
data/processed/cats/Cat_6382.jpg,0
data/processed/cats/Cat_6383.jpg,0
data/processed/cats/Cat_6384.jpg,0
data/processed/cats/Cat_6385.jpg,0
data/processed/cats/Cat_6386.jpg,0
data/processed/cats/Cat_6387.jpg,0
data/processed/cats/Cat_6388.jpg,0
data/processed/cats/Cat_6389.jpg,0
data/processed/cats/Cat_639.jpg,0
data/processed/cats/Cat_6390.jpg,0
data/processed/cats/Cat_6391.jpg,0
data/processed/cats/Cat_6392.jpg,0
data/processed/cats/Cat_6393.jpg,0
data/processed/cats/Cat_6394.jpg,0
data/processed/cats/Cat_6395.jpg,0
data/processed/cats/Cat_6396.jpg,0
data/processed/cats/Cat_6397.jpg,0
data/processed/cats/Cat_6398.jpg,0
data/processed/cats/Cat_6399.jpg,0
data/processed/cats/Cat_64.jpg,0
data/processed/cats/Cat_6401.jpg,0
data/processed/cats/Cat_6402.jpg,0
data/processed/cats/Cat_6403.jpg,0
data/processed/cats/Cat_6404.jpg,0
data/processed/cats/Cat_6406.jpg,0
data/processed/cats/Cat_6407.jpg,0
data/processed/cats/Cat_6408.jpg,0
data/processed/cats/Cat_641.jpg,0
data/processed/cats/Cat_6410.jpg,0
data/processed/cats/Cat_6411.jpg,0
data/processed/cats/Cat_6412.jpg,0
data/processed/cats/Cat_6413.jpg,0
data/processed/cats/Cat_6414.jpg,0
data/processed/cats/Cat_6416.jpg,0
data/processed/cats/Cat_6417.jpg,0
data/processed/cats/Cat_6418.jpg,0
data/processed/cats/Cat_6419.jpg,0
data/processed/cats/Cat_642.jpg,0
data/processed/cats/Cat_6420.jpg,0
data/processed/cats/Cat_6421.jpg,0
data/processed/cats/Cat_6423.jpg,0
data/processed/cats/Cat_6425.jpg,0
data/processed/cats/Cat_6426.jpg,0
data/processed/cats/Cat_6427.jpg,0
data/processed/cats/Cat_6429.jpg,0
data/processed/cats/Cat_643.jpg,0
data/processed/cats/Cat_6430.jpg,0
data/processed/cats/Cat_6431.jpg,0
data/processed/cats/Cat_6432.jpg,0
data/processed/cats/Cat_6433.jpg,0
data/processed/cats/Cat_6434.jpg,0
data/processed/cats/Cat_6435.jpg,0
data/processed/cats/Cat_6436.jpg,0
data/processed/cats/Cat_6437.jpg,0
data/processed/cats/Cat_6438.jpg,0
data/processed/cats/Cat_6439.jpg,0
data/processed/cats/Cat_644.jpg,0
data/processed/cats/Cat_6440.jpg,0
data/processed/cats/Cat_6441.jpg,0
data/processed/cats/Cat_6443.jpg,0
data/processed/cats/Cat_6444.jpg,0
data/processed/cats/Cat_6445.jpg,0
data/processed/cats/Cat_6446.jpg,0
data/processed/cats/Cat_6449.jpg,0
data/processed/cats/Cat_645.jpg,0
data/processed/cats/Cat_6450.jpg,0
data/processed/cats/Cat_6451.jpg,0
data/processed/cats/Cat_6452.jpg,0
data/processed/cats/Cat_6453.jpg,0
data/processed/cats/Cat_6454.jpg,0
data/processed/cats/Cat_6455.jpg,0
data/processed/cats/Cat_6457.jpg,0
data/processed/cats/Cat_6458.jpg,0
data/processed/cats/Cat_646.jpg,0
data/processed/cats/Cat_6460.jpg,0
data/processed/cats/Cat_6461.jpg,0
data/processed/cats/Cat_6463.jpg,0
data/processed/cats/Cat_6464.jpg,0
data/processed/cats/Cat_6465.jpg,0
data/processed/cats/Cat_6466.jpg,0
data/processed/cats/Cat_6467.jpg,0
data/processed/cats/Cat_6469.jpg,0
data/processed/cats/Cat_647.jpg,0
data/processed/cats/Cat_6471.jpg,0
data/processed/cats/Cat_6472.jpg,0
data/processed/cats/Cat_6473.jpg,0
data/processed/cats/Cat_6474.jpg,0
data/processed/cats/Cat_6475.jpg,0
data/processed/cats/Cat_6477.jpg,0
data/processed/cats/Cat_6478.jpg,0
data/processed/cats/Cat_6479.jpg,0
data/processed/cats/Cat_648.jpg,0
data/processed/cats/Cat_6482.jpg,0
data/processed/cats/Cat_6483.jpg,0
data/processed/cats/Cat_6485.jpg,0
data/processed/cats/Cat_6487.jpg,0
data/processed/cats/Cat_6489.jpg,0
data/processed/cats/Cat_6490.jpg,0
data/processed/cats/Cat_6491.jpg,0
data/processed/cats/Cat_6492.jpg,0
data/processed/cats/Cat_6493.jpg,0
data/processed/cats/Cat_6494.jpg,0
data/processed/cats/Cat_6495.jpg,0
data/processed/cats/Cat_6496.jpg,0
data/processed/cats/Cat_6498.jpg,0
data/processed/cats/Cat_6499.jpg,0
data/processed/cats/Cat_65.jpg,0
data/processed/cats/Cat_650.jpg,0
data/processed/cats/Cat_6500.jpg,0
data/processed/cats/Cat_6501.jpg,0
data/processed/cats/Cat_6503.jpg,0
data/processed/cats/Cat_6504.jpg,0
data/processed/cats/Cat_6506.jpg,0
data/processed/cats/Cat_6507.jpg,0
data/processed/cats/Cat_6508.jpg,0
data/processed/cats/Cat_651.jpg,0
data/processed/cats/Cat_6510.jpg,0
data/processed/cats/Cat_6511.jpg,0
data/processed/cats/Cat_6512.jpg,0
data/processed/cats/Cat_6513.jpg,0
data/processed/cats/Cat_6514.jpg,0
data/processed/cats/Cat_6515.jpg,0
data/processed/cats/Cat_6516.jpg,0
data/processed/cats/Cat_6519.jpg,0
data/processed/cats/Cat_652.jpg,0
data/processed/cats/Cat_6521.jpg,0
data/processed/cats/Cat_6522.jpg,0
data/processed/cats/Cat_6523.jpg,0
data/processed/cats/Cat_6524.jpg,0
data/processed/cats/Cat_6525.jpg,0
data/processed/cats/Cat_6526.jpg,0
data/processed/cats/Cat_6527.jpg,0
data/processed/cats/Cat_6528.jpg,0
data/processed/cats/Cat_6529.jpg,0
data/processed/cats/Cat_6532.jpg,0
data/processed/cats/Cat_6533.jpg,0
data/processed/cats/Cat_6534.jpg,0
data/processed/cats/Cat_6535.jpg,0
data/processed/cats/Cat_6536.jpg,0
data/processed/cats/Cat_6537.jpg,0
data/processed/cats/Cat_6538.jpg,0
data/processed/cats/Cat_654.jpg,0
data/processed/cats/Cat_6540.jpg,0
data/processed/cats/Cat_6542.jpg,0
data/processed/cats/Cat_6543.jpg,0
data/processed/cats/Cat_6545.jpg,0
data/processed/cats/Cat_6546.jpg,0
data/processed/cats/Cat_6547.jpg,0
data/processed/cats/Cat_6549.jpg,0
data/processed/cats/Cat_655.jpg,0
data/processed/cats/Cat_6551.jpg,0
data/processed/cats/Cat_6552.jpg,0
data/processed/cats/Cat_6553.jpg,0
data/processed/cats/Cat_6554.jpg,0
data/processed/cats/Cat_6555.jpg,0
data/processed/cats/Cat_6556.jpg,0
data/processed/cats/Cat_6557.jpg,0
data/processed/cats/Cat_6558.jpg,0
data/processed/cats/Cat_6559.jpg,0
data/processed/cats/Cat_656.jpg,0
data/processed/cats/Cat_6561.jpg,0
data/processed/cats/Cat_6562.jpg,0
data/processed/cats/Cat_6563.jpg,0
data/processed/cats/Cat_6565.jpg,0
data/processed/cats/Cat_6566.jpg,0
data/processed/cats/Cat_6567.jpg,0
data/processed/cats/Cat_6568.jpg,0
data/processed/cats/Cat_6569.jpg,0
data/processed/cats/Cat_657.jpg,0
data/processed/cats/Cat_6571.jpg,0
data/processed/cats/Cat_6572.jpg,0
data/processed/cats/Cat_6573.jpg,0
data/processed/cats/Cat_6574.jpg,0
data/processed/cats/Cat_6575.jpg,0
data/processed/cats/Cat_6576.jpg,0
data/processed/cats/Cat_6577.jpg,0
data/processed/cats/Cat_6578.jpg,0
data/processed/cats/Cat_6579.jpg,0
data/processed/cats/Cat_658.jpg,0
data/processed/cats/Cat_6581.jpg,0
data/processed/cats/Cat_6582.jpg,0
data/processed/cats/Cat_6584.jpg,0
data/processed/cats/Cat_6586.jpg,0
data/processed/cats/Cat_6587.jpg,0
data/processed/cats/Cat_6588.jpg,0
data/processed/cats/Cat_6590.jpg,0
data/processed/cats/Cat_6591.jpg,0
data/processed/cats/Cat_6592.jpg,0
data/processed/cats/Cat_6595.jpg,0
data/processed/cats/Cat_6596.jpg,0
data/processed/cats/Cat_6597.jpg,0
data/processed/cats/Cat_6598.jpg,0
data/processed/cats/Cat_6599.jpg,0
data/processed/cats/Cat_66.jpg,0
data/processed/cats/Cat_660.jpg,0
data/processed/cats/Cat_6600.jpg,0
data/processed/cats/Cat_6601.jpg,0
data/processed/cats/Cat_6602.jpg,0
data/processed/cats/Cat_6603.jpg,0
data/processed/cats/Cat_6604.jpg,0
data/processed/cats/Cat_6605.jpg,0
data/processed/cats/Cat_6606.jpg,0
data/processed/cats/Cat_6607.jpg,0
data/processed/cats/Cat_6608.jpg,0
data/processed/cats/Cat_661.jpg,0
data/processed/cats/Cat_6610.jpg,0
data/processed/cats/Cat_6612.jpg,0
data/processed/cats/Cat_6613.jpg,0
data/processed/cats/Cat_6614.jpg,0
data/processed/cats/Cat_6615.jpg,0
data/processed/cats/Cat_6616.jpg,0
data/processed/cats/Cat_6617.jpg,0
data/processed/cats/Cat_6618.jpg,0
data/processed/cats/Cat_6619.jpg,0
data/processed/cats/Cat_662.jpg,0
data/processed/cats/Cat_6620.jpg,0
data/processed/cats/Cat_6621.jpg,0
data/processed/cats/Cat_6622.jpg,0
data/processed/cats/Cat_6623.jpg,0
data/processed/cats/Cat_6624.jpg,0
data/processed/cats/Cat_6625.jpg,0
data/processed/cats/Cat_6626.jpg,0
data/processed/cats/Cat_6629.jpg,0
data/processed/cats/Cat_663.jpg,0
data/processed/cats/Cat_6630.jpg,0
data/processed/cats/Cat_6631.jpg,0
data/processed/cats/Cat_6632.jpg,0
data/processed/cats/Cat_6633.jpg,0
data/processed/cats/Cat_6634.jpg,0
data/processed/cats/Cat_6635.jpg,0
data/processed/cats/Cat_6636.jpg,0
data/processed/cats/Cat_6637.jpg,0
data/processed/cats/Cat_6639.jpg,0
data/processed/cats/Cat_664.jpg,0
data/processed/cats/Cat_6640.jpg,0
data/processed/cats/Cat_6641.jpg,0
data/processed/cats/Cat_6642.jpg,0
data/processed/cats/Cat_6643.jpg,0
data/processed/cats/Cat_6644.jpg,0
data/processed/cats/Cat_6645.jpg,0
data/processed/cats/Cat_6646.jpg,0
data/processed/cats/Cat_6647.jpg,0
data/processed/cats/Cat_6648.jpg,0
data/processed/cats/Cat_6649.jpg,0
data/processed/cats/Cat_665.jpg,0
data/processed/cats/Cat_6651.jpg,0
data/processed/cats/Cat_6654.jpg,0
data/processed/cats/Cat_6656.jpg,0
data/processed/cats/Cat_6658.jpg,0
data/processed/cats/Cat_6659.jpg,0
data/processed/cats/Cat_6660.jpg,0
data/processed/cats/Cat_6661.jpg,0
data/processed/cats/Cat_6663.jpg,0
data/processed/cats/Cat_6664.jpg,0
data/processed/cats/Cat_6666.jpg,0
data/processed/cats/Cat_6667.jpg,0
data/processed/cats/Cat_6668.jpg,0
data/processed/cats/Cat_6669.jpg,0
data/processed/cats/Cat_6671.jpg,0
data/processed/cats/Cat_6672.jpg,0
data/processed/cats/Cat_6673.jpg,0
data/processed/cats/Cat_6674.jpg,0
data/processed/cats/Cat_6675.jpg,0
data/processed/cats/Cat_6676.jpg,0
data/processed/cats/Cat_6678.jpg,0
data/processed/cats/Cat_6679.jpg,0
data/processed/cats/Cat_668.jpg,0
data/processed/cats/Cat_6680.jpg,0
data/processed/cats/Cat_6681.jpg,0
data/processed/cats/Cat_6682.jpg,0
data/processed/cats/Cat_6684.jpg,0
data/processed/cats/Cat_6685.jpg,0
data/processed/cats/Cat_6686.jpg,0
data/processed/cats/Cat_6687.jpg,0
data/processed/cats/Cat_6689.jpg,0
data/processed/cats/Cat_669.jpg,0
data/processed/cats/Cat_6690.jpg,0
data/processed/cats/Cat_6691.jpg,0
data/processed/cats/Cat_6692.jpg,0
data/processed/cats/Cat_6693.jpg,0
data/processed/cats/Cat_6694.jpg,0
data/processed/cats/Cat_6695.jpg,0
data/processed/cats/Cat_6696.jpg,0
data/processed/cats/Cat_6697.jpg,0
data/processed/cats/Cat_6698.jpg,0
data/processed/cats/Cat_6699.jpg,0
data/processed/cats/Cat_67.jpg,0
data/processed/cats/Cat_670.jpg,0
data/processed/cats/Cat_6700.jpg,0
data/processed/cats/Cat_6701.jpg,0
data/processed/cats/Cat_6704.jpg,0
data/processed/cats/Cat_6705.jpg,0
data/processed/cats/Cat_6707.jpg,0
data/processed/cats/Cat_6708.jpg,0
data/processed/cats/Cat_6709.jpg,0
data/processed/cats/Cat_671.jpg,0
data/processed/cats/Cat_6710.jpg,0
data/processed/cats/Cat_6711.jpg,0
data/processed/cats/Cat_6712.jpg,0
data/processed/cats/Cat_6713.jpg,0
data/processed/cats/Cat_6714.jpg,0
data/processed/cats/Cat_6715.jpg,0
data/processed/cats/Cat_6716.jpg,0
data/processed/cats/Cat_6718.jpg,0
data/processed/cats/Cat_6719.jpg,0
data/processed/cats/Cat_672.jpg,0
data/processed/cats/Cat_6720.jpg,0
data/processed/cats/Cat_6721.jpg,0
data/processed/cats/Cat_6722.jpg,0
data/processed/cats/Cat_6723.jpg,0
data/processed/cats/Cat_6724.jpg,0
data/processed/cats/Cat_6725.jpg,0
data/processed/cats/Cat_6726.jpg,0
data/processed/cats/Cat_6727.jpg,0
data/processed/cats/Cat_6729.jpg,0
data/processed/cats/Cat_6730.jpg,0
data/processed/cats/Cat_6731.jpg,0
data/processed/cats/Cat_6732.jpg,0
data/processed/cats/Cat_6733.jpg,0
data/processed/cats/Cat_6734.jpg,0
data/processed/cats/Cat_6735.jpg,0
data/processed/cats/Cat_6736.jpg,0
data/processed/cats/Cat_6737.jpg,0
data/processed/cats/Cat_6738.jpg,0
data/processed/cats/Cat_6739.jpg,0
data/processed/cats/Cat_674.jpg,0
data/processed/cats/Cat_6740.jpg,0
data/processed/cats/Cat_6741.jpg,0
data/processed/cats/Cat_6742.jpg,0
data/processed/cats/Cat_6743.jpg,0
data/processed/cats/Cat_6744.jpg,0
data/processed/cats/Cat_6746.jpg,0
data/processed/cats/Cat_6747.jpg,0
data/processed/cats/Cat_6748.jpg,0
data/processed/cats/Cat_6749.jpg,0
data/processed/cats/Cat_675.jpg,0
data/processed/cats/Cat_6750.jpg,0
data/processed/cats/Cat_6751.jpg,0
data/processed/cats/Cat_6752.jpg,0
data/processed/cats/Cat_6753.jpg,0
data/processed/cats/Cat_6754.jpg,0
data/processed/cats/Cat_6755.jpg,0
data/processed/cats/Cat_6757.jpg,0
data/processed/cats/Cat_6758.jpg,0
data/processed/cats/Cat_6759.jpg,0
data/processed/cats/Cat_676.jpg,0
data/processed/cats/Cat_6761.jpg,0
data/processed/cats/Cat_6762.jpg,0
data/processed/cats/Cat_6763.jpg,0
data/processed/cats/Cat_6767.jpg,0
data/processed/cats/Cat_6768.jpg,0
data/processed/cats/Cat_6769.jpg,0
data/processed/cats/Cat_677.jpg,0
data/processed/cats/Cat_6770.jpg,0
data/processed/cats/Cat_6771.jpg,0
data/processed/cats/Cat_6774.jpg,0
data/processed/cats/Cat_6775.jpg,0
data/processed/cats/Cat_6776.jpg,0
data/processed/cats/Cat_6777.jpg,0
data/processed/cats/Cat_6779.jpg,0
data/processed/cats/Cat_678.jpg,0
data/processed/cats/Cat_6780.jpg,0
data/processed/cats/Cat_6782.jpg,0
data/processed/cats/Cat_6783.jpg,0
data/processed/cats/Cat_6785.jpg,0
data/processed/cats/Cat_6786.jpg,0
data/processed/cats/Cat_6788.jpg,0
data/processed/cats/Cat_679.jpg,0
data/processed/cats/Cat_6790.jpg,0
data/processed/cats/Cat_6791.jpg,0
data/processed/cats/Cat_6792.jpg,0
data/processed/cats/Cat_6793.jpg,0
data/processed/cats/Cat_6794.jpg,0
data/processed/cats/Cat_6795.jpg,0
data/processed/cats/Cat_6796.jpg,0
data/processed/cats/Cat_6799.jpg,0
data/processed/cats/Cat_68.jpg,0
data/processed/cats/Cat_6801.jpg,0
data/processed/cats/Cat_6802.jpg,0
data/processed/cats/Cat_6803.jpg,0
data/processed/cats/Cat_6804.jpg,0
data/processed/cats/Cat_6805.jpg,0
data/processed/cats/Cat_6806.jpg,0
data/processed/cats/Cat_6807.jpg,0
data/processed/cats/Cat_6809.jpg,0
data/processed/cats/Cat_681.jpg,0
data/processed/cats/Cat_6810.jpg,0
data/processed/cats/Cat_6812.jpg,0
data/processed/cats/Cat_6813.jpg,0
data/processed/cats/Cat_6814.jpg,0
data/processed/cats/Cat_6815.jpg,0
data/processed/cats/Cat_6816.jpg,0
data/processed/cats/Cat_6817.jpg,0
data/processed/cats/Cat_6818.jpg,0
data/processed/cats/Cat_6820.jpg,0
data/processed/cats/Cat_6821.jpg,0
data/processed/cats/Cat_6822.jpg,0
data/processed/cats/Cat_6823.jpg,0
data/processed/cats/Cat_6824.jpg,0
data/processed/cats/Cat_6825.jpg,0
data/processed/cats/Cat_6826.jpg,0
data/processed/cats/Cat_6827.jpg,0
data/processed/cats/Cat_6828.jpg,0
data/processed/cats/Cat_6829.jpg,0
data/processed/cats/Cat_683.jpg,0
data/processed/cats/Cat_6830.jpg,0
data/processed/cats/Cat_6832.jpg,0
data/processed/cats/Cat_6833.jpg,0
data/processed/cats/Cat_6834.jpg,0
data/processed/cats/Cat_6836.jpg,0
data/processed/cats/Cat_6837.jpg,0
data/processed/cats/Cat_6839.jpg,0
data/processed/cats/Cat_6840.jpg,0
data/processed/cats/Cat_6841.jpg,0
data/processed/cats/Cat_6842.jpg,0
data/processed/cats/Cat_6843.jpg,0
data/processed/cats/Cat_6844.jpg,0
data/processed/cats/Cat_6845.jpg,0
data/processed/cats/Cat_6847.jpg,0
data/processed/cats/Cat_6848.jpg,0
data/processed/cats/Cat_6849.jpg,0
data/processed/cats/Cat_685.jpg,0
data/processed/cats/Cat_6850.jpg,0
data/processed/cats/Cat_6851.jpg,0
data/processed/cats/Cat_6852.jpg,0
data/processed/cats/Cat_6853.jpg,0
data/processed/cats/Cat_6855.jpg,0
data/processed/cats/Cat_6857.jpg,0
data/processed/cats/Cat_6858.jpg,0
data/processed/cats/Cat_6859.jpg,0
data/processed/cats/Cat_6860.jpg,0
data/processed/cats/Cat_6862.jpg,0
data/processed/cats/Cat_6863.jpg,0
data/processed/cats/Cat_6864.jpg,0
data/processed/cats/Cat_6867.jpg,0
data/processed/cats/Cat_6868.jpg,0
data/processed/cats/Cat_6869.jpg,0
data/processed/cats/Cat_687.jpg,0
data/processed/cats/Cat_6870.jpg,0
data/processed/cats/Cat_6871.jpg,0
data/processed/cats/Cat_6872.jpg,0
data/processed/cats/Cat_6873.jpg,0
data/processed/cats/Cat_6874.jpg,0
data/processed/cats/Cat_6875.jpg,0
data/processed/cats/Cat_6876.jpg,0
data/processed/cats/Cat_6877.jpg,0
data/processed/cats/Cat_6878.jpg,0
data/processed/cats/Cat_6879.jpg,0
data/processed/cats/Cat_688.jpg,0
data/processed/cats/Cat_6880.jpg,0
data/processed/cats/Cat_6881.jpg,0
data/processed/cats/Cat_6882.jpg,0
data/processed/cats/Cat_6883.jpg,0
data/processed/cats/Cat_6884.jpg,0
data/processed/cats/Cat_6885.jpg,0
data/processed/cats/Cat_6886.jpg,0
data/processed/cats/Cat_6889.jpg,0
data/processed/cats/Cat_689.jpg,0
data/processed/cats/Cat_6890.jpg,0
data/processed/cats/Cat_6891.jpg,0
data/processed/cats/Cat_6893.jpg,0
data/processed/cats/Cat_6894.jpg,0
data/processed/cats/Cat_6895.jpg,0
data/processed/cats/Cat_6896.jpg,0
data/processed/cats/Cat_6897.jpg,0
data/processed/cats/Cat_6898.jpg,0
data/processed/cats/Cat_6899.jpg,0
data/processed/cats/Cat_69.jpg,0
data/processed/cats/Cat_690.jpg,0
data/processed/cats/Cat_6900.jpg,0
data/processed/cats/Cat_6901.jpg,0
data/processed/cats/Cat_6902.jpg,0
data/processed/cats/Cat_6903.jpg,0
data/processed/cats/Cat_6904.jpg,0
data/processed/cats/Cat_6906.jpg,0
data/processed/cats/Cat_6908.jpg,0
data/processed/cats/Cat_6909.jpg,0
data/processed/cats/Cat_691.jpg,0
data/processed/cats/Cat_6910.jpg,0
data/processed/cats/Cat_6911.jpg,0
data/processed/cats/Cat_6912.jpg,0
data/processed/cats/Cat_6913.jpg,0
data/processed/cats/Cat_6914.jpg,0
data/processed/cats/Cat_6915.jpg,0
data/processed/cats/Cat_6917.jpg,0
data/processed/cats/Cat_6920.jpg,0
data/processed/cats/Cat_6921.jpg,0
data/processed/cats/Cat_6922.jpg,0
data/processed/cats/Cat_6923.jpg,0
data/processed/cats/Cat_6924.jpg,0
data/processed/cats/Cat_6925.jpg,0
data/processed/cats/Cat_6926.jpg,0
data/processed/cats/Cat_6929.jpg,0
data/processed/cats/Cat_693.jpg,0
data/processed/cats/Cat_6930.jpg,0
data/processed/cats/Cat_6935.jpg,0
data/processed/cats/Cat_6936.jpg,0
data/processed/cats/Cat_6937.jpg,0
data/processed/cats/Cat_6939.jpg,0
data/processed/cats/Cat_694.jpg,0
data/processed/cats/Cat_6940.jpg,0
data/processed/cats/Cat_6941.jpg,0
data/processed/cats/Cat_6942.jpg,0
data/processed/cats/Cat_6943.jpg,0
data/processed/cats/Cat_6946.jpg,0
data/processed/cats/Cat_6950.jpg,0
data/processed/cats/Cat_6951.jpg,0
data/processed/cats/Cat_6952.jpg,0
data/processed/cats/Cat_6953.jpg,0
data/processed/cats/Cat_6954.jpg,0
data/processed/cats/Cat_6955.jpg,0
data/processed/cats/Cat_6956.jpg,0
data/processed/cats/Cat_6957.jpg,0
data/processed/cats/Cat_6958.jpg,0
data/processed/cats/Cat_6959.jpg,0
data/processed/cats/Cat_696.jpg,0
data/processed/cats/Cat_6960.jpg,0
data/processed/cats/Cat_6961.jpg,0
data/processed/cats/Cat_6962.jpg,0
data/processed/cats/Cat_6965.jpg,0
data/processed/cats/Cat_6966.jpg,0
data/processed/cats/Cat_6969.jpg,0
data/processed/cats/Cat_697.jpg,0
data/processed/cats/Cat_6970.jpg,0
data/processed/cats/Cat_6972.jpg,0
data/processed/cats/Cat_6973.jpg,0
data/processed/cats/Cat_6975.jpg,0
data/processed/cats/Cat_6976.jpg,0
data/processed/cats/Cat_6977.jpg,0
data/processed/cats/Cat_6978.jpg,0
data/processed/cats/Cat_6979.jpg,0
data/processed/cats/Cat_698.jpg,0
data/processed/cats/Cat_6980.jpg,0
data/processed/cats/Cat_6982.jpg,0
data/processed/cats/Cat_6983.jpg,0
data/processed/cats/Cat_6984.jpg,0
data/processed/cats/Cat_6985.jpg,0
data/processed/cats/Cat_6987.jpg,0
data/processed/cats/Cat_6989.jpg,0
data/processed/cats/Cat_6990.jpg,0
data/processed/cats/Cat_6991.jpg,0
data/processed/cats/Cat_6992.jpg,0
data/processed/cats/Cat_6993.jpg,0
data/processed/cats/Cat_6995.jpg,0
data/processed/cats/Cat_6996.jpg,0
data/processed/cats/Cat_6998.jpg,0
data/processed/cats/Cat_6999.jpg,0
data/processed/cats/Cat_7.jpg,0
data/processed/cats/Cat_700.jpg,0
data/processed/cats/Cat_7000.jpg,0
data/processed/cats/Cat_7001.jpg,0
data/processed/cats/Cat_7002.jpg,0
data/processed/cats/Cat_7003.jpg,0
data/processed/cats/Cat_7004.jpg,0
data/processed/cats/Cat_7005.jpg,0
data/processed/cats/Cat_7007.jpg,0
data/processed/cats/Cat_7008.jpg,0
data/processed/cats/Cat_7009.jpg,0
data/processed/cats/Cat_7010.jpg,0
data/processed/cats/Cat_7012.jpg,0
data/processed/cats/Cat_7015.jpg,0
data/processed/cats/Cat_7016.jpg,0
data/processed/cats/Cat_7017.jpg,0
data/processed/cats/Cat_7018.jpg,0
data/processed/cats/Cat_7019.jpg,0
data/processed/cats/Cat_702.jpg,0
data/processed/cats/Cat_7020.jpg,0
data/processed/cats/Cat_7021.jpg,0
data/processed/cats/Cat_7022.jpg,0
data/processed/cats/Cat_7023.jpg,0
data/processed/cats/Cat_7024.jpg,0
data/processed/cats/Cat_7026.jpg,0
data/processed/cats/Cat_7027.jpg,0
data/processed/cats/Cat_7028.jpg,0
data/processed/cats/Cat_703.jpg,0
data/processed/cats/Cat_7030.jpg,0
data/processed/cats/Cat_7031.jpg,0
data/processed/cats/Cat_7033.jpg,0
data/processed/cats/Cat_7037.jpg,0
data/processed/cats/Cat_7038.jpg,0
data/processed/cats/Cat_7039.jpg,0
data/processed/cats/Cat_704.jpg,0
data/processed/cats/Cat_7040.jpg,0
data/processed/cats/Cat_7041.jpg,0
data/processed/cats/Cat_7042.jpg,0
data/processed/cats/Cat_7043.jpg,0
data/processed/cats/Cat_7044.jpg,0
data/processed/cats/Cat_7046.jpg,0
data/processed/cats/Cat_7047.jpg,0
data/processed/cats/Cat_7048.jpg,0
data/processed/cats/Cat_7049.jpg,0
data/processed/cats/Cat_7050.jpg,0
data/processed/cats/Cat_7051.jpg,0
data/processed/cats/Cat_7052.jpg,0
data/processed/cats/Cat_7054.jpg,0
data/processed/cats/Cat_7055.jpg,0
data/processed/cats/Cat_7056.jpg,0
data/processed/cats/Cat_7057.jpg,0
data/processed/cats/Cat_7058.jpg,0
data/processed/cats/Cat_7059.jpg,0
data/processed/cats/Cat_706.jpg,0
data/processed/cats/Cat_7061.jpg,0
data/processed/cats/Cat_7062.jpg,0
data/processed/cats/Cat_7063.jpg,0
data/processed/cats/Cat_7064.jpg,0
data/processed/cats/Cat_7065.jpg,0
data/processed/cats/Cat_7066.jpg,0
data/processed/cats/Cat_7067.jpg,0
data/processed/cats/Cat_7068.jpg,0
data/processed/cats/Cat_7069.jpg,0
data/processed/cats/Cat_707.jpg,0
data/processed/cats/Cat_7070.jpg,0
data/processed/cats/Cat_7071.jpg,0
data/processed/cats/Cat_7072.jpg,0
data/processed/cats/Cat_7073.jpg,0
data/processed/cats/Cat_7074.jpg,0
data/processed/cats/Cat_7075.jpg,0
data/processed/cats/Cat_7076.jpg,0
data/processed/cats/Cat_7077.jpg,0
data/processed/cats/Cat_7078.jpg,0
data/processed/cats/Cat_7079.jpg,0
data/processed/cats/Cat_708.jpg,0
data/processed/cats/Cat_7080.jpg,0
data/processed/cats/Cat_7081.jpg,0
data/processed/cats/Cat_7082.jpg,0
data/processed/cats/Cat_7083.jpg,0
data/processed/cats/Cat_7084.jpg,0
data/processed/cats/Cat_7085.jpg,0
data/processed/cats/Cat_7086.jpg,0
data/processed/cats/Cat_7087.jpg,0
data/processed/cats/Cat_7088.jpg,0
data/processed/cats/Cat_7089.jpg,0
data/processed/cats/Cat_709.jpg,0
data/processed/cats/Cat_7091.jpg,0
data/processed/cats/Cat_7092.jpg,0
data/processed/cats/Cat_7093.jpg,0
data/processed/cats/Cat_7094.jpg,0
data/processed/cats/Cat_7097.jpg,0
data/processed/cats/Cat_7098.jpg,0
data/processed/cats/Cat_7099.jpg,0
data/processed/cats/Cat_71.jpg,0
data/processed/cats/Cat_710.jpg,0
data/processed/cats/Cat_7100.jpg,0
data/processed/cats/Cat_7101.jpg,0
data/processed/cats/Cat_7102.jpg,0
data/processed/cats/Cat_7103.jpg,0
data/processed/cats/Cat_7104.jpg,0
data/processed/cats/Cat_7105.jpg,0
data/processed/cats/Cat_7106.jpg,0
data/processed/cats/Cat_7107.jpg,0
data/processed/cats/Cat_7108.jpg,0
data/processed/cats/Cat_7109.jpg,0
data/processed/cats/Cat_711.jpg,0
data/processed/cats/Cat_7110.jpg,0
data/processed/cats/Cat_7111.jpg,0
data/processed/cats/Cat_7112.jpg,0
data/processed/cats/Cat_7113.jpg,0
data/processed/cats/Cat_7114.jpg,0
data/processed/cats/Cat_7115.jpg,0
data/processed/cats/Cat_7116.jpg,0
data/processed/cats/Cat_7117.jpg,0
data/processed/cats/Cat_7119.jpg,0
data/processed/cats/Cat_712.jpg,0
data/processed/cats/Cat_7120.jpg,0
data/processed/cats/Cat_7121.jpg,0
data/processed/cats/Cat_7122.jpg,0
data/processed/cats/Cat_7123.jpg,0
data/processed/cats/Cat_7124.jpg,0
data/processed/cats/Cat_7125.jpg,0
data/processed/cats/Cat_7126.jpg,0
data/processed/cats/Cat_7127.jpg,0
data/processed/cats/Cat_7129.jpg,0
data/processed/cats/Cat_7130.jpg,0
data/processed/cats/Cat_7131.jpg,0
data/processed/cats/Cat_7132.jpg,0
data/processed/cats/Cat_7133.jpg,0
data/processed/cats/Cat_7134.jpg,0
data/processed/cats/Cat_7135.jpg,0
data/processed/cats/Cat_7136.jpg,0
data/processed/cats/Cat_7137.jpg,0
data/processed/cats/Cat_7138.jpg,0
data/processed/cats/Cat_7139.jpg,0
data/processed/cats/Cat_7140.jpg,0
data/processed/cats/Cat_7142.jpg,0
data/processed/cats/Cat_7143.jpg,0
data/processed/cats/Cat_7145.jpg,0
data/processed/cats/Cat_7146.jpg,0
data/processed/cats/Cat_7148.jpg,0
data/processed/cats/Cat_715.jpg,0
data/processed/cats/Cat_7150.jpg,0
data/processed/cats/Cat_7151.jpg,0
data/processed/cats/Cat_7153.jpg,0
data/processed/cats/Cat_7155.jpg,0
data/processed/cats/Cat_7156.jpg,0
data/processed/cats/Cat_7157.jpg,0
data/processed/cats/Cat_7158.jpg,0
data/processed/cats/Cat_7159.jpg,0
data/processed/cats/Cat_716.jpg,0
data/processed/cats/Cat_7160.jpg,0
data/processed/cats/Cat_7163.jpg,0
data/processed/cats/Cat_7164.jpg,0
data/processed/cats/Cat_7165.jpg,0
data/processed/cats/Cat_7167.jpg,0
data/processed/cats/Cat_7168.jpg,0
data/processed/cats/Cat_7169.jpg,0
data/processed/cats/Cat_717.jpg,0
data/processed/cats/Cat_7170.jpg,0
data/processed/cats/Cat_7172.jpg,0
data/processed/cats/Cat_7173.jpg,0
data/processed/cats/Cat_7175.jpg,0
data/processed/cats/Cat_7176.jpg,0
data/processed/cats/Cat_7177.jpg,0
data/processed/cats/Cat_7178.jpg,0
data/processed/cats/Cat_7179.jpg,0
data/processed/cats/Cat_718.jpg,0
data/processed/cats/Cat_7180.jpg,0
data/processed/cats/Cat_7181.jpg,0
data/processed/cats/Cat_7182.jpg,0
data/processed/cats/Cat_7183.jpg,0
data/processed/cats/Cat_7184.jpg,0
data/processed/cats/Cat_7185.jpg,0
data/processed/cats/Cat_7187.jpg,0
data/processed/cats/Cat_7188.jpg,0
data/processed/cats/Cat_7189.jpg,0
data/processed/cats/Cat_719.jpg,0
data/processed/cats/Cat_7190.jpg,0
data/processed/cats/Cat_7191.jpg,0
data/processed/cats/Cat_7192.jpg,0
data/processed/cats/Cat_7194.jpg,0
data/processed/cats/Cat_7195.jpg,0
data/processed/cats/Cat_7196.jpg,0
data/processed/cats/Cat_7197.jpg,0
data/processed/cats/Cat_7198.jpg,0
data/processed/cats/Cat_7199.jpg,0
data/processed/cats/Cat_72.jpg,0
data/processed/cats/Cat_720.jpg,0
data/processed/cats/Cat_7200.jpg,0
data/processed/cats/Cat_7201.jpg,0
data/processed/cats/Cat_7202.jpg,0
data/processed/cats/Cat_7203.jpg,0
data/processed/cats/Cat_7204.jpg,0
data/processed/cats/Cat_7205.jpg,0
data/processed/cats/Cat_7207.jpg,0
data/processed/cats/Cat_7208.jpg,0
data/processed/cats/Cat_721.jpg,0
data/processed/cats/Cat_7210.jpg,0
data/processed/cats/Cat_7211.jpg,0
data/processed/cats/Cat_7212.jpg,0
data/processed/cats/Cat_7213.jpg,0
data/processed/cats/Cat_7214.jpg,0
data/processed/cats/Cat_7215.jpg,0
data/processed/cats/Cat_7216.jpg,0
data/processed/cats/Cat_7218.jpg,0
data/processed/cats/Cat_7219.jpg,0
data/processed/cats/Cat_722.jpg,0
data/processed/cats/Cat_7220.jpg,0
data/processed/cats/Cat_7221.jpg,0
data/processed/cats/Cat_7222.jpg,0
data/processed/cats/Cat_7223.jpg,0
data/processed/cats/Cat_7224.jpg,0
data/processed/cats/Cat_7225.jpg,0
data/processed/cats/Cat_7226.jpg,0
data/processed/cats/Cat_7227.jpg,0
data/processed/cats/Cat_7228.jpg,0
data/processed/cats/Cat_7229.jpg,0
data/processed/cats/Cat_723.jpg,0
data/processed/cats/Cat_7231.jpg,0
data/processed/cats/Cat_7232.jpg,0
data/processed/cats/Cat_7233.jpg,0
data/processed/cats/Cat_7234.jpg,0
data/processed/cats/Cat_7235.jpg,0
data/processed/cats/Cat_7236.jpg,0
data/processed/cats/Cat_7237.jpg,0
data/processed/cats/Cat_7238.jpg,0
data/processed/cats/Cat_7239.jpg,0
data/processed/cats/Cat_724.jpg,0
data/processed/cats/Cat_7241.jpg,0
data/processed/cats/Cat_7243.jpg,0
data/processed/cats/Cat_7245.jpg,0
data/processed/cats/Cat_7246.jpg,0
data/processed/cats/Cat_7248.jpg,0
data/processed/cats/Cat_725.jpg,0
data/processed/cats/Cat_7251.jpg,0
data/processed/cats/Cat_7252.jpg,0
data/processed/cats/Cat_7253.jpg,0
data/processed/cats/Cat_7254.jpg,0
data/processed/cats/Cat_7255.jpg,0
data/processed/cats/Cat_7256.jpg,0
data/processed/cats/Cat_7257.jpg,0
data/processed/cats/Cat_7259.jpg,0
data/processed/cats/Cat_726.jpg,0
data/processed/cats/Cat_7260.jpg,0
data/processed/cats/Cat_7261.jpg,0
data/processed/cats/Cat_7262.jpg,0
data/processed/cats/Cat_7263.jpg,0
data/processed/cats/Cat_7265.jpg,0
data/processed/cats/Cat_7266.jpg,0
data/processed/cats/Cat_7267.jpg,0
data/processed/cats/Cat_7269.jpg,0
data/processed/cats/Cat_7270.jpg,0
data/processed/cats/Cat_7271.jpg,0
data/processed/cats/Cat_7272.jpg,0
data/processed/cats/Cat_7273.jpg,0
data/processed/cats/Cat_7275.jpg,0
data/processed/cats/Cat_7277.jpg,0
data/processed/cats/Cat_7278.jpg,0
data/processed/cats/Cat_728.jpg,0
data/processed/cats/Cat_7280.jpg,0
data/processed/cats/Cat_7281.jpg,0
data/processed/cats/Cat_7282.jpg,0
data/processed/cats/Cat_7283.jpg,0
data/processed/cats/Cat_7284.jpg,0
data/processed/cats/Cat_7285.jpg,0
data/processed/cats/Cat_7286.jpg,0
data/processed/cats/Cat_7287.jpg,0
data/processed/cats/Cat_7288.jpg,0
data/processed/cats/Cat_7289.jpg,0
data/processed/cats/Cat_729.jpg,0
data/processed/cats/Cat_7290.jpg,0
data/processed/cats/Cat_7291.jpg,0
data/processed/cats/Cat_7293.jpg,0
data/processed/cats/Cat_7294.jpg,0
data/processed/cats/Cat_7295.jpg,0
data/processed/cats/Cat_7296.jpg,0
data/processed/cats/Cat_7297.jpg,0
data/processed/cats/Cat_7298.jpg,0
data/processed/cats/Cat_73.jpg,0
data/processed/cats/Cat_730.jpg,0
data/processed/cats/Cat_7300.jpg,0
data/processed/cats/Cat_7303.jpg,0
data/processed/cats/Cat_7305.jpg,0
data/processed/cats/Cat_7307.jpg,0
data/processed/cats/Cat_7309.jpg,0
data/processed/cats/Cat_731.jpg,0
data/processed/cats/Cat_7310.jpg,0
data/processed/cats/Cat_7311.jpg,0
data/processed/cats/Cat_7312.jpg,0
data/processed/cats/Cat_7314.jpg,0
data/processed/cats/Cat_7315.jpg,0
data/processed/cats/Cat_7317.jpg,0
data/processed/cats/Cat_7319.jpg,0
data/processed/cats/Cat_732.jpg,0
data/processed/cats/Cat_7321.jpg,0
data/processed/cats/Cat_7322.jpg,0
data/processed/cats/Cat_7323.jpg,0
data/processed/cats/Cat_7324.jpg,0
data/processed/cats/Cat_7325.jpg,0
data/processed/cats/Cat_7326.jpg,0
data/processed/cats/Cat_7327.jpg,0
data/processed/cats/Cat_7328.jpg,0
data/processed/cats/Cat_7329.jpg,0
data/processed/cats/Cat_733.jpg,0
data/processed/cats/Cat_7330.jpg,0
data/processed/cats/Cat_7331.jpg,0
data/processed/cats/Cat_7332.jpg,0
data/processed/cats/Cat_7333.jpg,0
data/processed/cats/Cat_7336.jpg,0
data/processed/cats/Cat_7337.jpg,0
data/processed/cats/Cat_7338.jpg,0
data/processed/cats/Cat_7339.jpg,0
data/processed/cats/Cat_734.jpg,0
data/processed/cats/Cat_7340.jpg,0
data/processed/cats/Cat_7342.jpg,0
data/processed/cats/Cat_7343.jpg,0
data/processed/cats/Cat_7345.jpg,0
data/processed/cats/Cat_7346.jpg,0
data/processed/cats/Cat_7347.jpg,0
data/processed/cats/Cat_7348.jpg,0
data/processed/cats/Cat_7350.jpg,0
data/processed/cats/Cat_7351.jpg,0
data/processed/cats/Cat_7352.jpg,0
data/processed/cats/Cat_7353.jpg,0
data/processed/cats/Cat_7355.jpg,0
data/processed/cats/Cat_7356.jpg,0
data/processed/cats/Cat_7357.jpg,0
data/processed/cats/Cat_7358.jpg,0
data/processed/cats/Cat_7359.jpg,0
data/processed/cats/Cat_736.jpg,0
data/processed/cats/Cat_7360.jpg,0
data/processed/cats/Cat_7361.jpg,0
data/processed/cats/Cat_7362.jpg,0
data/processed/cats/Cat_7363.jpg,0
data/processed/cats/Cat_7364.jpg,0
data/processed/cats/Cat_7365.jpg,0
data/processed/cats/Cat_7366.jpg,0
data/processed/cats/Cat_7367.jpg,0
data/processed/cats/Cat_7369.jpg,0
data/processed/cats/Cat_737.jpg,0
data/processed/cats/Cat_7372.jpg,0
data/processed/cats/Cat_7373.jpg,0
data/processed/cats/Cat_7374.jpg,0
data/processed/cats/Cat_7375.jpg,0
data/processed/cats/Cat_7376.jpg,0
data/processed/cats/Cat_7377.jpg,0
data/processed/cats/Cat_7378.jpg,0
data/processed/cats/Cat_738.jpg,0
data/processed/cats/Cat_7380.jpg,0
data/processed/cats/Cat_7381.jpg,0
data/processed/cats/Cat_7382.jpg,0
data/processed/cats/Cat_7383.jpg,0
data/processed/cats/Cat_7384.jpg,0
data/processed/cats/Cat_7385.jpg,0
data/processed/cats/Cat_7386.jpg,0
data/processed/cats/Cat_7387.jpg,0
data/processed/cats/Cat_7388.jpg,0
data/processed/cats/Cat_7389.jpg,0
data/processed/cats/Cat_7390.jpg,0
data/processed/cats/Cat_7391.jpg,0
data/processed/cats/Cat_7392.jpg,0
data/processed/cats/Cat_7393.jpg,0
data/processed/cats/Cat_7394.jpg,0
data/processed/cats/Cat_7395.jpg,0
data/processed/cats/Cat_7396.jpg,0
data/processed/cats/Cat_7397.jpg,0
data/processed/cats/Cat_7398.jpg,0
data/processed/cats/Cat_74.jpg,0
data/processed/cats/Cat_740.jpg,0
data/processed/cats/Cat_7400.jpg,0
data/processed/cats/Cat_7401.jpg,0
data/processed/cats/Cat_7402.jpg,0
data/processed/cats/Cat_7403.jpg,0
data/processed/cats/Cat_7404.jpg,0
data/processed/cats/Cat_7405.jpg,0
data/processed/cats/Cat_7406.jpg,0
data/processed/cats/Cat_7407.jpg,0
data/processed/cats/Cat_7408.jpg,0
data/processed/cats/Cat_7409.jpg,0
data/processed/cats/Cat_741.jpg,0
data/processed/cats/Cat_7410.jpg,0
data/processed/cats/Cat_7411.jpg,0
data/processed/cats/Cat_7412.jpg,0
data/processed/cats/Cat_7413.jpg,0
data/processed/cats/Cat_7414.jpg,0
data/processed/cats/Cat_7415.jpg,0
data/processed/cats/Cat_7416.jpg,0
data/processed/cats/Cat_7418.jpg,0
data/processed/cats/Cat_742.jpg,0
data/processed/cats/Cat_7420.jpg,0
data/processed/cats/Cat_7421.jpg,0
data/processed/cats/Cat_7423.jpg,0
data/processed/cats/Cat_7424.jpg,0
data/processed/cats/Cat_7425.jpg,0
data/processed/cats/Cat_7426.jpg,0
data/processed/cats/Cat_7427.jpg,0
data/processed/cats/Cat_7428.jpg,0
data/processed/cats/Cat_7429.jpg,0
data/processed/cats/Cat_7430.jpg,0
data/processed/cats/Cat_7431.jpg,0
data/processed/cats/Cat_7432.jpg,0
data/processed/cats/Cat_7433.jpg,0
data/processed/cats/Cat_7436.jpg,0
data/processed/cats/Cat_7437.jpg,0
data/processed/cats/Cat_744.jpg,0
data/processed/cats/Cat_7440.jpg,0
data/processed/cats/Cat_7441.jpg,0
data/processed/cats/Cat_7442.jpg,0
data/processed/cats/Cat_7443.jpg,0
data/processed/cats/Cat_7444.jpg,0
data/processed/cats/Cat_7446.jpg,0
data/processed/cats/Cat_7447.jpg,0
data/processed/cats/Cat_7448.jpg,0
data/processed/cats/Cat_7449.jpg,0
data/processed/cats/Cat_7450.jpg,0
data/processed/cats/Cat_7451.jpg,0
data/processed/cats/Cat_7453.jpg,0
data/processed/cats/Cat_7454.jpg,0
data/processed/cats/Cat_7455.jpg,0
data/processed/cats/Cat_7456.jpg,0
data/processed/cats/Cat_7457.jpg,0
data/processed/cats/Cat_7458.jpg,0
data/processed/cats/Cat_7459.jpg,0
data/processed/cats/Cat_746.jpg,0
data/processed/cats/Cat_7460.jpg,0
data/processed/cats/Cat_7461.jpg,0
data/processed/cats/Cat_7462.jpg,0
data/processed/cats/Cat_7463.jpg,0
data/processed/cats/Cat_7464.jpg,0
data/processed/cats/Cat_7465.jpg,0
data/processed/cats/Cat_7469.jpg,0
data/processed/cats/Cat_747.jpg,0
data/processed/cats/Cat_7470.jpg,0
data/processed/cats/Cat_7471.jpg,0
data/processed/cats/Cat_7473.jpg,0
data/processed/cats/Cat_7474.jpg,0
data/processed/cats/Cat_7475.jpg,0
data/processed/cats/Cat_7476.jpg,0
data/processed/cats/Cat_7477.jpg,0
data/processed/cats/Cat_7478.jpg,0
data/processed/cats/Cat_7479.jpg,0
data/processed/cats/Cat_7480.jpg,0
data/processed/cats/Cat_7481.jpg,0
data/processed/cats/Cat_7482.jpg,0
data/processed/cats/Cat_7483.jpg,0
data/processed/cats/Cat_7484.jpg,0
data/processed/cats/Cat_7485.jpg,0
data/processed/cats/Cat_7486.jpg,0
data/processed/cats/Cat_7488.jpg,0
data/processed/cats/Cat_749.jpg,0
data/processed/cats/Cat_7490.jpg,0
data/processed/cats/Cat_7491.jpg,0
data/processed/cats/Cat_7492.jpg,0
data/processed/cats/Cat_7494.jpg,0
data/processed/cats/Cat_7495.jpg,0
data/processed/cats/Cat_7496.jpg,0
data/processed/cats/Cat_7498.jpg,0
data/processed/cats/Cat_75.jpg,0
data/processed/cats/Cat_750.jpg,0
data/processed/cats/Cat_7500.jpg,0
data/processed/cats/Cat_7501.jpg,0
data/processed/cats/Cat_7502.jpg,0
data/processed/cats/Cat_7503.jpg,0
data/processed/cats/Cat_7504.jpg,0
data/processed/cats/Cat_7505.jpg,0
data/processed/cats/Cat_7506.jpg,0
data/processed/cats/Cat_7507.jpg,0
data/processed/cats/Cat_7509.jpg,0
data/processed/cats/Cat_751.jpg,0
data/processed/cats/Cat_7510.jpg,0
data/processed/cats/Cat_7511.jpg,0
data/processed/cats/Cat_7512.jpg,0
data/processed/cats/Cat_7515.jpg,0
data/processed/cats/Cat_7516.jpg,0
data/processed/cats/Cat_7517.jpg,0
data/processed/cats/Cat_7518.jpg,0
data/processed/cats/Cat_7519.jpg,0
data/processed/cats/Cat_752.jpg,0
data/processed/cats/Cat_7520.jpg,0
data/processed/cats/Cat_7521.jpg,0
data/processed/cats/Cat_7522.jpg,0
data/processed/cats/Cat_7523.jpg,0
data/processed/cats/Cat_7524.jpg,0
data/processed/cats/Cat_7525.jpg,0
data/processed/cats/Cat_7527.jpg,0
data/processed/cats/Cat_7528.jpg,0
data/processed/cats/Cat_7529.jpg,0
data/processed/cats/Cat_753.jpg,0
data/processed/cats/Cat_7530.jpg,0
data/processed/cats/Cat_7531.jpg,0
data/processed/cats/Cat_7534.jpg,0
data/processed/cats/Cat_7536.jpg,0
data/processed/cats/Cat_7537.jpg,0
data/processed/cats/Cat_754.jpg,0
data/processed/cats/Cat_7542.jpg,0
data/processed/cats/Cat_7544.jpg,0
data/processed/cats/Cat_7545.jpg,0
data/processed/cats/Cat_7546.jpg,0
data/processed/cats/Cat_7547.jpg,0
data/processed/cats/Cat_755.jpg,0
data/processed/cats/Cat_7550.jpg,0
data/processed/cats/Cat_7551.jpg,0
data/processed/cats/Cat_7552.jpg,0
data/processed/cats/Cat_7553.jpg,0
data/processed/cats/Cat_7554.jpg,0
data/processed/cats/Cat_7555.jpg,0
data/processed/cats/Cat_7556.jpg,0
data/processed/cats/Cat_7557.jpg,0
data/processed/cats/Cat_7558.jpg,0
data/processed/cats/Cat_7560.jpg,0
data/processed/cats/Cat_7561.jpg,0
data/processed/cats/Cat_7562.jpg,0
data/processed/cats/Cat_7564.jpg,0
data/processed/cats/Cat_7566.jpg,0
data/processed/cats/Cat_7567.jpg,0
data/processed/cats/Cat_7568.jpg,0
data/processed/cats/Cat_7569.jpg,0
data/processed/cats/Cat_757.jpg,0
data/processed/cats/Cat_7570.jpg,0
data/processed/cats/Cat_7571.jpg,0
data/processed/cats/Cat_7572.jpg,0
data/processed/cats/Cat_7573.jpg,0
data/processed/cats/Cat_7574.jpg,0
data/processed/cats/Cat_7575.jpg,0
data/processed/cats/Cat_7576.jpg,0
data/processed/cats/Cat_7577.jpg,0
data/processed/cats/Cat_7578.jpg,0
data/processed/cats/Cat_7579.jpg,0
data/processed/cats/Cat_758.jpg,0
data/processed/cats/Cat_7580.jpg,0
data/processed/cats/Cat_7581.jpg,0
data/processed/cats/Cat_7582.jpg,0
data/processed/cats/Cat_7583.jpg,0
data/processed/cats/Cat_7586.jpg,0
data/processed/cats/Cat_7587.jpg,0
data/processed/cats/Cat_7588.jpg,0
data/processed/cats/Cat_7589.jpg,0
data/processed/cats/Cat_759.jpg,0
data/processed/cats/Cat_7591.jpg,0
data/processed/cats/Cat_7592.jpg,0
data/processed/cats/Cat_7593.jpg,0
data/processed/cats/Cat_7597.jpg,0
data/processed/cats/Cat_7599.jpg,0
data/processed/cats/Cat_76.jpg,0
data/processed/cats/Cat_760.jpg,0
data/processed/cats/Cat_7600.jpg,0
data/processed/cats/Cat_7601.jpg,0
data/processed/cats/Cat_7602.jpg,0
data/processed/cats/Cat_7603.jpg,0
data/processed/cats/Cat_7604.jpg,0
data/processed/cats/Cat_7605.jpg,0
data/processed/cats/Cat_7606.jpg,0
data/processed/cats/Cat_7607.jpg,0
data/processed/cats/Cat_7608.jpg,0
data/processed/cats/Cat_7609.jpg,0
data/processed/cats/Cat_761.jpg,0
data/processed/cats/Cat_7610.jpg,0
data/processed/cats/Cat_7612.jpg,0
data/processed/cats/Cat_7613.jpg,0
data/processed/cats/Cat_7614.jpg,0
data/processed/cats/Cat_7615.jpg,0
data/processed/cats/Cat_7617.jpg,0
data/processed/cats/Cat_7618.jpg,0
data/processed/cats/Cat_7619.jpg,0
data/processed/cats/Cat_762.jpg,0
data/processed/cats/Cat_7620.jpg,0
data/processed/cats/Cat_7621.jpg,0
data/processed/cats/Cat_7622.jpg,0
data/processed/cats/Cat_7624.jpg,0
data/processed/cats/Cat_7625.jpg,0
data/processed/cats/Cat_7626.jpg,0
data/processed/cats/Cat_7627.jpg,0
data/processed/cats/Cat_7629.jpg,0
data/processed/cats/Cat_763.jpg,0
data/processed/cats/Cat_7630.jpg,0
data/processed/cats/Cat_7631.jpg,0
data/processed/cats/Cat_7632.jpg,0
data/processed/cats/Cat_7633.jpg,0
data/processed/cats/Cat_7637.jpg,0
data/processed/cats/Cat_7638.jpg,0
data/processed/cats/Cat_7639.jpg,0
data/processed/cats/Cat_764.jpg,0
data/processed/cats/Cat_7641.jpg,0
data/processed/cats/Cat_7642.jpg,0
data/processed/cats/Cat_7644.jpg,0
data/processed/cats/Cat_7646.jpg,0
data/processed/cats/Cat_7647.jpg,0
data/processed/cats/Cat_7648.jpg,0
data/processed/cats/Cat_765.jpg,0
data/processed/cats/Cat_7650.jpg,0
data/processed/cats/Cat_7651.jpg,0
data/processed/cats/Cat_7652.jpg,0
data/processed/cats/Cat_7653.jpg,0
data/processed/cats/Cat_7654.jpg,0
data/processed/cats/Cat_7655.jpg,0
data/processed/cats/Cat_7656.jpg,0
data/processed/cats/Cat_7657.jpg,0
data/processed/cats/Cat_7658.jpg,0
data/processed/cats/Cat_7659.jpg,0
data/processed/cats/Cat_7660.jpg,0
data/processed/cats/Cat_7661.jpg,0
data/processed/cats/Cat_7663.jpg,0
data/processed/cats/Cat_7665.jpg,0
data/processed/cats/Cat_7668.jpg,0
data/processed/cats/Cat_7669.jpg,0
data/processed/cats/Cat_7670.jpg,0
data/processed/cats/Cat_7671.jpg,0
data/processed/cats/Cat_7673.jpg,0
data/processed/cats/Cat_7676.jpg,0
data/processed/cats/Cat_7677.jpg,0
data/processed/cats/Cat_7678.jpg,0
data/processed/cats/Cat_7679.jpg,0
data/processed/cats/Cat_768.jpg,0
data/processed/cats/Cat_7680.jpg,0
data/processed/cats/Cat_7681.jpg,0
data/processed/cats/Cat_7683.jpg,0
data/processed/cats/Cat_7684.jpg,0
data/processed/cats/Cat_7685.jpg,0
data/processed/cats/Cat_7686.jpg,0
data/processed/cats/Cat_7687.jpg,0
data/processed/cats/Cat_7688.jpg,0
data/processed/cats/Cat_7689.jpg,0
data/processed/cats/Cat_769.jpg,0
data/processed/cats/Cat_7690.jpg,0
data/processed/cats/Cat_7691.jpg,0
data/processed/cats/Cat_7692.jpg,0
data/processed/cats/Cat_7693.jpg,0
data/processed/cats/Cat_7694.jpg,0
data/processed/cats/Cat_7695.jpg,0
data/processed/cats/Cat_7696.jpg,0
data/processed/cats/Cat_7697.jpg,0
data/processed/cats/Cat_7698.jpg,0
data/processed/cats/Cat_7699.jpg,0
data/processed/cats/Cat_77.jpg,0
data/processed/cats/Cat_7700.jpg,0
data/processed/cats/Cat_7701.jpg,0
data/processed/cats/Cat_7702.jpg,0
data/processed/cats/Cat_7704.jpg,0
data/processed/cats/Cat_7705.jpg,0
data/processed/cats/Cat_7706.jpg,0
data/processed/cats/Cat_7707.jpg,0
data/processed/cats/Cat_7708.jpg,0
data/processed/cats/Cat_7709.jpg,0
data/processed/cats/Cat_7710.jpg,0
data/processed/cats/Cat_7712.jpg,0
data/processed/cats/Cat_7713.jpg,0
data/processed/cats/Cat_7714.jpg,0
data/processed/cats/Cat_7715.jpg,0
data/processed/cats/Cat_7716.jpg,0
data/processed/cats/Cat_7717.jpg,0
data/processed/cats/Cat_7718.jpg,0
data/processed/cats/Cat_7719.jpg,0
data/processed/cats/Cat_772.jpg,0
data/processed/cats/Cat_7720.jpg,0
data/processed/cats/Cat_7721.jpg,0
data/processed/cats/Cat_7722.jpg,0
data/processed/cats/Cat_7723.jpg,0
data/processed/cats/Cat_7724.jpg,0
data/processed/cats/Cat_7725.jpg,0
data/processed/cats/Cat_7726.jpg,0
data/processed/cats/Cat_7727.jpg,0
data/processed/cats/Cat_7728.jpg,0
data/processed/cats/Cat_773.jpg,0
data/processed/cats/Cat_7730.jpg,0
data/processed/cats/Cat_7731.jpg,0
data/processed/cats/Cat_7732.jpg,0
data/processed/cats/Cat_7733.jpg,0
data/processed/cats/Cat_7734.jpg,0
data/processed/cats/Cat_7736.jpg,0
data/processed/cats/Cat_7738.jpg,0
data/processed/cats/Cat_7739.jpg,0
data/processed/cats/Cat_7740.jpg,0
data/processed/cats/Cat_7742.jpg,0
data/processed/cats/Cat_7743.jpg,0
data/processed/cats/Cat_7744.jpg,0
data/processed/cats/Cat_7745.jpg,0
data/processed/cats/Cat_7747.jpg,0
data/processed/cats/Cat_7749.jpg,0
data/processed/cats/Cat_775.jpg,0
data/processed/cats/Cat_7752.jpg,0
data/processed/cats/Cat_7753.jpg,0
data/processed/cats/Cat_7754.jpg,0
data/processed/cats/Cat_7755.jpg,0
data/processed/cats/Cat_7756.jpg,0
data/processed/cats/Cat_7757.jpg,0
data/processed/cats/Cat_7758.jpg,0
data/processed/cats/Cat_7759.jpg,0
data/processed/cats/Cat_7760.jpg,0
data/processed/cats/Cat_7761.jpg,0
data/processed/cats/Cat_7762.jpg,0
data/processed/cats/Cat_7765.jpg,0
data/processed/cats/Cat_7766.jpg,0
data/processed/cats/Cat_7768.jpg,0
data/processed/cats/Cat_7769.jpg,0
data/processed/cats/Cat_777.jpg,0
data/processed/cats/Cat_7770.jpg,0
data/processed/cats/Cat_7771.jpg,0
data/processed/cats/Cat_7772.jpg,0
data/processed/cats/Cat_7774.jpg,0
data/processed/cats/Cat_7775.jpg,0
data/processed/cats/Cat_7776.jpg,0
data/processed/cats/Cat_7778.jpg,0
data/processed/cats/Cat_7779.jpg,0
data/processed/cats/Cat_778.jpg,0
data/processed/cats/Cat_7780.jpg,0
data/processed/cats/Cat_7781.jpg,0
data/processed/cats/Cat_7782.jpg,0
data/processed/cats/Cat_7784.jpg,0
data/processed/cats/Cat_7785.jpg,0
data/processed/cats/Cat_7787.jpg,0
data/processed/cats/Cat_7788.jpg,0
data/processed/cats/Cat_7789.jpg,0
data/processed/cats/Cat_779.jpg,0
data/processed/cats/Cat_7790.jpg,0
data/processed/cats/Cat_7791.jpg,0
data/processed/cats/Cat_7795.jpg,0
data/processed/cats/Cat_7796.jpg,0
data/processed/cats/Cat_7797.jpg,0
data/processed/cats/Cat_7798.jpg,0
data/processed/cats/Cat_7799.jpg,0
data/processed/cats/Cat_780.jpg,0
data/processed/cats/Cat_7800.jpg,0
data/processed/cats/Cat_7801.jpg,0
data/processed/cats/Cat_7802.jpg,0
data/processed/cats/Cat_7804.jpg,0
data/processed/cats/Cat_7806.jpg,0
data/processed/cats/Cat_7807.jpg,0
data/processed/cats/Cat_7808.jpg,0
data/processed/cats/Cat_7809.jpg,0
data/processed/cats/Cat_781.jpg,0
data/processed/cats/Cat_7810.jpg,0
data/processed/cats/Cat_7811.jpg,0
data/processed/cats/Cat_7812.jpg,0
data/processed/cats/Cat_7813.jpg,0
data/processed/cats/Cat_7814.jpg,0
data/processed/cats/Cat_7815.jpg,0
data/processed/cats/Cat_7816.jpg,0
data/processed/cats/Cat_7817.jpg,0
data/processed/cats/Cat_7818.jpg,0
data/processed/cats/Cat_7819.jpg,0
data/processed/cats/Cat_782.jpg,0
data/processed/cats/Cat_7820.jpg,0
data/processed/cats/Cat_7821.jpg,0
data/processed/cats/Cat_7822.jpg,0
data/processed/cats/Cat_7823.jpg,0
data/processed/cats/Cat_7824.jpg,0
data/processed/cats/Cat_7825.jpg,0
data/processed/cats/Cat_7826.jpg,0
data/processed/cats/Cat_7827.jpg,0
data/processed/cats/Cat_7828.jpg,0
data/processed/cats/Cat_7829.jpg,0
data/processed/cats/Cat_783.jpg,0
data/processed/cats/Cat_7830.jpg,0
data/processed/cats/Cat_7832.jpg,0
data/processed/cats/Cat_7834.jpg,0
data/processed/cats/Cat_7835.jpg,0
data/processed/cats/Cat_7836.jpg,0
data/processed/cats/Cat_7837.jpg,0
data/processed/cats/Cat_7838.jpg,0
data/processed/cats/Cat_7839.jpg,0
data/processed/cats/Cat_784.jpg,0
data/processed/cats/Cat_7840.jpg,0
data/processed/cats/Cat_7841.jpg,0
data/processed/cats/Cat_7842.jpg,0
data/processed/cats/Cat_7843.jpg,0
data/processed/cats/Cat_7844.jpg,0
data/processed/cats/Cat_7846.jpg,0
data/processed/cats/Cat_7847.jpg,0
data/processed/cats/Cat_7848.jpg,0
data/processed/cats/Cat_7849.jpg,0
data/processed/cats/Cat_785.jpg,0
data/processed/cats/Cat_7851.jpg,0
data/processed/cats/Cat_7852.jpg,0
data/processed/cats/Cat_7853.jpg,0
data/processed/cats/Cat_7854.jpg,0
data/processed/cats/Cat_7855.jpg,0
data/processed/cats/Cat_7856.jpg,0
data/processed/cats/Cat_7857.jpg,0
data/processed/cats/Cat_7858.jpg,0
data/processed/cats/Cat_7859.jpg,0
data/processed/cats/Cat_786.jpg,0
data/processed/cats/Cat_7861.jpg,0
data/processed/cats/Cat_7862.jpg,0
data/processed/cats/Cat_7863.jpg,0
data/processed/cats/Cat_7865.jpg,0
data/processed/cats/Cat_7866.jpg,0
data/processed/cats/Cat_7867.jpg,0
data/processed/cats/Cat_7868.jpg,0
data/processed/cats/Cat_7869.jpg,0
data/processed/cats/Cat_787.jpg,0
data/processed/cats/Cat_7870.jpg,0
data/processed/cats/Cat_7871.jpg,0
data/processed/cats/Cat_7873.jpg,0
data/processed/cats/Cat_7874.jpg,0
data/processed/cats/Cat_7876.jpg,0
data/processed/cats/Cat_7877.jpg,0
data/processed/cats/Cat_7878.jpg,0
data/processed/cats/Cat_7879.jpg,0
data/processed/cats/Cat_788.jpg,0
data/processed/cats/Cat_7880.jpg,0
data/processed/cats/Cat_7881.jpg,0
data/processed/cats/Cat_7883.jpg,0
data/processed/cats/Cat_7884.jpg,0
data/processed/cats/Cat_7886.jpg,0
data/processed/cats/Cat_7887.jpg,0
data/processed/cats/Cat_7888.jpg,0
data/processed/cats/Cat_7889.jpg,0
data/processed/cats/Cat_789.jpg,0
data/processed/cats/Cat_7890.jpg,0
data/processed/cats/Cat_7891.jpg,0
data/processed/cats/Cat_7892.jpg,0
data/processed/cats/Cat_7893.jpg,0
data/processed/cats/Cat_7896.jpg,0
data/processed/cats/Cat_7897.jpg,0
data/processed/cats/Cat_7898.jpg,0
data/processed/cats/Cat_7899.jpg,0
data/processed/cats/Cat_79.jpg,0
data/processed/cats/Cat_7900.jpg,0
data/processed/cats/Cat_7902.jpg,0
data/processed/cats/Cat_7903.jpg,0
data/processed/cats/Cat_7904.jpg,0
data/processed/cats/Cat_7907.jpg,0
data/processed/cats/Cat_791.jpg,0
data/processed/cats/Cat_7910.jpg,0
data/processed/cats/Cat_7911.jpg,0
data/processed/cats/Cat_7913.jpg,0
data/processed/cats/Cat_7914.jpg,0
data/processed/cats/Cat_7915.jpg,0
data/processed/cats/Cat_7917.jpg,0
data/processed/cats/Cat_7918.jpg,0
data/processed/cats/Cat_792.jpg,0
data/processed/cats/Cat_7920.jpg,0
data/processed/cats/Cat_7921.jpg,0
data/processed/cats/Cat_7922.jpg,0
data/processed/cats/Cat_7923.jpg,0
data/processed/cats/Cat_7924.jpg,0
data/processed/cats/Cat_7925.jpg,0
data/processed/cats/Cat_7926.jpg,0
data/processed/cats/Cat_7927.jpg,0
data/processed/cats/Cat_7928.jpg,0
data/processed/cats/Cat_7929.jpg,0
data/processed/cats/Cat_793.jpg,0
data/processed/cats/Cat_7930.jpg,0
data/processed/cats/Cat_7931.jpg,0
data/processed/cats/Cat_7932.jpg,0
data/processed/cats/Cat_7935.jpg,0
data/processed/cats/Cat_7936.jpg,0
data/processed/cats/Cat_7937.jpg,0
data/processed/cats/Cat_7939.jpg,0
data/processed/cats/Cat_794.jpg,0
data/processed/cats/Cat_7940.jpg,0
data/processed/cats/Cat_7941.jpg,0
data/processed/cats/Cat_7942.jpg,0
data/processed/cats/Cat_7943.jpg,0
data/processed/cats/Cat_7944.jpg,0
data/processed/cats/Cat_7945.jpg,0
data/processed/cats/Cat_7946.jpg,0
data/processed/cats/Cat_7947.jpg,0
data/processed/cats/Cat_7948.jpg,0
data/processed/cats/Cat_7949.jpg,0
data/processed/cats/Cat_7951.jpg,0
data/processed/cats/Cat_7953.jpg,0
data/processed/cats/Cat_7955.jpg,0
data/processed/cats/Cat_7956.jpg,0
data/processed/cats/Cat_7960.jpg,0
data/processed/cats/Cat_7961.jpg,0
data/processed/cats/Cat_7962.jpg,0
data/processed/cats/Cat_7963.jpg,0
data/processed/cats/Cat_7965.jpg,0
data/processed/cats/Cat_7966.jpg,0
data/processed/cats/Cat_7967.jpg,0
data/processed/cats/Cat_7968.jpg,0
data/processed/cats/Cat_7969.jpg,0
data/processed/cats/Cat_797.jpg,0
data/processed/cats/Cat_7970.jpg,0
data/processed/cats/Cat_7974.jpg,0
data/processed/cats/Cat_7976.jpg,0
data/processed/cats/Cat_7977.jpg,0
data/processed/cats/Cat_7979.jpg,0
data/processed/cats/Cat_798.jpg,0
data/processed/cats/Cat_7980.jpg,0
data/processed/cats/Cat_7982.jpg,0
data/processed/cats/Cat_7983.jpg,0
data/processed/cats/Cat_7984.jpg,0
data/processed/cats/Cat_7985.jpg,0
data/processed/cats/Cat_7987.jpg,0
data/processed/cats/Cat_7988.jpg,0
data/processed/cats/Cat_7989.jpg,0
data/processed/cats/Cat_799.jpg,0
data/processed/cats/Cat_7992.jpg,0
data/processed/cats/Cat_7993.jpg,0
data/processed/cats/Cat_7994.jpg,0
data/processed/cats/Cat_7995.jpg,0
data/processed/cats/Cat_7997.jpg,0
data/processed/cats/Cat_7998.jpg,0
data/processed/cats/Cat_8.jpg,0
data/processed/cats/Cat_80.jpg,0
data/processed/cats/Cat_800.jpg,0
data/processed/cats/Cat_8000.jpg,0
data/processed/cats/Cat_8002.jpg,0
data/processed/cats/Cat_8003.jpg,0
data/processed/cats/Cat_8004.jpg,0
data/processed/cats/Cat_8005.jpg,0
data/processed/cats/Cat_8006.jpg,0
data/processed/cats/Cat_8007.jpg,0
data/processed/cats/Cat_8008.jpg,0
data/processed/cats/Cat_801.jpg,0
data/processed/cats/Cat_8010.jpg,0
data/processed/cats/Cat_8011.jpg,0
data/processed/cats/Cat_8012.jpg,0
data/processed/cats/Cat_8013.jpg,0
data/processed/cats/Cat_8014.jpg,0
data/processed/cats/Cat_8015.jpg,0
data/processed/cats/Cat_8016.jpg,0
data/processed/cats/Cat_8017.jpg,0
data/processed/cats/Cat_8018.jpg,0
data/processed/cats/Cat_8020.jpg,0
data/processed/cats/Cat_8021.jpg,0
data/processed/cats/Cat_8022.jpg,0
data/processed/cats/Cat_8023.jpg,0
data/processed/cats/Cat_8024.jpg,0
data/processed/cats/Cat_8026.jpg,0
data/processed/cats/Cat_8027.jpg,0
data/processed/cats/Cat_8028.jpg,0
data/processed/cats/Cat_8029.jpg,0
data/processed/cats/Cat_803.jpg,0
data/processed/cats/Cat_8030.jpg,0
data/processed/cats/Cat_8032.jpg,0
data/processed/cats/Cat_8033.jpg,0
data/processed/cats/Cat_8034.jpg,0
data/processed/cats/Cat_8035.jpg,0
data/processed/cats/Cat_8036.jpg,0
data/processed/cats/Cat_8039.jpg,0
data/processed/cats/Cat_804.jpg,0
data/processed/cats/Cat_8040.jpg,0
data/processed/cats/Cat_8041.jpg,0
data/processed/cats/Cat_8043.jpg,0
data/processed/cats/Cat_8044.jpg,0
data/processed/cats/Cat_8045.jpg,0
data/processed/cats/Cat_8046.jpg,0
data/processed/cats/Cat_8047.jpg,0
data/processed/cats/Cat_8048.jpg,0
data/processed/cats/Cat_805.jpg,0
data/processed/cats/Cat_8050.jpg,0
data/processed/cats/Cat_8052.jpg,0
data/processed/cats/Cat_8053.jpg,0
data/processed/cats/Cat_8055.jpg,0
data/processed/cats/Cat_806.jpg,0
data/processed/cats/Cat_8060.jpg,0
data/processed/cats/Cat_8061.jpg,0
data/processed/cats/Cat_8063.jpg,0
data/processed/cats/Cat_8065.jpg,0
data/processed/cats/Cat_8068.jpg,0
data/processed/cats/Cat_8069.jpg,0
data/processed/cats/Cat_807.jpg,0
data/processed/cats/Cat_8071.jpg,0
data/processed/cats/Cat_8072.jpg,0
data/processed/cats/Cat_8073.jpg,0
data/processed/cats/Cat_8075.jpg,0
data/processed/cats/Cat_8076.jpg,0
data/processed/cats/Cat_8077.jpg,0
data/processed/cats/Cat_8078.jpg,0
data/processed/cats/Cat_8079.jpg,0
data/processed/cats/Cat_8080.jpg,0
data/processed/cats/Cat_8081.jpg,0
data/processed/cats/Cat_8082.jpg,0
data/processed/cats/Cat_8083.jpg,0
data/processed/cats/Cat_8084.jpg,0
data/processed/cats/Cat_8085.jpg,0
data/processed/cats/Cat_8086.jpg,0
data/processed/cats/Cat_8087.jpg,0
data/processed/cats/Cat_8088.jpg,0
data/processed/cats/Cat_8089.jpg,0
data/processed/cats/Cat_809.jpg,0
data/processed/cats/Cat_8090.jpg,0
data/processed/cats/Cat_8092.jpg,0
data/processed/cats/Cat_8093.jpg,0
data/processed/cats/Cat_8094.jpg,0
data/processed/cats/Cat_8095.jpg,0
data/processed/cats/Cat_8096.jpg,0
data/processed/cats/Cat_8097.jpg,0
data/processed/cats/Cat_8098.jpg,0
data/processed/cats/Cat_8099.jpg,0
data/processed/cats/Cat_81.jpg,0
data/processed/cats/Cat_810.jpg,0
data/processed/cats/Cat_8100.jpg,0
data/processed/cats/Cat_8101.jpg,0
data/processed/cats/Cat_8102.jpg,0
data/processed/cats/Cat_8103.jpg,0
data/processed/cats/Cat_8106.jpg,0
data/processed/cats/Cat_8107.jpg,0
data/processed/cats/Cat_8108.jpg,0
data/processed/cats/Cat_8109.jpg,0
data/processed/cats/Cat_811.jpg,0
data/processed/cats/Cat_8110.jpg,0
data/processed/cats/Cat_8111.jpg,0
data/processed/cats/Cat_8113.jpg,0
data/processed/cats/Cat_8115.jpg,0
data/processed/cats/Cat_8116.jpg,0
data/processed/cats/Cat_8117.jpg,0
data/processed/cats/Cat_8118.jpg,0
data/processed/cats/Cat_8119.jpg,0
data/processed/cats/Cat_812.jpg,0
data/processed/cats/Cat_8120.jpg,0
data/processed/cats/Cat_8121.jpg,0
data/processed/cats/Cat_8122.jpg,0
data/processed/cats/Cat_8123.jpg,0
data/processed/cats/Cat_8124.jpg,0
data/processed/cats/Cat_8125.jpg,0
data/processed/cats/Cat_8126.jpg,0
data/processed/cats/Cat_8128.jpg,0
data/processed/cats/Cat_813.jpg,0
data/processed/cats/Cat_8130.jpg,0
data/processed/cats/Cat_8131.jpg,0
data/processed/cats/Cat_8133.jpg,0
data/processed/cats/Cat_8134.jpg,0
data/processed/cats/Cat_8136.jpg,0
data/processed/cats/Cat_8138.jpg,0
data/processed/cats/Cat_814.jpg,0
data/processed/cats/Cat_8140.jpg,0
data/processed/cats/Cat_8141.jpg,0
data/processed/cats/Cat_8142.jpg,0
data/processed/cats/Cat_8143.jpg,0
data/processed/cats/Cat_8144.jpg,0
data/processed/cats/Cat_8145.jpg,0
data/processed/cats/Cat_8146.jpg,0
data/processed/cats/Cat_8147.jpg,0
data/processed/cats/Cat_8148.jpg,0
data/processed/cats/Cat_8149.jpg,0
data/processed/cats/Cat_8150.jpg,0
data/processed/cats/Cat_8151.jpg,0
data/processed/cats/Cat_8152.jpg,0
data/processed/cats/Cat_8153.jpg,0
data/processed/cats/Cat_8154.jpg,0
data/processed/cats/Cat_8155.jpg,0
data/processed/cats/Cat_8156.jpg,0
data/processed/cats/Cat_8159.jpg,0
data/processed/cats/Cat_816.jpg,0
data/processed/cats/Cat_8161.jpg,0
data/processed/cats/Cat_8162.jpg,0
data/processed/cats/Cat_8163.jpg,0
data/processed/cats/Cat_8164.jpg,0
data/processed/cats/Cat_8166.jpg,0
data/processed/cats/Cat_8167.jpg,0
data/processed/cats/Cat_8168.jpg,0
data/processed/cats/Cat_8169.jpg,0
data/processed/cats/Cat_817.jpg,0
data/processed/cats/Cat_8170.jpg,0
data/processed/cats/Cat_8171.jpg,0
data/processed/cats/Cat_8173.jpg,0
data/processed/cats/Cat_8174.jpg,0
data/processed/cats/Cat_8175.jpg,0
data/processed/cats/Cat_8176.jpg,0
data/processed/cats/Cat_8177.jpg,0
data/processed/cats/Cat_8178.jpg,0
data/processed/cats/Cat_8179.jpg,0
data/processed/cats/Cat_8180.jpg,0
data/processed/cats/Cat_8181.jpg,0
data/processed/cats/Cat_8182.jpg,0
data/processed/cats/Cat_8183.jpg,0
data/processed/cats/Cat_8184.jpg,0
data/processed/cats/Cat_8185.jpg,0
data/processed/cats/Cat_8186.jpg,0
data/processed/cats/Cat_8188.jpg,0
data/processed/cats/Cat_8190.jpg,0
data/processed/cats/Cat_8191.jpg,0
data/processed/cats/Cat_8193.jpg,0
data/processed/cats/Cat_8194.jpg,0
data/processed/cats/Cat_8195.jpg,0
data/processed/cats/Cat_8196.jpg,0
data/processed/cats/Cat_8197.jpg,0
data/processed/cats/Cat_8198.jpg,0
data/processed/cats/Cat_8199.jpg,0
data/processed/cats/Cat_82.jpg,0
data/processed/cats/Cat_820.jpg,0
data/processed/cats/Cat_8200.jpg,0
data/processed/cats/Cat_8201.jpg,0
data/processed/cats/Cat_8202.jpg,0
data/processed/cats/Cat_8205.jpg,0
data/processed/cats/Cat_8206.jpg,0
data/processed/cats/Cat_8207.jpg,0
data/processed/cats/Cat_8208.jpg,0
data/processed/cats/Cat_8209.jpg,0
data/processed/cats/Cat_821.jpg,0
data/processed/cats/Cat_8210.jpg,0
data/processed/cats/Cat_8211.jpg,0
data/processed/cats/Cat_8212.jpg,0
data/processed/cats/Cat_8214.jpg,0
data/processed/cats/Cat_8216.jpg,0
data/processed/cats/Cat_8217.jpg,0
data/processed/cats/Cat_8218.jpg,0
data/processed/cats/Cat_8219.jpg,0
data/processed/cats/Cat_822.jpg,0
data/processed/cats/Cat_8221.jpg,0
data/processed/cats/Cat_8222.jpg,0
data/processed/cats/Cat_8224.jpg,0
data/processed/cats/Cat_8225.jpg,0
data/processed/cats/Cat_8226.jpg,0
data/processed/cats/Cat_8227.jpg,0
data/processed/cats/Cat_8228.jpg,0
data/processed/cats/Cat_8229.jpg,0
data/processed/cats/Cat_823.jpg,0
data/processed/cats/Cat_8231.jpg,0
data/processed/cats/Cat_8232.jpg,0
data/processed/cats/Cat_8233.jpg,0
data/processed/cats/Cat_8234.jpg,0
data/processed/cats/Cat_8235.jpg,0
data/processed/cats/Cat_8237.jpg,0
data/processed/cats/Cat_8238.jpg,0
data/processed/cats/Cat_8239.jpg,0
data/processed/cats/Cat_824.jpg,0
data/processed/cats/Cat_8240.jpg,0
data/processed/cats/Cat_8241.jpg,0
data/processed/cats/Cat_8242.jpg,0
data/processed/cats/Cat_8244.jpg,0
data/processed/cats/Cat_8245.jpg,0
data/processed/cats/Cat_8246.jpg,0
data/processed/cats/Cat_8247.jpg,0
data/processed/cats/Cat_8250.jpg,0
data/processed/cats/Cat_8251.jpg,0
data/processed/cats/Cat_8252.jpg,0
data/processed/cats/Cat_8253.jpg,0
data/processed/cats/Cat_8254.jpg,0
data/processed/cats/Cat_8255.jpg,0
data/processed/cats/Cat_8256.jpg,0
data/processed/cats/Cat_8257.jpg,0
data/processed/cats/Cat_8258.jpg,0
data/processed/cats/Cat_8259.jpg,0
data/processed/cats/Cat_826.jpg,0
data/processed/cats/Cat_8262.jpg,0
data/processed/cats/Cat_8263.jpg,0
data/processed/cats/Cat_8264.jpg,0
data/processed/cats/Cat_8266.jpg,0
data/processed/cats/Cat_8267.jpg,0
data/processed/cats/Cat_8268.jpg,0
data/processed/cats/Cat_8269.jpg,0
data/processed/cats/Cat_8270.jpg,0
data/processed/cats/Cat_8271.jpg,0
data/processed/cats/Cat_8272.jpg,0
data/processed/cats/Cat_8273.jpg,0
data/processed/cats/Cat_8275.jpg,0
data/processed/cats/Cat_8276.jpg,0
data/processed/cats/Cat_8277.jpg,0
data/processed/cats/Cat_8279.jpg,0
data/processed/cats/Cat_8280.jpg,0
data/processed/cats/Cat_8281.jpg,0
data/processed/cats/Cat_8282.jpg,0
data/processed/cats/Cat_8283.jpg,0
data/processed/cats/Cat_8284.jpg,0
data/processed/cats/Cat_8285.jpg,0
data/processed/cats/Cat_8286.jpg,0
data/processed/cats/Cat_8288.jpg,0
data/processed/cats/Cat_8289.jpg,0
data/processed/cats/Cat_829.jpg,0
data/processed/cats/Cat_8290.jpg,0
data/processed/cats/Cat_8291.jpg,0
data/processed/cats/Cat_8292.jpg,0
data/processed/cats/Cat_8293.jpg,0
data/processed/cats/Cat_8294.jpg,0
data/processed/cats/Cat_8295.jpg,0
data/processed/cats/Cat_8296.jpg,0
data/processed/cats/Cat_8297.jpg,0
data/processed/cats/Cat_8298.jpg,0
data/processed/cats/Cat_8299.jpg,0
data/processed/cats/Cat_83.jpg,0
data/processed/cats/Cat_830.jpg,0
data/processed/cats/Cat_8300.jpg,0
data/processed/cats/Cat_8302.jpg,0
data/processed/cats/Cat_8304.jpg,0
data/processed/cats/Cat_8305.jpg,0
data/processed/cats/Cat_8306.jpg,0
data/processed/cats/Cat_8307.jpg,0
data/processed/cats/Cat_8308.jpg,0
data/processed/cats/Cat_831.jpg,0
data/processed/cats/Cat_8311.jpg,0
data/processed/cats/Cat_8312.jpg,0
data/processed/cats/Cat_8314.jpg,0
data/processed/cats/Cat_8315.jpg,0
data/processed/cats/Cat_8316.jpg,0
data/processed/cats/Cat_8317.jpg,0
data/processed/cats/Cat_8318.jpg,0
data/processed/cats/Cat_8319.jpg,0
data/processed/cats/Cat_832.jpg,0
data/processed/cats/Cat_8322.jpg,0
data/processed/cats/Cat_8323.jpg,0
data/processed/cats/Cat_8324.jpg,0
data/processed/cats/Cat_8327.jpg,0
data/processed/cats/Cat_8328.jpg,0
data/processed/cats/Cat_8329.jpg,0
data/processed/cats/Cat_833.jpg,0
data/processed/cats/Cat_8330.jpg,0
data/processed/cats/Cat_8332.jpg,0
data/processed/cats/Cat_8333.jpg,0
data/processed/cats/Cat_8334.jpg,0
data/processed/cats/Cat_8335.jpg,0
data/processed/cats/Cat_8336.jpg,0
data/processed/cats/Cat_8338.jpg,0
data/processed/cats/Cat_8339.jpg,0
data/processed/cats/Cat_834.jpg,0
data/processed/cats/Cat_8340.jpg,0
data/processed/cats/Cat_8341.jpg,0
data/processed/cats/Cat_8342.jpg,0
data/processed/cats/Cat_8343.jpg,0
data/processed/cats/Cat_8344.jpg,0
data/processed/cats/Cat_8345.jpg,0
data/processed/cats/Cat_8346.jpg,0
data/processed/cats/Cat_8347.jpg,0
data/processed/cats/Cat_8348.jpg,0
data/processed/cats/Cat_8349.jpg,0
data/processed/cats/Cat_835.jpg,0
data/processed/cats/Cat_8350.jpg,0
data/processed/cats/Cat_8351.jpg,0
data/processed/cats/Cat_8354.jpg,0
data/processed/cats/Cat_8355.jpg,0
data/processed/cats/Cat_8357.jpg,0
data/processed/cats/Cat_836.jpg,0
data/processed/cats/Cat_8360.jpg,0
data/processed/cats/Cat_8361.jpg,0
data/processed/cats/Cat_8362.jpg,0
data/processed/cats/Cat_8364.jpg,0
data/processed/cats/Cat_8366.jpg,0
data/processed/cats/Cat_8367.jpg,0
data/processed/cats/Cat_8368.jpg,0
data/processed/cats/Cat_8369.jpg,0
data/processed/cats/Cat_837.jpg,0
data/processed/cats/Cat_8370.jpg,0
data/processed/cats/Cat_8371.jpg,0
data/processed/cats/Cat_8372.jpg,0
data/processed/cats/Cat_8373.jpg,0
data/processed/cats/Cat_8374.jpg,0
data/processed/cats/Cat_8375.jpg,0
data/processed/cats/Cat_8377.jpg,0
data/processed/cats/Cat_8380.jpg,0
data/processed/cats/Cat_8381.jpg,0
data/processed/cats/Cat_8382.jpg,0
data/processed/cats/Cat_8384.jpg,0
data/processed/cats/Cat_8386.jpg,0
data/processed/cats/Cat_8387.jpg,0
data/processed/cats/Cat_8388.jpg,0
data/processed/cats/Cat_8389.jpg,0
data/processed/cats/Cat_839.jpg,0
data/processed/cats/Cat_8390.jpg,0
data/processed/cats/Cat_8391.jpg,0
data/processed/cats/Cat_8392.jpg,0
data/processed/cats/Cat_8393.jpg,0
data/processed/cats/Cat_8395.jpg,0
data/processed/cats/Cat_8396.jpg,0
data/processed/cats/Cat_8397.jpg,0
data/processed/cats/Cat_8398.jpg,0
data/processed/cats/Cat_84.jpg,0
data/processed/cats/Cat_840.jpg,0
data/processed/cats/Cat_8400.jpg,0
data/processed/cats/Cat_8401.jpg,0
data/processed/cats/Cat_8402.jpg,0
data/processed/cats/Cat_8404.jpg,0
data/processed/cats/Cat_8406.jpg,0
data/processed/cats/Cat_8407.jpg,0
data/processed/cats/Cat_8408.jpg,0
data/processed/cats/Cat_8409.jpg,0
data/processed/cats/Cat_841.jpg,0
data/processed/cats/Cat_8411.jpg,0
data/processed/cats/Cat_8412.jpg,0
data/processed/cats/Cat_8414.jpg,0
data/processed/cats/Cat_8415.jpg,0
data/processed/cats/Cat_8417.jpg,0
data/processed/cats/Cat_8418.jpg,0
data/processed/cats/Cat_8419.jpg,0
data/processed/cats/Cat_8420.jpg,0
data/processed/cats/Cat_8421.jpg,0
data/processed/cats/Cat_8423.jpg,0
data/processed/cats/Cat_8424.jpg,0
data/processed/cats/Cat_8425.jpg,0
data/processed/cats/Cat_8426.jpg,0
data/processed/cats/Cat_8427.jpg,0
data/processed/cats/Cat_8428.jpg,0
data/processed/cats/Cat_843.jpg,0
data/processed/cats/Cat_8431.jpg,0
data/processed/cats/Cat_8432.jpg,0
data/processed/cats/Cat_8433.jpg,0
data/processed/cats/Cat_8434.jpg,0
data/processed/cats/Cat_8435.jpg,0
data/processed/cats/Cat_8436.jpg,0
data/processed/cats/Cat_8437.jpg,0
data/processed/cats/Cat_8438.jpg,0
data/processed/cats/Cat_8439.jpg,0
data/processed/cats/Cat_844.jpg,0
data/processed/cats/Cat_8441.jpg,0
data/processed/cats/Cat_8442.jpg,0
data/processed/cats/Cat_8443.jpg,0
data/processed/cats/Cat_8444.jpg,0
data/processed/cats/Cat_8446.jpg,0
data/processed/cats/Cat_8447.jpg,0
data/processed/cats/Cat_8448.jpg,0
data/processed/cats/Cat_8449.jpg,0
data/processed/cats/Cat_845.jpg,0
data/processed/cats/Cat_8450.jpg,0
data/processed/cats/Cat_8451.jpg,0
data/processed/cats/Cat_8452.jpg,0
data/processed/cats/Cat_8453.jpg,0
data/processed/cats/Cat_8454.jpg,0
data/processed/cats/Cat_8455.jpg,0
data/processed/cats/Cat_8457.jpg,0
data/processed/cats/Cat_8459.jpg,0
data/processed/cats/Cat_8460.jpg,0
data/processed/cats/Cat_8461.jpg,0
data/processed/cats/Cat_8463.jpg,0
data/processed/cats/Cat_8464.jpg,0
data/processed/cats/Cat_8465.jpg,0
data/processed/cats/Cat_8466.jpg,0
data/processed/cats/Cat_8467.jpg,0
data/processed/cats/Cat_8468.jpg,0
data/processed/cats/Cat_847.jpg,0
data/processed/cats/Cat_8470.jpg,0
data/processed/cats/Cat_8471.jpg,0
data/processed/cats/Cat_8472.jpg,0
data/processed/cats/Cat_8473.jpg,0
data/processed/cats/Cat_8476.jpg,0
data/processed/cats/Cat_8478.jpg,0
data/processed/cats/Cat_8479.jpg,0
data/processed/cats/Cat_848.jpg,0
data/processed/cats/Cat_8480.jpg,0
data/processed/cats/Cat_8482.jpg,0
data/processed/cats/Cat_8483.jpg,0
data/processed/cats/Cat_8487.jpg,0
data/processed/cats/Cat_8488.jpg,0
data/processed/cats/Cat_8489.jpg,0
data/processed/cats/Cat_849.jpg,0
data/processed/cats/Cat_8490.jpg,0
data/processed/cats/Cat_8491.jpg,0
data/processed/cats/Cat_8492.jpg,0
data/processed/cats/Cat_8493.jpg,0
data/processed/cats/Cat_8494.jpg,0
data/processed/cats/Cat_8495.jpg,0
data/processed/cats/Cat_8496.jpg,0
data/processed/cats/Cat_8497.jpg,0
data/processed/cats/Cat_8498.jpg,0
data/processed/cats/Cat_8499.jpg,0
data/processed/cats/Cat_85.jpg,0
data/processed/cats/Cat_8500.jpg,0
data/processed/cats/Cat_8501.jpg,0
data/processed/cats/Cat_8502.jpg,0
data/processed/cats/Cat_8503.jpg,0
data/processed/cats/Cat_8504.jpg,0
data/processed/cats/Cat_8505.jpg,0
data/processed/cats/Cat_8506.jpg,0
data/processed/cats/Cat_8507.jpg,0
data/processed/cats/Cat_8508.jpg,0
data/processed/cats/Cat_851.jpg,0
data/processed/cats/Cat_8510.jpg,0
data/processed/cats/Cat_8511.jpg,0
data/processed/cats/Cat_8512.jpg,0
data/processed/cats/Cat_8514.jpg,0
data/processed/cats/Cat_8515.jpg,0
data/processed/cats/Cat_8517.jpg,0
data/processed/cats/Cat_8518.jpg,0
data/processed/cats/Cat_8519.jpg,0
data/processed/cats/Cat_852.jpg,0
data/processed/cats/Cat_8520.jpg,0
data/processed/cats/Cat_8521.jpg,0
data/processed/cats/Cat_8522.jpg,0
data/processed/cats/Cat_8523.jpg,0
data/processed/cats/Cat_8525.jpg,0
data/processed/cats/Cat_8526.jpg,0
data/processed/cats/Cat_8527.jpg,0
data/processed/cats/Cat_8529.jpg,0
data/processed/cats/Cat_8530.jpg,0
data/processed/cats/Cat_8531.jpg,0
data/processed/cats/Cat_8532.jpg,0
data/processed/cats/Cat_8533.jpg,0
data/processed/cats/Cat_8534.jpg,0
data/processed/cats/Cat_8535.jpg,0
data/processed/cats/Cat_8536.jpg,0
data/processed/cats/Cat_8537.jpg,0
data/processed/cats/Cat_8538.jpg,0
data/processed/cats/Cat_8539.jpg,0
data/processed/cats/Cat_854.jpg,0
data/processed/cats/Cat_8540.jpg,0
data/processed/cats/Cat_8542.jpg,0
data/processed/cats/Cat_8544.jpg,0
data/processed/cats/Cat_8545.jpg,0
data/processed/cats/Cat_8546.jpg,0
data/processed/cats/Cat_8547.jpg,0
data/processed/cats/Cat_8548.jpg,0
data/processed/cats/Cat_8549.jpg,0
data/processed/cats/Cat_855.jpg,0
data/processed/cats/Cat_8550.jpg,0
data/processed/cats/Cat_8551.jpg,0
data/processed/cats/Cat_8552.jpg,0
data/processed/cats/Cat_8554.jpg,0
data/processed/cats/Cat_8555.jpg,0
data/processed/cats/Cat_8556.jpg,0
data/processed/cats/Cat_8557.jpg,0
data/processed/cats/Cat_8558.jpg,0
data/processed/cats/Cat_8559.jpg,0
data/processed/cats/Cat_856.jpg,0
data/processed/cats/Cat_8561.jpg,0
data/processed/cats/Cat_8562.jpg,0
data/processed/cats/Cat_8563.jpg,0
data/processed/cats/Cat_8564.jpg,0
data/processed/cats/Cat_8565.jpg,0
data/processed/cats/Cat_8566.jpg,0
data/processed/cats/Cat_8568.jpg,0
data/processed/cats/Cat_8569.jpg,0
data/processed/cats/Cat_857.jpg,0
data/processed/cats/Cat_8570.jpg,0
data/processed/cats/Cat_8571.jpg,0
data/processed/cats/Cat_8572.jpg,0
data/processed/cats/Cat_8573.jpg,0
data/processed/cats/Cat_8575.jpg,0
data/processed/cats/Cat_8576.jpg,0
data/processed/cats/Cat_8577.jpg,0
data/processed/cats/Cat_8578.jpg,0
data/processed/cats/Cat_8580.jpg,0
data/processed/cats/Cat_8581.jpg,0
data/processed/cats/Cat_8582.jpg,0
data/processed/cats/Cat_8583.jpg,0
data/processed/cats/Cat_8585.jpg,0
data/processed/cats/Cat_8586.jpg,0
data/processed/cats/Cat_8587.jpg,0
data/processed/cats/Cat_8588.jpg,0
data/processed/cats/Cat_8589.jpg,0
data/processed/cats/Cat_859.jpg,0
data/processed/cats/Cat_8590.jpg,0
data/processed/cats/Cat_8591.jpg,0
data/processed/cats/Cat_8592.jpg,0
data/processed/cats/Cat_8593.jpg,0
data/processed/cats/Cat_8594.jpg,0
data/processed/cats/Cat_8595.jpg,0
data/processed/cats/Cat_8596.jpg,0
data/processed/cats/Cat_8597.jpg,0
data/processed/cats/Cat_8599.jpg,0
data/processed/cats/Cat_86.jpg,0
data/processed/cats/Cat_860.jpg,0
data/processed/cats/Cat_8600.jpg,0
data/processed/cats/Cat_8601.jpg,0
data/processed/cats/Cat_8603.jpg,0
data/processed/cats/Cat_8604.jpg,0
data/processed/cats/Cat_8605.jpg,0
data/processed/cats/Cat_8606.jpg,0
data/processed/cats/Cat_8609.jpg,0
data/processed/cats/Cat_8610.jpg,0
data/processed/cats/Cat_8612.jpg,0
data/processed/cats/Cat_8613.jpg,0
data/processed/cats/Cat_8614.jpg,0
data/processed/cats/Cat_8615.jpg,0
data/processed/cats/Cat_8616.jpg,0
data/processed/cats/Cat_8617.jpg,0
data/processed/cats/Cat_862.jpg,0
data/processed/cats/Cat_8620.jpg,0
data/processed/cats/Cat_8622.jpg,0
data/processed/cats/Cat_8624.jpg,0
data/processed/cats/Cat_8625.jpg,0
data/processed/cats/Cat_8626.jpg,0
data/processed/cats/Cat_8628.jpg,0
data/processed/cats/Cat_8629.jpg,0
data/processed/cats/Cat_863.jpg,0
data/processed/cats/Cat_8630.jpg,0
data/processed/cats/Cat_8631.jpg,0
data/processed/cats/Cat_8633.jpg,0
data/processed/cats/Cat_8634.jpg,0
data/processed/cats/Cat_8635.jpg,0
data/processed/cats/Cat_8636.jpg,0
data/processed/cats/Cat_8637.jpg,0
data/processed/cats/Cat_8638.jpg,0
data/processed/cats/Cat_8639.jpg,0
data/processed/cats/Cat_864.jpg,0
data/processed/cats/Cat_8640.jpg,0
data/processed/cats/Cat_8641.jpg,0
data/processed/cats/Cat_8642.jpg,0
data/processed/cats/Cat_8643.jpg,0
data/processed/cats/Cat_8644.jpg,0
data/processed/cats/Cat_8645.jpg,0
data/processed/cats/Cat_8647.jpg,0
data/processed/cats/Cat_8649.jpg,0
data/processed/cats/Cat_8650.jpg,0
data/processed/cats/Cat_8651.jpg,0
data/processed/cats/Cat_8653.jpg,0
data/processed/cats/Cat_8654.jpg,0
data/processed/cats/Cat_8655.jpg,0
data/processed/cats/Cat_8656.jpg,0
data/processed/cats/Cat_8658.jpg,0
data/processed/cats/Cat_8659.jpg,0
data/processed/cats/Cat_8661.jpg,0
data/processed/cats/Cat_8662.jpg,0
data/processed/cats/Cat_8663.jpg,0
data/processed/cats/Cat_8665.jpg,0
data/processed/cats/Cat_8666.jpg,0
data/processed/cats/Cat_8667.jpg,0
data/processed/cats/Cat_8668.jpg,0
data/processed/cats/Cat_867.jpg,0
data/processed/cats/Cat_8671.jpg,0
data/processed/cats/Cat_8673.jpg,0
data/processed/cats/Cat_8674.jpg,0
data/processed/cats/Cat_8675.jpg,0
data/processed/cats/Cat_8676.jpg,0
data/processed/cats/Cat_8677.jpg,0
data/processed/cats/Cat_8678.jpg,0
data/processed/cats/Cat_8679.jpg,0
data/processed/cats/Cat_868.jpg,0
data/processed/cats/Cat_8680.jpg,0
data/processed/cats/Cat_8681.jpg,0
data/processed/cats/Cat_8682.jpg,0
data/processed/cats/Cat_8683.jpg,0
data/processed/cats/Cat_8684.jpg,0
data/processed/cats/Cat_8685.jpg,0
data/processed/cats/Cat_8686.jpg,0
data/processed/cats/Cat_8688.jpg,0
data/processed/cats/Cat_869.jpg,0
data/processed/cats/Cat_8692.jpg,0
data/processed/cats/Cat_8693.jpg,0
data/processed/cats/Cat_8694.jpg,0
data/processed/cats/Cat_8695.jpg,0
data/processed/cats/Cat_8696.jpg,0
data/processed/cats/Cat_8697.jpg,0
data/processed/cats/Cat_8699.jpg,0
data/processed/cats/Cat_870.jpg,0
data/processed/cats/Cat_8700.jpg,0
data/processed/cats/Cat_8701.jpg,0
data/processed/cats/Cat_8702.jpg,0
data/processed/cats/Cat_8703.jpg,0
data/processed/cats/Cat_8704.jpg,0
data/processed/cats/Cat_8706.jpg,0
data/processed/cats/Cat_8708.jpg,0
data/processed/cats/Cat_8709.jpg,0
data/processed/cats/Cat_871.jpg,0
data/processed/cats/Cat_8710.jpg,0
data/processed/cats/Cat_8711.jpg,0
data/processed/cats/Cat_8713.jpg,0
data/processed/cats/Cat_8714.jpg,0
data/processed/cats/Cat_8715.jpg,0
data/processed/cats/Cat_8716.jpg,0
data/processed/cats/Cat_8717.jpg,0
data/processed/cats/Cat_8718.jpg,0
data/processed/cats/Cat_8719.jpg,0
data/processed/cats/Cat_872.jpg,0
data/processed/cats/Cat_8720.jpg,0
data/processed/cats/Cat_8722.jpg,0
data/processed/cats/Cat_8723.jpg,0
data/processed/cats/Cat_8724.jpg,0
data/processed/cats/Cat_8725.jpg,0
data/processed/cats/Cat_8726.jpg,0
data/processed/cats/Cat_8727.jpg,0
data/processed/cats/Cat_8728.jpg,0
data/processed/cats/Cat_873.jpg,0
data/processed/cats/Cat_8730.jpg,0
data/processed/cats/Cat_8731.jpg,0
data/processed/cats/Cat_8732.jpg,0
data/processed/cats/Cat_8734.jpg,0
data/processed/cats/Cat_8735.jpg,0
data/processed/cats/Cat_8737.jpg,0
data/processed/cats/Cat_8738.jpg,0
data/processed/cats/Cat_8739.jpg,0
data/processed/cats/Cat_874.jpg,0
data/processed/cats/Cat_8740.jpg,0
data/processed/cats/Cat_8741.jpg,0
data/processed/cats/Cat_8744.jpg,0
data/processed/cats/Cat_8745.jpg,0
data/processed/cats/Cat_8746.jpg,0
data/processed/cats/Cat_8747.jpg,0
data/processed/cats/Cat_8748.jpg,0
data/processed/cats/Cat_8750.jpg,0
data/processed/cats/Cat_8751.jpg,0
data/processed/cats/Cat_8752.jpg,0
data/processed/cats/Cat_8753.jpg,0
data/processed/cats/Cat_8754.jpg,0
data/processed/cats/Cat_8755.jpg,0
data/processed/cats/Cat_8757.jpg,0
data/processed/cats/Cat_8759.jpg,0
data/processed/cats/Cat_876.jpg,0
data/processed/cats/Cat_8760.jpg,0
data/processed/cats/Cat_8761.jpg,0
data/processed/cats/Cat_8763.jpg,0
data/processed/cats/Cat_8765.jpg,0
data/processed/cats/Cat_8766.jpg,0
data/processed/cats/Cat_8768.jpg,0
data/processed/cats/Cat_8769.jpg,0
data/processed/cats/Cat_877.jpg,0
data/processed/cats/Cat_8770.jpg,0
data/processed/cats/Cat_8771.jpg,0
data/processed/cats/Cat_8772.jpg,0
data/processed/cats/Cat_8773.jpg,0
data/processed/cats/Cat_8774.jpg,0
data/processed/cats/Cat_8777.jpg,0
data/processed/cats/Cat_8778.jpg,0
data/processed/cats/Cat_8779.jpg,0
data/processed/cats/Cat_878.jpg,0
data/processed/cats/Cat_8780.jpg,0
data/processed/cats/Cat_8782.jpg,0
data/processed/cats/Cat_8784.jpg,0
data/processed/cats/Cat_8788.jpg,0
data/processed/cats/Cat_8789.jpg,0
data/processed/cats/Cat_879.jpg,0
data/processed/cats/Cat_8790.jpg,0
data/processed/cats/Cat_8792.jpg,0
data/processed/cats/Cat_8793.jpg,0
data/processed/cats/Cat_8794.jpg,0
data/processed/cats/Cat_8795.jpg,0
data/processed/cats/Cat_8796.jpg,0
data/processed/cats/Cat_8797.jpg,0
data/processed/cats/Cat_8798.jpg,0
data/processed/cats/Cat_8799.jpg,0
data/processed/cats/Cat_88.jpg,0
data/processed/cats/Cat_880.jpg,0
data/processed/cats/Cat_8801.jpg,0
data/processed/cats/Cat_8802.jpg,0
data/processed/cats/Cat_8803.jpg,0
data/processed/cats/Cat_8804.jpg,0
data/processed/cats/Cat_8805.jpg,0
data/processed/cats/Cat_8807.jpg,0
data/processed/cats/Cat_8808.jpg,0
data/processed/cats/Cat_8809.jpg,0
data/processed/cats/Cat_881.jpg,0
data/processed/cats/Cat_8810.jpg,0
data/processed/cats/Cat_8812.jpg,0
data/processed/cats/Cat_8813.jpg,0
data/processed/cats/Cat_8814.jpg,0
data/processed/cats/Cat_8815.jpg,0
data/processed/cats/Cat_8817.jpg,0
data/processed/cats/Cat_8818.jpg,0
data/processed/cats/Cat_8819.jpg,0
data/processed/cats/Cat_8820.jpg,0
data/processed/cats/Cat_8822.jpg,0
data/processed/cats/Cat_8823.jpg,0
data/processed/cats/Cat_8824.jpg,0
data/processed/cats/Cat_8825.jpg,0
data/processed/cats/Cat_8826.jpg,0
data/processed/cats/Cat_8828.jpg,0
data/processed/cats/Cat_8829.jpg,0
data/processed/cats/Cat_883.jpg,0
data/processed/cats/Cat_8830.jpg,0
data/processed/cats/Cat_8831.jpg,0
data/processed/cats/Cat_8832.jpg,0
data/processed/cats/Cat_8833.jpg,0
data/processed/cats/Cat_8835.jpg,0
data/processed/cats/Cat_8836.jpg,0
data/processed/cats/Cat_8838.jpg,0
data/processed/cats/Cat_8839.jpg,0
data/processed/cats/Cat_8841.jpg,0
data/processed/cats/Cat_8842.jpg,0
data/processed/cats/Cat_8843.jpg,0
data/processed/cats/Cat_8844.jpg,0
data/processed/cats/Cat_8845.jpg,0
data/processed/cats/Cat_8846.jpg,0
data/processed/cats/Cat_8847.jpg,0
data/processed/cats/Cat_8848.jpg,0
data/processed/cats/Cat_8849.jpg,0
data/processed/cats/Cat_885.jpg,0
data/processed/cats/Cat_8851.jpg,0
data/processed/cats/Cat_8852.jpg,0
data/processed/cats/Cat_8853.jpg,0
data/processed/cats/Cat_8854.jpg,0
data/processed/cats/Cat_8855.jpg,0
data/processed/cats/Cat_8857.jpg,0
data/processed/cats/Cat_8858.jpg,0
data/processed/cats/Cat_8859.jpg,0
data/processed/cats/Cat_886.jpg,0
data/processed/cats/Cat_8860.jpg,0
data/processed/cats/Cat_8861.jpg,0
data/processed/cats/Cat_8862.jpg,0
data/processed/cats/Cat_8863.jpg,0
data/processed/cats/Cat_8865.jpg,0
data/processed/cats/Cat_8867.jpg,0
data/processed/cats/Cat_8868.jpg,0
data/processed/cats/Cat_8869.jpg,0
data/processed/cats/Cat_887.jpg,0
data/processed/cats/Cat_8870.jpg,0
data/processed/cats/Cat_8874.jpg,0
data/processed/cats/Cat_8875.jpg,0
data/processed/cats/Cat_8879.jpg,0
data/processed/cats/Cat_888.jpg,0
data/processed/cats/Cat_8880.jpg,0
data/processed/cats/Cat_8881.jpg,0
data/processed/cats/Cat_8882.jpg,0
data/processed/cats/Cat_8886.jpg,0
data/processed/cats/Cat_8887.jpg,0
data/processed/cats/Cat_8888.jpg,0
data/processed/cats/Cat_8889.jpg,0
data/processed/cats/Cat_8891.jpg,0
data/processed/cats/Cat_8892.jpg,0
data/processed/cats/Cat_8893.jpg,0
data/processed/cats/Cat_8894.jpg,0
data/processed/cats/Cat_8895.jpg,0
data/processed/cats/Cat_8896.jpg,0
data/processed/cats/Cat_8897.jpg,0
data/processed/cats/Cat_8898.jpg,0
data/processed/cats/Cat_8899.jpg,0
data/processed/cats/Cat_89.jpg,0
data/processed/cats/Cat_890.jpg,0
data/processed/cats/Cat_8901.jpg,0
data/processed/cats/Cat_8902.jpg,0
data/processed/cats/Cat_8903.jpg,0
data/processed/cats/Cat_8906.jpg,0
data/processed/cats/Cat_8907.jpg,0
data/processed/cats/Cat_8908.jpg,0
data/processed/cats/Cat_8909.jpg,0
data/processed/cats/Cat_891.jpg,0
data/processed/cats/Cat_8910.jpg,0
data/processed/cats/Cat_8911.jpg,0
data/processed/cats/Cat_8912.jpg,0
data/processed/cats/Cat_8913.jpg,0
data/processed/cats/Cat_8914.jpg,0
data/processed/cats/Cat_8915.jpg,0
data/processed/cats/Cat_8917.jpg,0
data/processed/cats/Cat_8918.jpg,0
data/processed/cats/Cat_8919.jpg,0
data/processed/cats/Cat_892.jpg,0
data/processed/cats/Cat_8920.jpg,0
data/processed/cats/Cat_8922.jpg,0
data/processed/cats/Cat_8924.jpg,0
data/processed/cats/Cat_8925.jpg,0
data/processed/cats/Cat_8926.jpg,0
data/processed/cats/Cat_893.jpg,0
data/processed/cats/Cat_8931.jpg,0
data/processed/cats/Cat_8933.jpg,0
data/processed/cats/Cat_8934.jpg,0
data/processed/cats/Cat_8935.jpg,0
data/processed/cats/Cat_8937.jpg,0
data/processed/cats/Cat_8938.jpg,0
data/processed/cats/Cat_8939.jpg,0
data/processed/cats/Cat_894.jpg,0
data/processed/cats/Cat_8940.jpg,0
data/processed/cats/Cat_8941.jpg,0
data/processed/cats/Cat_8942.jpg,0
data/processed/cats/Cat_8943.jpg,0
data/processed/cats/Cat_8947.jpg,0
data/processed/cats/Cat_8948.jpg,0
data/processed/cats/Cat_895.jpg,0
data/processed/cats/Cat_8951.jpg,0
data/processed/cats/Cat_8952.jpg,0
data/processed/cats/Cat_8953.jpg,0
data/processed/cats/Cat_8955.jpg,0
data/processed/cats/Cat_8956.jpg,0
data/processed/cats/Cat_8957.jpg,0
data/processed/cats/Cat_8958.jpg,0
data/processed/cats/Cat_8959.jpg,0
data/processed/cats/Cat_8960.jpg,0
data/processed/cats/Cat_8961.jpg,0
data/processed/cats/Cat_8962.jpg,0
data/processed/cats/Cat_8963.jpg,0
data/processed/cats/Cat_8964.jpg,0
data/processed/cats/Cat_8966.jpg,0
data/processed/cats/Cat_8967.jpg,0
data/processed/cats/Cat_8968.jpg,0
data/processed/cats/Cat_8969.jpg,0
data/processed/cats/Cat_897.jpg,0
data/processed/cats/Cat_8971.jpg,0
data/processed/cats/Cat_8972.jpg,0
data/processed/cats/Cat_8973.jpg,0
data/processed/cats/Cat_8974.jpg,0
data/processed/cats/Cat_8975.jpg,0
data/processed/cats/Cat_8976.jpg,0
data/processed/cats/Cat_8979.jpg,0
data/processed/cats/Cat_898.jpg,0
data/processed/cats/Cat_8981.jpg,0
data/processed/cats/Cat_8982.jpg,0
data/processed/cats/Cat_8983.jpg,0
data/processed/cats/Cat_8984.jpg,0
data/processed/cats/Cat_8985.jpg,0
data/processed/cats/Cat_8986.jpg,0
data/processed/cats/Cat_8987.jpg,0
data/processed/cats/Cat_8989.jpg,0
data/processed/cats/Cat_899.jpg,0
data/processed/cats/Cat_8990.jpg,0
data/processed/cats/Cat_8991.jpg,0
data/processed/cats/Cat_8993.jpg,0
data/processed/cats/Cat_8996.jpg,0
data/processed/cats/Cat_8997.jpg,0
data/processed/cats/Cat_8998.jpg,0
data/processed/cats/Cat_9.jpg,0
data/processed/cats/Cat_90.jpg,0
data/processed/cats/Cat_900.jpg,0
data/processed/cats/Cat_9000.jpg,0
data/processed/cats/Cat_9001.jpg,0
data/processed/cats/Cat_9004.jpg,0
data/processed/cats/Cat_9005.jpg,0
data/processed/cats/Cat_9006.jpg,0
data/processed/cats/Cat_9007.jpg,0
data/processed/cats/Cat_9008.jpg,0
data/processed/cats/Cat_9009.jpg,0
data/processed/cats/Cat_901.jpg,0
data/processed/cats/Cat_9010.jpg,0
data/processed/cats/Cat_9011.jpg,0
data/processed/cats/Cat_9012.jpg,0
data/processed/cats/Cat_9013.jpg,0
data/processed/cats/Cat_9014.jpg,0
data/processed/cats/Cat_9016.jpg,0
data/processed/cats/Cat_9017.jpg,0
data/processed/cats/Cat_9018.jpg,0
data/processed/cats/Cat_902.jpg,0
data/processed/cats/Cat_9020.jpg,0
data/processed/cats/Cat_9022.jpg,0
data/processed/cats/Cat_9023.jpg,0
data/processed/cats/Cat_9024.jpg,0
data/processed/cats/Cat_9026.jpg,0
data/processed/cats/Cat_9027.jpg,0
data/processed/cats/Cat_9028.jpg,0
data/processed/cats/Cat_9029.jpg,0
data/processed/cats/Cat_903.jpg,0
data/processed/cats/Cat_9030.jpg,0
data/processed/cats/Cat_9031.jpg,0
data/processed/cats/Cat_9033.jpg,0
data/processed/cats/Cat_9035.jpg,0
data/processed/cats/Cat_9036.jpg,0
data/processed/cats/Cat_9037.jpg,0
data/processed/cats/Cat_9038.jpg,0
data/processed/cats/Cat_9039.jpg,0
data/processed/cats/Cat_904.jpg,0
data/processed/cats/Cat_9040.jpg,0
data/processed/cats/Cat_9041.jpg,0
data/processed/cats/Cat_9042.jpg,0
data/processed/cats/Cat_9043.jpg,0
data/processed/cats/Cat_9044.jpg,0
data/processed/cats/Cat_9045.jpg,0
data/processed/cats/Cat_9046.jpg,0
data/processed/cats/Cat_9047.jpg,0
data/processed/cats/Cat_9049.jpg,0
data/processed/cats/Cat_905.jpg,0
data/processed/cats/Cat_9050.jpg,0
data/processed/cats/Cat_9052.jpg,0
data/processed/cats/Cat_9053.jpg,0
data/processed/cats/Cat_9054.jpg,0
data/processed/cats/Cat_9056.jpg,0
data/processed/cats/Cat_9058.jpg,0
data/processed/cats/Cat_9059.jpg,0
data/processed/cats/Cat_906.jpg,0
data/processed/cats/Cat_9060.jpg,0
data/processed/cats/Cat_9062.jpg,0
data/processed/cats/Cat_9063.jpg,0
data/processed/cats/Cat_9064.jpg,0
data/processed/cats/Cat_9065.jpg,0
data/processed/cats/Cat_9066.jpg,0
data/processed/cats/Cat_9068.jpg,0
data/processed/cats/Cat_9069.jpg,0
data/processed/cats/Cat_907.jpg,0
data/processed/cats/Cat_9070.jpg,0
data/processed/cats/Cat_9071.jpg,0
data/processed/cats/Cat_9073.jpg,0
data/processed/cats/Cat_9074.jpg,0
data/processed/cats/Cat_9075.jpg,0
data/processed/cats/Cat_9076.jpg,0
data/processed/cats/Cat_9079.jpg,0
data/processed/cats/Cat_908.jpg,0
data/processed/cats/Cat_9081.jpg,0
data/processed/cats/Cat_9083.jpg,0
data/processed/cats/Cat_9084.jpg,0
data/processed/cats/Cat_9085.jpg,0
data/processed/cats/Cat_9086.jpg,0
data/processed/cats/Cat_9089.jpg,0
data/processed/cats/Cat_909.jpg,0
data/processed/cats/Cat_9090.jpg,0
data/processed/cats/Cat_9091.jpg,0
data/processed/cats/Cat_9095.jpg,0
data/processed/cats/Cat_9096.jpg,0
data/processed/cats/Cat_9097.jpg,0
data/processed/cats/Cat_9098.jpg,0
data/processed/cats/Cat_9099.jpg,0
data/processed/cats/Cat_910.jpg,0
data/processed/cats/Cat_9100.jpg,0
data/processed/cats/Cat_9101.jpg,0
data/processed/cats/Cat_9102.jpg,0
data/processed/cats/Cat_9103.jpg,0
data/processed/cats/Cat_9105.jpg,0
data/processed/cats/Cat_9106.jpg,0
data/processed/cats/Cat_9107.jpg,0
data/processed/cats/Cat_9108.jpg,0
data/processed/cats/Cat_9109.jpg,0
data/processed/cats/Cat_911.jpg,0
data/processed/cats/Cat_9110.jpg,0
data/processed/cats/Cat_9111.jpg,0
data/processed/cats/Cat_9112.jpg,0
data/processed/cats/Cat_9114.jpg,0
data/processed/cats/Cat_9115.jpg,0
data/processed/cats/Cat_9117.jpg,0
data/processed/cats/Cat_9118.jpg,0
data/processed/cats/Cat_912.jpg,0
data/processed/cats/Cat_9121.jpg,0
data/processed/cats/Cat_9123.jpg,0
data/processed/cats/Cat_9124.jpg,0
data/processed/cats/Cat_9125.jpg,0
data/processed/cats/Cat_9126.jpg,0
data/processed/cats/Cat_9127.jpg,0
data/processed/cats/Cat_9128.jpg,0
data/processed/cats/Cat_9129.jpg,0
data/processed/cats/Cat_9130.jpg,0
data/processed/cats/Cat_9131.jpg,0
data/processed/cats/Cat_9132.jpg,0
data/processed/cats/Cat_9133.jpg,0
data/processed/cats/Cat_9134.jpg,0
data/processed/cats/Cat_9136.jpg,0
data/processed/cats/Cat_9137.jpg,0
data/processed/cats/Cat_9138.jpg,0
data/processed/cats/Cat_9139.jpg,0
data/processed/cats/Cat_914.jpg,0
data/processed/cats/Cat_9140.jpg,0
data/processed/cats/Cat_9141.jpg,0
data/processed/cats/Cat_9143.jpg,0
data/processed/cats/Cat_9144.jpg,0
data/processed/cats/Cat_9145.jpg,0
data/processed/cats/Cat_9146.jpg,0
data/processed/cats/Cat_9147.jpg,0
data/processed/cats/Cat_9148.jpg,0
data/processed/cats/Cat_9149.jpg,0
data/processed/cats/Cat_915.jpg,0
data/processed/cats/Cat_9150.jpg,0
data/processed/cats/Cat_9152.jpg,0
data/processed/cats/Cat_9153.jpg,0
data/processed/cats/Cat_9155.jpg,0
data/processed/cats/Cat_9156.jpg,0
data/processed/cats/Cat_9157.jpg,0
data/processed/cats/Cat_9158.jpg,0
data/processed/cats/Cat_9159.jpg,0
data/processed/cats/Cat_916.jpg,0
data/processed/cats/Cat_9162.jpg,0
data/processed/cats/Cat_9163.jpg,0
data/processed/cats/Cat_9164.jpg,0
data/processed/cats/Cat_9166.jpg,0
data/processed/cats/Cat_9167.jpg,0
data/processed/cats/Cat_9168.jpg,0
data/processed/cats/Cat_9169.jpg,0
data/processed/cats/Cat_917.jpg,0
data/processed/cats/Cat_9170.jpg,0
data/processed/cats/Cat_9171.jpg,0
data/processed/cats/Cat_9173.jpg,0
data/processed/cats/Cat_9174.jpg,0
data/processed/cats/Cat_9175.jpg,0
data/processed/cats/Cat_9176.jpg,0
data/processed/cats/Cat_9177.jpg,0
data/processed/cats/Cat_9179.jpg,0
data/processed/cats/Cat_9180.jpg,0
data/processed/cats/Cat_9181.jpg,0
data/processed/cats/Cat_9182.jpg,0
data/processed/cats/Cat_9183.jpg,0
data/processed/cats/Cat_9184.jpg,0
data/processed/cats/Cat_9186.jpg,0
data/processed/cats/Cat_9187.jpg,0
data/processed/cats/Cat_9189.jpg,0
data/processed/cats/Cat_919.jpg,0
data/processed/cats/Cat_9190.jpg,0
data/processed/cats/Cat_9191.jpg,0
data/processed/cats/Cat_9192.jpg,0
data/processed/cats/Cat_9193.jpg,0
data/processed/cats/Cat_9194.jpg,0
data/processed/cats/Cat_9195.jpg,0
data/processed/cats/Cat_9196.jpg,0
data/processed/cats/Cat_9198.jpg,0
data/processed/cats/Cat_9199.jpg,0
data/processed/cats/Cat_92.jpg,0
data/processed/cats/Cat_920.jpg,0
data/processed/cats/Cat_9200.jpg,0
data/processed/cats/Cat_9201.jpg,0
data/processed/cats/Cat_9202.jpg,0
data/processed/cats/Cat_9203.jpg,0
data/processed/cats/Cat_9204.jpg,0
data/processed/cats/Cat_9208.jpg,0
data/processed/cats/Cat_9209.jpg,0
data/processed/cats/Cat_921.jpg,0
data/processed/cats/Cat_9212.jpg,0
data/processed/cats/Cat_9213.jpg,0
data/processed/cats/Cat_9215.jpg,0
data/processed/cats/Cat_9216.jpg,0
data/processed/cats/Cat_922.jpg,0
data/processed/cats/Cat_9223.jpg,0
data/processed/cats/Cat_9224.jpg,0
data/processed/cats/Cat_9225.jpg,0
data/processed/cats/Cat_9226.jpg,0
data/processed/cats/Cat_9227.jpg,0
data/processed/cats/Cat_9228.jpg,0
data/processed/cats/Cat_9229.jpg,0
data/processed/cats/Cat_923.jpg,0
data/processed/cats/Cat_9230.jpg,0
data/processed/cats/Cat_9231.jpg,0
data/processed/cats/Cat_9232.jpg,0
data/processed/cats/Cat_9235.jpg,0
data/processed/cats/Cat_9236.jpg,0
data/processed/cats/Cat_9239.jpg,0
data/processed/cats/Cat_924.jpg,0
data/processed/cats/Cat_9241.jpg,0
data/processed/cats/Cat_9242.jpg,0
data/processed/cats/Cat_9245.jpg,0
data/processed/cats/Cat_9246.jpg,0
data/processed/cats/Cat_9247.jpg,0
data/processed/cats/Cat_9248.jpg,0
data/processed/cats/Cat_925.jpg,0
data/processed/cats/Cat_9250.jpg,0
data/processed/cats/Cat_9251.jpg,0
data/processed/cats/Cat_9252.jpg,0
data/processed/cats/Cat_9254.jpg,0
data/processed/cats/Cat_9255.jpg,0
data/processed/cats/Cat_9256.jpg,0
data/processed/cats/Cat_9257.jpg,0
data/processed/cats/Cat_9258.jpg,0
data/processed/cats/Cat_9259.jpg,0
data/processed/cats/Cat_926.jpg,0
data/processed/cats/Cat_9260.jpg,0
data/processed/cats/Cat_9262.jpg,0
data/processed/cats/Cat_9263.jpg,0
data/processed/cats/Cat_9264.jpg,0
data/processed/cats/Cat_9265.jpg,0
data/processed/cats/Cat_9266.jpg,0
data/processed/cats/Cat_9267.jpg,0
data/processed/cats/Cat_9268.jpg,0
data/processed/cats/Cat_9269.jpg,0
data/processed/cats/Cat_927.jpg,0
data/processed/cats/Cat_9271.jpg,0
data/processed/cats/Cat_9272.jpg,0
data/processed/cats/Cat_9273.jpg,0
data/processed/cats/Cat_9274.jpg,0
data/processed/cats/Cat_9276.jpg,0
data/processed/cats/Cat_9277.jpg,0
data/processed/cats/Cat_9278.jpg,0
data/processed/cats/Cat_9279.jpg,0
data/processed/cats/Cat_9280.jpg,0
data/processed/cats/Cat_9281.jpg,0
data/processed/cats/Cat_9282.jpg,0
data/processed/cats/Cat_9284.jpg,0
data/processed/cats/Cat_9285.jpg,0
data/processed/cats/Cat_9286.jpg,0
data/processed/cats/Cat_9287.jpg,0
data/processed/cats/Cat_9288.jpg,0
data/processed/cats/Cat_9289.jpg,0
data/processed/cats/Cat_929.jpg,0
data/processed/cats/Cat_9290.jpg,0
data/processed/cats/Cat_9291.jpg,0
data/processed/cats/Cat_9293.jpg,0
data/processed/cats/Cat_9294.jpg,0
data/processed/cats/Cat_9297.jpg,0
data/processed/cats/Cat_9298.jpg,0
data/processed/cats/Cat_9299.jpg,0
data/processed/cats/Cat_93.jpg,0
data/processed/cats/Cat_930.jpg,0
data/processed/cats/Cat_9300.jpg,0
data/processed/cats/Cat_9301.jpg,0
data/processed/cats/Cat_9305.jpg,0
data/processed/cats/Cat_9306.jpg,0
data/processed/cats/Cat_9307.jpg,0
data/processed/cats/Cat_9308.jpg,0
data/processed/cats/Cat_9309.jpg,0
data/processed/cats/Cat_931.jpg,0
data/processed/cats/Cat_9310.jpg,0
data/processed/cats/Cat_9311.jpg,0
data/processed/cats/Cat_9312.jpg,0
data/processed/cats/Cat_9315.jpg,0
data/processed/cats/Cat_9316.jpg,0
data/processed/cats/Cat_9317.jpg,0
data/processed/cats/Cat_9318.jpg,0
data/processed/cats/Cat_9319.jpg,0
data/processed/cats/Cat_932.jpg,0
data/processed/cats/Cat_9320.jpg,0
data/processed/cats/Cat_9321.jpg,0
data/processed/cats/Cat_9322.jpg,0
data/processed/cats/Cat_9323.jpg,0
data/processed/cats/Cat_9324.jpg,0
data/processed/cats/Cat_9326.jpg,0
data/processed/cats/Cat_9328.jpg,0
data/processed/cats/Cat_9329.jpg,0
data/processed/cats/Cat_933.jpg,0
data/processed/cats/Cat_9330.jpg,0
data/processed/cats/Cat_9331.jpg,0
data/processed/cats/Cat_9332.jpg,0
data/processed/cats/Cat_9333.jpg,0
data/processed/cats/Cat_9335.jpg,0
data/processed/cats/Cat_9336.jpg,0
data/processed/cats/Cat_9337.jpg,0
data/processed/cats/Cat_9338.jpg,0
data/processed/cats/Cat_9339.jpg,0
data/processed/cats/Cat_934.jpg,0
data/processed/cats/Cat_9340.jpg,0
data/processed/cats/Cat_9343.jpg,0
data/processed/cats/Cat_9344.jpg,0
data/processed/cats/Cat_9348.jpg,0
data/processed/cats/Cat_9349.jpg,0
data/processed/cats/Cat_935.jpg,0
data/processed/cats/Cat_9350.jpg,0
data/processed/cats/Cat_9351.jpg,0
data/processed/cats/Cat_9352.jpg,0
data/processed/cats/Cat_9353.jpg,0
data/processed/cats/Cat_9355.jpg,0
data/processed/cats/Cat_9356.jpg,0
data/processed/cats/Cat_9358.jpg,0
data/processed/cats/Cat_9359.jpg,0
data/processed/cats/Cat_9360.jpg,0
data/processed/cats/Cat_9361.jpg,0
data/processed/cats/Cat_9362.jpg,0
data/processed/cats/Cat_9363.jpg,0
data/processed/cats/Cat_9364.jpg,0
data/processed/cats/Cat_9365.jpg,0
data/processed/cats/Cat_9367.jpg,0
data/processed/cats/Cat_9368.jpg,0
data/processed/cats/Cat_9369.jpg,0
data/processed/cats/Cat_937.jpg,0
data/processed/cats/Cat_9370.jpg,0
data/processed/cats/Cat_9371.jpg,0
data/processed/cats/Cat_9372.jpg,0
data/processed/cats/Cat_9374.jpg,0
data/processed/cats/Cat_9375.jpg,0
data/processed/cats/Cat_9376.jpg,0
data/processed/cats/Cat_9377.jpg,0
data/processed/cats/Cat_9378.jpg,0
data/processed/cats/Cat_9379.jpg,0
data/processed/cats/Cat_938.jpg,0
data/processed/cats/Cat_9380.jpg,0
data/processed/cats/Cat_9382.jpg,0
data/processed/cats/Cat_9383.jpg,0
data/processed/cats/Cat_9387.jpg,0
data/processed/cats/Cat_9388.jpg,0
data/processed/cats/Cat_9389.jpg,0
data/processed/cats/Cat_939.jpg,0
data/processed/cats/Cat_9391.jpg,0
data/processed/cats/Cat_9392.jpg,0
data/processed/cats/Cat_9393.jpg,0
data/processed/cats/Cat_9394.jpg,0
data/processed/cats/Cat_9395.jpg,0
data/processed/cats/Cat_9397.jpg,0
data/processed/cats/Cat_9398.jpg,0
data/processed/cats/Cat_9399.jpg,0
data/processed/cats/Cat_94.jpg,0
data/processed/cats/Cat_940.jpg,0
data/processed/cats/Cat_9401.jpg,0
data/processed/cats/Cat_9403.jpg,0
data/processed/cats/Cat_9404.jpg,0
data/processed/cats/Cat_9405.jpg,0
data/processed/cats/Cat_9407.jpg,0
data/processed/cats/Cat_9408.jpg,0
data/processed/cats/Cat_9409.jpg,0
data/processed/cats/Cat_941.jpg,0
data/processed/cats/Cat_9411.jpg,0
data/processed/cats/Cat_9412.jpg,0
data/processed/cats/Cat_9413.jpg,0
data/processed/cats/Cat_9415.jpg,0
data/processed/cats/Cat_9417.jpg,0
data/processed/cats/Cat_9418.jpg,0
data/processed/cats/Cat_9420.jpg,0
data/processed/cats/Cat_9421.jpg,0
data/processed/cats/Cat_9422.jpg,0
data/processed/cats/Cat_9423.jpg,0
data/processed/cats/Cat_9424.jpg,0
data/processed/cats/Cat_9425.jpg,0
data/processed/cats/Cat_9426.jpg,0
data/processed/cats/Cat_9427.jpg,0
data/processed/cats/Cat_9428.jpg,0
data/processed/cats/Cat_9429.jpg,0
data/processed/cats/Cat_9430.jpg,0
data/processed/cats/Cat_9431.jpg,0
data/processed/cats/Cat_9432.jpg,0
data/processed/cats/Cat_9433.jpg,0
data/processed/cats/Cat_9435.jpg,0
data/processed/cats/Cat_9436.jpg,0
data/processed/cats/Cat_9438.jpg,0
data/processed/cats/Cat_9439.jpg,0
data/processed/cats/Cat_944.jpg,0
data/processed/cats/Cat_9440.jpg,0
data/processed/cats/Cat_9441.jpg,0
data/processed/cats/Cat_9442.jpg,0
data/processed/cats/Cat_9443.jpg,0
data/processed/cats/Cat_9444.jpg,0
data/processed/cats/Cat_9445.jpg,0
data/processed/cats/Cat_9446.jpg,0
data/processed/cats/Cat_9447.jpg,0
data/processed/cats/Cat_9448.jpg,0
data/processed/cats/Cat_945.jpg,0
data/processed/cats/Cat_9450.jpg,0
data/processed/cats/Cat_9451.jpg,0
data/processed/cats/Cat_9452.jpg,0
data/processed/cats/Cat_9453.jpg,0
data/processed/cats/Cat_9454.jpg,0
data/processed/cats/Cat_9455.jpg,0
data/processed/cats/Cat_9456.jpg,0
data/processed/cats/Cat_9457.jpg,0
data/processed/cats/Cat_9458.jpg,0
data/processed/cats/Cat_9459.jpg,0
data/processed/cats/Cat_9460.jpg,0
data/processed/cats/Cat_9461.jpg,0
data/processed/cats/Cat_9463.jpg,0
data/processed/cats/Cat_9464.jpg,0
data/processed/cats/Cat_9465.jpg,0
data/processed/cats/Cat_9466.jpg,0
data/processed/cats/Cat_9467.jpg,0
data/processed/cats/Cat_9468.jpg,0
data/processed/cats/Cat_9469.jpg,0
data/processed/cats/Cat_947.jpg,0
data/processed/cats/Cat_9471.jpg,0
data/processed/cats/Cat_9472.jpg,0
data/processed/cats/Cat_9474.jpg,0
data/processed/cats/Cat_9475.jpg,0
data/processed/cats/Cat_9476.jpg,0
data/processed/cats/Cat_9477.jpg,0
data/processed/cats/Cat_9478.jpg,0
data/processed/cats/Cat_9479.jpg,0
data/processed/cats/Cat_9480.jpg,0
data/processed/cats/Cat_9481.jpg,0
data/processed/cats/Cat_9482.jpg,0
data/processed/cats/Cat_9483.jpg,0
data/processed/cats/Cat_9484.jpg,0
data/processed/cats/Cat_9486.jpg,0
data/processed/cats/Cat_9488.jpg,0
data/processed/cats/Cat_9489.jpg,0
data/processed/cats/Cat_949.jpg,0
data/processed/cats/Cat_9490.jpg,0
data/processed/cats/Cat_9495.jpg,0
data/processed/cats/Cat_9496.jpg,0
data/processed/cats/Cat_9498.jpg,0
data/processed/cats/Cat_9499.jpg,0
data/processed/cats/Cat_95.jpg,0
data/processed/cats/Cat_950.jpg,0
data/processed/cats/Cat_9501.jpg,0
data/processed/cats/Cat_9502.jpg,0
data/processed/cats/Cat_9503.jpg,0
data/processed/cats/Cat_9504.jpg,0
data/processed/cats/Cat_9505.jpg,0
data/processed/cats/Cat_9506.jpg,0
data/processed/cats/Cat_9507.jpg,0
data/processed/cats/Cat_9508.jpg,0
data/processed/cats/Cat_9509.jpg,0
data/processed/cats/Cat_951.jpg,0
data/processed/cats/Cat_9510.jpg,0
data/processed/cats/Cat_9511.jpg,0
data/processed/cats/Cat_9512.jpg,0
data/processed/cats/Cat_9513.jpg,0
data/processed/cats/Cat_9514.jpg,0
data/processed/cats/Cat_9515.jpg,0
data/processed/cats/Cat_9516.jpg,0
data/processed/cats/Cat_9518.jpg,0
data/processed/cats/Cat_9519.jpg,0
data/processed/cats/Cat_952.jpg,0
data/processed/cats/Cat_9520.jpg,0
data/processed/cats/Cat_9522.jpg,0
data/processed/cats/Cat_9523.jpg,0
data/processed/cats/Cat_9525.jpg,0
data/processed/cats/Cat_9526.jpg,0
data/processed/cats/Cat_9527.jpg,0
data/processed/cats/Cat_9528.jpg,0
data/processed/cats/Cat_953.jpg,0
data/processed/cats/Cat_9530.jpg,0
data/processed/cats/Cat_9531.jpg,0
data/processed/cats/Cat_9532.jpg,0
data/processed/cats/Cat_9533.jpg,0
data/processed/cats/Cat_9535.jpg,0
data/processed/cats/Cat_9536.jpg,0
data/processed/cats/Cat_9537.jpg,0
data/processed/cats/Cat_9538.jpg,0
data/processed/cats/Cat_954.jpg,0
data/processed/cats/Cat_9541.jpg,0
data/processed/cats/Cat_9542.jpg,0
data/processed/cats/Cat_9543.jpg,0
data/processed/cats/Cat_9544.jpg,0
data/processed/cats/Cat_9545.jpg,0
data/processed/cats/Cat_9546.jpg,0
data/processed/cats/Cat_9547.jpg,0
data/processed/cats/Cat_9548.jpg,0
data/processed/cats/Cat_9549.jpg,0
data/processed/cats/Cat_955.jpg,0
data/processed/cats/Cat_9550.jpg,0
data/processed/cats/Cat_9551.jpg,0
data/processed/cats/Cat_9552.jpg,0
data/processed/cats/Cat_9553.jpg,0
data/processed/cats/Cat_9554.jpg,0
data/processed/cats/Cat_9555.jpg,0
data/processed/cats/Cat_9556.jpg,0
data/processed/cats/Cat_9557.jpg,0
data/processed/cats/Cat_9558.jpg,0
data/processed/cats/Cat_9559.jpg,0
data/processed/cats/Cat_956.jpg,0
data/processed/cats/Cat_9560.jpg,0
data/processed/cats/Cat_9561.jpg,0
data/processed/cats/Cat_9562.jpg,0
data/processed/cats/Cat_9563.jpg,0
data/processed/cats/Cat_9564.jpg,0
data/processed/cats/Cat_9565.jpg,0
data/processed/cats/Cat_9566.jpg,0
data/processed/cats/Cat_9567.jpg,0
data/processed/cats/Cat_9568.jpg,0
data/processed/cats/Cat_9569.jpg,0
data/processed/cats/Cat_957.jpg,0
data/processed/cats/Cat_9570.jpg,0
data/processed/cats/Cat_9571.jpg,0
data/processed/cats/Cat_9572.jpg,0
data/processed/cats/Cat_9573.jpg,0
data/processed/cats/Cat_9574.jpg,0
data/processed/cats/Cat_9575.jpg,0
data/processed/cats/Cat_9576.jpg,0
data/processed/cats/Cat_9578.jpg,0
data/processed/cats/Cat_958.jpg,0
data/processed/cats/Cat_9580.jpg,0
data/processed/cats/Cat_9581.jpg,0
data/processed/cats/Cat_9582.jpg,0
data/processed/cats/Cat_9583.jpg,0
data/processed/cats/Cat_9584.jpg,0
data/processed/cats/Cat_9587.jpg,0
data/processed/cats/Cat_9588.jpg,0
data/processed/cats/Cat_959.jpg,0
data/processed/cats/Cat_9590.jpg,0
data/processed/cats/Cat_9591.jpg,0
data/processed/cats/Cat_9592.jpg,0
data/processed/cats/Cat_9593.jpg,0
data/processed/cats/Cat_9594.jpg,0
data/processed/cats/Cat_9596.jpg,0
data/processed/cats/Cat_9599.jpg,0
data/processed/cats/Cat_96.jpg,0
data/processed/cats/Cat_9600.jpg,0
data/processed/cats/Cat_9601.jpg,0
data/processed/cats/Cat_9602.jpg,0
data/processed/cats/Cat_9603.jpg,0
data/processed/cats/Cat_9604.jpg,0
data/processed/cats/Cat_9605.jpg,0
data/processed/cats/Cat_9606.jpg,0
data/processed/cats/Cat_9608.jpg,0
data/processed/cats/Cat_9612.jpg,0
data/processed/cats/Cat_9613.jpg,0
data/processed/cats/Cat_9614.jpg,0
data/processed/cats/Cat_9615.jpg,0
data/processed/cats/Cat_9616.jpg,0
data/processed/cats/Cat_9617.jpg,0
data/processed/cats/Cat_9619.jpg,0
data/processed/cats/Cat_962.jpg,0
data/processed/cats/Cat_9620.jpg,0
data/processed/cats/Cat_9621.jpg,0
data/processed/cats/Cat_9623.jpg,0
data/processed/cats/Cat_9625.jpg,0
data/processed/cats/Cat_9626.jpg,0
data/processed/cats/Cat_9627.jpg,0
data/processed/cats/Cat_9629.jpg,0
data/processed/cats/Cat_963.jpg,0
data/processed/cats/Cat_9630.jpg,0
data/processed/cats/Cat_9631.jpg,0
data/processed/cats/Cat_9632.jpg,0
data/processed/cats/Cat_9634.jpg,0
data/processed/cats/Cat_9635.jpg,0
data/processed/cats/Cat_9636.jpg,0
data/processed/cats/Cat_9637.jpg,0
data/processed/cats/Cat_9639.jpg,0
data/processed/cats/Cat_964.jpg,0
data/processed/cats/Cat_9640.jpg,0
data/processed/cats/Cat_9641.jpg,0
data/processed/cats/Cat_9642.jpg,0
data/processed/cats/Cat_9643.jpg,0
data/processed/cats/Cat_9644.jpg,0
data/processed/cats/Cat_9645.jpg,0
data/processed/cats/Cat_9646.jpg,0
data/processed/cats/Cat_9647.jpg,0
data/processed/cats/Cat_9648.jpg,0
data/processed/cats/Cat_9649.jpg,0
data/processed/cats/Cat_965.jpg,0
data/processed/cats/Cat_9650.jpg,0
data/processed/cats/Cat_9651.jpg,0
data/processed/cats/Cat_9652.jpg,0
data/processed/cats/Cat_9654.jpg,0
data/processed/cats/Cat_9655.jpg,0
data/processed/cats/Cat_9656.jpg,0
data/processed/cats/Cat_9657.jpg,0
data/processed/cats/Cat_9658.jpg,0
data/processed/cats/Cat_9659.jpg,0
data/processed/cats/Cat_966.jpg,0
data/processed/cats/Cat_9660.jpg,0
data/processed/cats/Cat_9661.jpg,0
data/processed/cats/Cat_9662.jpg,0
data/processed/cats/Cat_9663.jpg,0
data/processed/cats/Cat_9664.jpg,0
data/processed/cats/Cat_9666.jpg,0
data/processed/cats/Cat_9667.jpg,0
data/processed/cats/Cat_9669.jpg,0
data/processed/cats/Cat_967.jpg,0
data/processed/cats/Cat_9670.jpg,0
data/processed/cats/Cat_9671.jpg,0
data/processed/cats/Cat_9672.jpg,0
data/processed/cats/Cat_9673.jpg,0
data/processed/cats/Cat_9674.jpg,0
data/processed/cats/Cat_9675.jpg,0
data/processed/cats/Cat_9676.jpg,0
data/processed/cats/Cat_9677.jpg,0
data/processed/cats/Cat_9678.jpg,0
data/processed/cats/Cat_9679.jpg,0
data/processed/cats/Cat_9680.jpg,0
data/processed/cats/Cat_9681.jpg,0
data/processed/cats/Cat_9682.jpg,0
data/processed/cats/Cat_9684.jpg,0
data/processed/cats/Cat_9685.jpg,0
data/processed/cats/Cat_9686.jpg,0
data/processed/cats/Cat_9687.jpg,0
data/processed/cats/Cat_969.jpg,0
data/processed/cats/Cat_9690.jpg,0
data/processed/cats/Cat_9691.jpg,0
data/processed/cats/Cat_9692.jpg,0
data/processed/cats/Cat_9694.jpg,0
data/processed/cats/Cat_9695.jpg,0
data/processed/cats/Cat_9696.jpg,0
data/processed/cats/Cat_9697.jpg,0
data/processed/cats/Cat_9698.jpg,0
data/processed/cats/Cat_9699.jpg,0
data/processed/cats/Cat_97.jpg,0
data/processed/cats/Cat_9700.jpg,0
data/processed/cats/Cat_9704.jpg,0
data/processed/cats/Cat_9705.jpg,0
data/processed/cats/Cat_9706.jpg,0
data/processed/cats/Cat_9707.jpg,0
data/processed/cats/Cat_9708.jpg,0
data/processed/cats/Cat_9709.jpg,0
data/processed/cats/Cat_971.jpg,0
data/processed/cats/Cat_9711.jpg,0
data/processed/cats/Cat_9712.jpg,0
data/processed/cats/Cat_9713.jpg,0
data/processed/cats/Cat_9715.jpg,0
data/processed/cats/Cat_9718.jpg,0
data/processed/cats/Cat_9719.jpg,0
data/processed/cats/Cat_972.jpg,0
data/processed/cats/Cat_9721.jpg,0
data/processed/cats/Cat_9723.jpg,0
data/processed/cats/Cat_9724.jpg,0
data/processed/cats/Cat_9729.jpg,0
data/processed/cats/Cat_973.jpg,0
data/processed/cats/Cat_9730.jpg,0
data/processed/cats/Cat_9731.jpg,0
data/processed/cats/Cat_9732.jpg,0
data/processed/cats/Cat_9733.jpg,0
data/processed/cats/Cat_9734.jpg,0
data/processed/cats/Cat_9737.jpg,0
data/processed/cats/Cat_9738.jpg,0
data/processed/cats/Cat_9739.jpg,0
data/processed/cats/Cat_974.jpg,0
data/processed/cats/Cat_9740.jpg,0
data/processed/cats/Cat_9741.jpg,0
data/processed/cats/Cat_9742.jpg,0
data/processed/cats/Cat_9744.jpg,0
data/processed/cats/Cat_9745.jpg,0
data/processed/cats/Cat_9746.jpg,0
data/processed/cats/Cat_975.jpg,0
data/processed/cats/Cat_9750.jpg,0
data/processed/cats/Cat_9751.jpg,0
data/processed/cats/Cat_9753.jpg,0
data/processed/cats/Cat_9754.jpg,0
data/processed/cats/Cat_9755.jpg,0
data/processed/cats/Cat_9756.jpg,0
data/processed/cats/Cat_9757.jpg,0
data/processed/cats/Cat_9758.jpg,0
data/processed/cats/Cat_976.jpg,0
data/processed/cats/Cat_9760.jpg,0
data/processed/cats/Cat_9761.jpg,0
data/processed/cats/Cat_9762.jpg,0
data/processed/cats/Cat_9763.jpg,0
data/processed/cats/Cat_9764.jpg,0
data/processed/cats/Cat_9765.jpg,0
data/processed/cats/Cat_9766.jpg,0
data/processed/cats/Cat_9767.jpg,0
data/processed/cats/Cat_9768.jpg,0
data/processed/cats/Cat_9770.jpg,0
data/processed/cats/Cat_9771.jpg,0
data/processed/cats/Cat_9772.jpg,0
data/processed/cats/Cat_9773.jpg,0
data/processed/cats/Cat_9774.jpg,0
data/processed/cats/Cat_9775.jpg,0
data/processed/cats/Cat_9776.jpg,0
data/processed/cats/Cat_9778.jpg,0
data/processed/cats/Cat_9779.jpg,0
data/processed/cats/Cat_978.jpg,0
data/processed/cats/Cat_9780.jpg,0
data/processed/cats/Cat_9781.jpg,0
data/processed/cats/Cat_9782.jpg,0
data/processed/cats/Cat_9783.jpg,0
data/processed/cats/Cat_9784.jpg,0
data/processed/cats/Cat_9785.jpg,0
data/processed/cats/Cat_9787.jpg,0
data/processed/cats/Cat_9788.jpg,0
data/processed/cats/Cat_9789.jpg,0
data/processed/cats/Cat_9790.jpg,0
data/processed/cats/Cat_9791.jpg,0
data/processed/cats/Cat_9792.jpg,0
data/processed/cats/Cat_9793.jpg,0
data/processed/cats/Cat_9794.jpg,0
data/processed/cats/Cat_9795.jpg,0
data/processed/cats/Cat_9797.jpg,0
data/processed/cats/Cat_9799.jpg,0
data/processed/cats/Cat_98.jpg,0
data/processed/cats/Cat_980.jpg,0
data/processed/cats/Cat_9800.jpg,0
data/processed/cats/Cat_9801.jpg,0
data/processed/cats/Cat_9802.jpg,0
data/processed/cats/Cat_9803.jpg,0
data/processed/cats/Cat_9804.jpg,0
data/processed/cats/Cat_9805.jpg,0
data/processed/cats/Cat_9806.jpg,0
data/processed/cats/Cat_9807.jpg,0
data/processed/cats/Cat_9809.jpg,0
data/processed/cats/Cat_981.jpg,0
data/processed/cats/Cat_9810.jpg,0
data/processed/cats/Cat_9811.jpg,0
data/processed/cats/Cat_9812.jpg,0
data/processed/cats/Cat_9813.jpg,0
data/processed/cats/Cat_9814.jpg,0
data/processed/cats/Cat_9815.jpg,0
data/processed/cats/Cat_9816.jpg,0
data/processed/cats/Cat_9817.jpg,0
data/processed/cats/Cat_9818.jpg,0
data/processed/cats/Cat_9819.jpg,0
data/processed/cats/Cat_9820.jpg,0
data/processed/cats/Cat_9821.jpg,0
data/processed/cats/Cat_9822.jpg,0
data/processed/cats/Cat_9823.jpg,0
data/processed/cats/Cat_9824.jpg,0
data/processed/cats/Cat_9825.jpg,0
data/processed/cats/Cat_9826.jpg,0
data/processed/cats/Cat_9829.jpg,0
data/processed/cats/Cat_9831.jpg,0
data/processed/cats/Cat_9832.jpg,0
data/processed/cats/Cat_9834.jpg,0
data/processed/cats/Cat_9835.jpg,0
data/processed/cats/Cat_9837.jpg,0
data/processed/cats/Cat_9838.jpg,0
data/processed/cats/Cat_9839.jpg,0
data/processed/cats/Cat_984.jpg,0
data/processed/cats/Cat_9840.jpg,0
data/processed/cats/Cat_9841.jpg,0
data/processed/cats/Cat_9844.jpg,0
data/processed/cats/Cat_9845.jpg,0
data/processed/cats/Cat_9846.jpg,0
data/processed/cats/Cat_9847.jpg,0
data/processed/cats/Cat_9848.jpg,0
data/processed/cats/Cat_9849.jpg,0
data/processed/cats/Cat_985.jpg,0
data/processed/cats/Cat_9850.jpg,0
data/processed/cats/Cat_9852.jpg,0
data/processed/cats/Cat_9853.jpg,0
data/processed/cats/Cat_9854.jpg,0
data/processed/cats/Cat_9855.jpg,0
data/processed/cats/Cat_9856.jpg,0
data/processed/cats/Cat_9857.jpg,0
data/processed/cats/Cat_9858.jpg,0
data/processed/cats/Cat_9859.jpg,0
data/processed/cats/Cat_986.jpg,0
data/processed/cats/Cat_9860.jpg,0
data/processed/cats/Cat_9861.jpg,0
data/processed/cats/Cat_9863.jpg,0
data/processed/cats/Cat_9864.jpg,0
data/processed/cats/Cat_9865.jpg,0
data/processed/cats/Cat_9867.jpg,0
data/processed/cats/Cat_9868.jpg,0
data/processed/cats/Cat_9869.jpg,0
data/processed/cats/Cat_987.jpg,0
data/processed/cats/Cat_9870.jpg,0
data/processed/cats/Cat_9871.jpg,0
data/processed/cats/Cat_9872.jpg,0
data/processed/cats/Cat_9873.jpg,0
data/processed/cats/Cat_9874.jpg,0
data/processed/cats/Cat_9876.jpg,0
data/processed/cats/Cat_9877.jpg,0
data/processed/cats/Cat_9878.jpg,0
data/processed/cats/Cat_988.jpg,0
data/processed/cats/Cat_9880.jpg,0
data/processed/cats/Cat_9881.jpg,0
data/processed/cats/Cat_9882.jpg,0
data/processed/cats/Cat_9883.jpg,0
data/processed/cats/Cat_9884.jpg,0
data/processed/cats/Cat_9885.jpg,0
data/processed/cats/Cat_9886.jpg,0
data/processed/cats/Cat_9887.jpg,0
data/processed/cats/Cat_9889.jpg,0
data/processed/cats/Cat_989.jpg,0
data/processed/cats/Cat_9890.jpg,0
data/processed/cats/Cat_9891.jpg,0
data/processed/cats/Cat_9892.jpg,0
data/processed/cats/Cat_9893.jpg,0
data/processed/cats/Cat_9894.jpg,0
data/processed/cats/Cat_9895.jpg,0
data/processed/cats/Cat_9897.jpg,0
data/processed/cats/Cat_9898.jpg,0
data/processed/cats/Cat_9899.jpg,0
data/processed/cats/Cat_990.jpg,0
data/processed/cats/Cat_9900.jpg,0
data/processed/cats/Cat_9901.jpg,0
data/processed/cats/Cat_9903.jpg,0
data/processed/cats/Cat_9904.jpg,0
data/processed/cats/Cat_9905.jpg,0
data/processed/cats/Cat_9906.jpg,0
data/processed/cats/Cat_9907.jpg,0
data/processed/cats/Cat_9908.jpg,0
data/processed/cats/Cat_9909.jpg,0
data/processed/cats/Cat_991.jpg,0
data/processed/cats/Cat_9910.jpg,0
data/processed/cats/Cat_9911.jpg,0
data/processed/cats/Cat_9912.jpg,0
data/processed/cats/Cat_9913.jpg,0
data/processed/cats/Cat_9914.jpg,0
data/processed/cats/Cat_9915.jpg,0
data/processed/cats/Cat_9916.jpg,0
data/processed/cats/Cat_9917.jpg,0
data/processed/cats/Cat_992.jpg,0
data/processed/cats/Cat_9921.jpg,0
data/processed/cats/Cat_9922.jpg,0
data/processed/cats/Cat_9923.jpg,0
data/processed/cats/Cat_9924.jpg,0
data/processed/cats/Cat_9926.jpg,0
data/processed/cats/Cat_9927.jpg,0
data/processed/cats/Cat_9928.jpg,0
data/processed/cats/Cat_993.jpg,0
data/processed/cats/Cat_9930.jpg,0
data/processed/cats/Cat_9931.jpg,0
data/processed/cats/Cat_9932.jpg,0
data/processed/cats/Cat_9933.jpg,0
data/processed/cats/Cat_9935.jpg,0
data/processed/cats/Cat_9936.jpg,0
data/processed/cats/Cat_9937.jpg,0
data/processed/cats/Cat_9939.jpg,0
data/processed/cats/Cat_994.jpg,0
data/processed/cats/Cat_9942.jpg,0
data/processed/cats/Cat_9945.jpg,0
data/processed/cats/Cat_9946.jpg,0
data/processed/cats/Cat_9947.jpg,0
data/processed/cats/Cat_995.jpg,0
data/processed/cats/Cat_9950.jpg,0
data/processed/cats/Cat_9951.jpg,0
data/processed/cats/Cat_9952.jpg,0
data/processed/cats/Cat_9953.jpg,0
data/processed/cats/Cat_9954.jpg,0
data/processed/cats/Cat_9955.jpg,0
data/processed/cats/Cat_9956.jpg,0
data/processed/cats/Cat_9957.jpg,0
data/processed/cats/Cat_9959.jpg,0
data/processed/cats/Cat_996.jpg,0
data/processed/cats/Cat_9960.jpg,0
data/processed/cats/Cat_9961.jpg,0
data/processed/cats/Cat_9962.jpg,0
data/processed/cats/Cat_9963.jpg,0
data/processed/cats/Cat_9965.jpg,0
data/processed/cats/Cat_9966.jpg,0
data/processed/cats/Cat_9967.jpg,0
data/processed/cats/Cat_9968.jpg,0
data/processed/cats/Cat_9969.jpg,0
data/processed/cats/Cat_997.jpg,0
data/processed/cats/Cat_9970.jpg,0
data/processed/cats/Cat_9973.jpg,0
data/processed/cats/Cat_9974.jpg,0
data/processed/cats/Cat_9975.jpg,0
data/processed/cats/Cat_9976.jpg,0
data/processed/cats/Cat_9979.jpg,0
data/processed/cats/Cat_9980.jpg,0
data/processed/cats/Cat_9983.jpg,0
data/processed/cats/Cat_9985.jpg,0
data/processed/cats/Cat_9986.jpg,0
data/processed/cats/Cat_9988.jpg,0
data/processed/cats/Cat_9989.jpg,0
data/processed/cats/Cat_999.jpg,0
data/processed/cats/Cat_9990.jpg,0
data/processed/cats/Cat_9991.jpg,0
data/processed/cats/Cat_9992.jpg,0
data/processed/cats/Cat_9993.jpg,0
data/processed/cats/Cat_9994.jpg,0
data/processed/cats/Cat_9995.jpg,0
data/processed/cats/Cat_9996.jpg,0
data/processed/cats/Cat_9998.jpg,0
data/processed/cats/Cat_9999.jpg,0
data/processed/dogs/Dog_0.jpg,1
data/processed/dogs/Dog_1.jpg,1
data/processed/dogs/Dog_10.jpg,1
data/processed/dogs/Dog_100.jpg,1
data/processed/dogs/Dog_1000.jpg,1
data/processed/dogs/Dog_10001.jpg,1
data/processed/dogs/Dog_10002.jpg,1
data/processed/dogs/Dog_10004.jpg,1
data/processed/dogs/Dog_10005.jpg,1
data/processed/dogs/Dog_10007.jpg,1
data/processed/dogs/Dog_10008.jpg,1
data/processed/dogs/Dog_10010.jpg,1
data/processed/dogs/Dog_10011.jpg,1
data/processed/dogs/Dog_10012.jpg,1
data/processed/dogs/Dog_10013.jpg,1
data/processed/dogs/Dog_10015.jpg,1
data/processed/dogs/Dog_10017.jpg,1
data/processed/dogs/Dog_10018.jpg,1
data/processed/dogs/Dog_10019.jpg,1
data/processed/dogs/Dog_10021.jpg,1
data/processed/dogs/Dog_10022.jpg,1
data/processed/dogs/Dog_10023.jpg,1
data/processed/dogs/Dog_10024.jpg,1
data/processed/dogs/Dog_10025.jpg,1
data/processed/dogs/Dog_10027.jpg,1
data/processed/dogs/Dog_10028.jpg,1
data/processed/dogs/Dog_10029.jpg,1
data/processed/dogs/Dog_1003.jpg,1
data/processed/dogs/Dog_10030.jpg,1
data/processed/dogs/Dog_10031.jpg,1
data/processed/dogs/Dog_10032.jpg,1
data/processed/dogs/Dog_10033.jpg,1
data/processed/dogs/Dog_10034.jpg,1
data/processed/dogs/Dog_10035.jpg,1
data/processed/dogs/Dog_10036.jpg,1
data/processed/dogs/Dog_10038.jpg,1
data/processed/dogs/Dog_10039.jpg,1
data/processed/dogs/Dog_10040.jpg,1
data/processed/dogs/Dog_10041.jpg,1
data/processed/dogs/Dog_10042.jpg,1
data/processed/dogs/Dog_10043.jpg,1
data/processed/dogs/Dog_10044.jpg,1
data/processed/dogs/Dog_10045.jpg,1
data/processed/dogs/Dog_10046.jpg,1
data/processed/dogs/Dog_10048.jpg,1
data/processed/dogs/Dog_1005.jpg,1
data/processed/dogs/Dog_10050.jpg,1
data/processed/dogs/Dog_10052.jpg,1
data/processed/dogs/Dog_10056.jpg,1
data/processed/dogs/Dog_10057.jpg,1
data/processed/dogs/Dog_10058.jpg,1
data/processed/dogs/Dog_10059.jpg,1
data/processed/dogs/Dog_10061.jpg,1
data/processed/dogs/Dog_10062.jpg,1
data/processed/dogs/Dog_10063.jpg,1
data/processed/dogs/Dog_10064.jpg,1
data/processed/dogs/Dog_10065.jpg,1
data/processed/dogs/Dog_10066.jpg,1
data/processed/dogs/Dog_10069.jpg,1
data/processed/dogs/Dog_1007.jpg,1
data/processed/dogs/Dog_10070.jpg,1
data/processed/dogs/Dog_10071.jpg,1
data/processed/dogs/Dog_10072.jpg,1
data/processed/dogs/Dog_10073.jpg,1
data/processed/dogs/Dog_10074.jpg,1
data/processed/dogs/Dog_10075.jpg,1
data/processed/dogs/Dog_10076.jpg,1
data/processed/dogs/Dog_10078.jpg,1
data/processed/dogs/Dog_10079.jpg,1
data/processed/dogs/Dog_10080.jpg,1
data/processed/dogs/Dog_10081.jpg,1
data/processed/dogs/Dog_10082.jpg,1
data/processed/dogs/Dog_10083.jpg,1
data/processed/dogs/Dog_10084.jpg,1
data/processed/dogs/Dog_10086.jpg,1
data/processed/dogs/Dog_10088.jpg,1
data/processed/dogs/Dog_10089.jpg,1
data/processed/dogs/Dog_1009.jpg,1
data/processed/dogs/Dog_10093.jpg,1
data/processed/dogs/Dog_10094.jpg,1
data/processed/dogs/Dog_10095.jpg,1
data/processed/dogs/Dog_10096.jpg,1
data/processed/dogs/Dog_10097.jpg,1
data/processed/dogs/Dog_10098.jpg,1
data/processed/dogs/Dog_10099.jpg,1
data/processed/dogs/Dog_101.jpg,1
data/processed/dogs/Dog_1010.jpg,1
data/processed/dogs/Dog_10100.jpg,1
data/processed/dogs/Dog_10101.jpg,1
data/processed/dogs/Dog_10102.jpg,1
data/processed/dogs/Dog_10103.jpg,1
data/processed/dogs/Dog_10104.jpg,1
data/processed/dogs/Dog_10105.jpg,1
data/processed/dogs/Dog_10106.jpg,1
data/processed/dogs/Dog_10107.jpg,1
data/processed/dogs/Dog_10108.jpg,1
data/processed/dogs/Dog_10109.jpg,1
data/processed/dogs/Dog_1011.jpg,1
data/processed/dogs/Dog_10110.jpg,1
data/processed/dogs/Dog_10111.jpg,1
data/processed/dogs/Dog_10112.jpg,1
data/processed/dogs/Dog_10113.jpg,1
data/processed/dogs/Dog_10115.jpg,1
data/processed/dogs/Dog_10116.jpg,1
data/processed/dogs/Dog_10117.jpg,1
data/processed/dogs/Dog_10118.jpg,1
data/processed/dogs/Dog_10119.jpg,1
data/processed/dogs/Dog_1012.jpg,1
data/processed/dogs/Dog_10120.jpg,1
data/processed/dogs/Dog_10121.jpg,1
data/processed/dogs/Dog_10122.jpg,1
data/processed/dogs/Dog_10123.jpg,1
data/processed/dogs/Dog_10126.jpg,1
data/processed/dogs/Dog_10127.jpg,1
data/processed/dogs/Dog_10128.jpg,1
data/processed/dogs/Dog_10129.jpg,1
data/processed/dogs/Dog_1013.jpg,1
data/processed/dogs/Dog_10130.jpg,1
data/processed/dogs/Dog_10131.jpg,1
data/processed/dogs/Dog_10133.jpg,1
data/processed/dogs/Dog_10134.jpg,1
data/processed/dogs/Dog_10135.jpg,1
data/processed/dogs/Dog_10136.jpg,1
data/processed/dogs/Dog_10137.jpg,1
data/processed/dogs/Dog_10138.jpg,1
data/processed/dogs/Dog_1014.jpg,1
data/processed/dogs/Dog_10140.jpg,1
data/processed/dogs/Dog_10141.jpg,1
data/processed/dogs/Dog_10142.jpg,1
data/processed/dogs/Dog_10143.jpg,1
data/processed/dogs/Dog_10144.jpg,1
data/processed/dogs/Dog_10145.jpg,1
data/processed/dogs/Dog_10146.jpg,1
data/processed/dogs/Dog_10147.jpg,1
data/processed/dogs/Dog_10148.jpg,1
data/processed/dogs/Dog_10149.jpg,1
data/processed/dogs/Dog_10150.jpg,1
data/processed/dogs/Dog_10151.jpg,1
data/processed/dogs/Dog_10153.jpg,1
data/processed/dogs/Dog_10154.jpg,1
data/processed/dogs/Dog_10155.jpg,1
data/processed/dogs/Dog_10156.jpg,1
data/processed/dogs/Dog_10157.jpg,1
data/processed/dogs/Dog_10159.jpg,1
data/processed/dogs/Dog_1016.jpg,1
data/processed/dogs/Dog_10160.jpg,1
data/processed/dogs/Dog_10161.jpg,1
data/processed/dogs/Dog_10163.jpg,1
data/processed/dogs/Dog_10164.jpg,1
data/processed/dogs/Dog_10165.jpg,1
data/processed/dogs/Dog_10166.jpg,1
data/processed/dogs/Dog_10167.jpg,1
data/processed/dogs/Dog_10168.jpg,1
data/processed/dogs/Dog_1017.jpg,1
data/processed/dogs/Dog_10170.jpg,1
data/processed/dogs/Dog_10171.jpg,1
data/processed/dogs/Dog_10173.jpg,1
data/processed/dogs/Dog_10174.jpg,1
data/processed/dogs/Dog_10175.jpg,1
data/processed/dogs/Dog_10176.jpg,1
data/processed/dogs/Dog_10177.jpg,1
data/processed/dogs/Dog_10178.jpg,1
data/processed/dogs/Dog_10179.jpg,1
data/processed/dogs/Dog_1018.jpg,1
data/processed/dogs/Dog_10180.jpg,1
data/processed/dogs/Dog_10181.jpg,1
data/processed/dogs/Dog_10182.jpg,1
data/processed/dogs/Dog_10183.jpg,1
data/processed/dogs/Dog_10184.jpg,1
data/processed/dogs/Dog_10185.jpg,1
data/processed/dogs/Dog_10186.jpg,1
data/processed/dogs/Dog_10187.jpg,1
data/processed/dogs/Dog_10188.jpg,1
data/processed/dogs/Dog_10189.jpg,1
data/processed/dogs/Dog_10190.jpg,1
data/processed/dogs/Dog_10192.jpg,1
data/processed/dogs/Dog_10193.jpg,1
data/processed/dogs/Dog_10195.jpg,1
data/processed/dogs/Dog_10196.jpg,1
data/processed/dogs/Dog_10197.jpg,1
data/processed/dogs/Dog_10198.jpg,1
data/processed/dogs/Dog_10199.jpg,1
data/processed/dogs/Dog_102.jpg,1
data/processed/dogs/Dog_10200.jpg,1
data/processed/dogs/Dog_10201.jpg,1
data/processed/dogs/Dog_10202.jpg,1
data/processed/dogs/Dog_10203.jpg,1
data/processed/dogs/Dog_10204.jpg,1
data/processed/dogs/Dog_10205.jpg,1
data/processed/dogs/Dog_10206.jpg,1
data/processed/dogs/Dog_10207.jpg,1
data/processed/dogs/Dog_10208.jpg,1
data/processed/dogs/Dog_1021.jpg,1
data/processed/dogs/Dog_10210.jpg,1
data/processed/dogs/Dog_10211.jpg,1
data/processed/dogs/Dog_10212.jpg,1
data/processed/dogs/Dog_10213.jpg,1
data/processed/dogs/Dog_10214.jpg,1
data/processed/dogs/Dog_10215.jpg,1
data/processed/dogs/Dog_10217.jpg,1
data/processed/dogs/Dog_10218.jpg,1
data/processed/dogs/Dog_10219.jpg,1
data/processed/dogs/Dog_1022.jpg,1
data/processed/dogs/Dog_10220.jpg,1
data/processed/dogs/Dog_10221.jpg,1
data/processed/dogs/Dog_10222.jpg,1
data/processed/dogs/Dog_10223.jpg,1
data/processed/dogs/Dog_10224.jpg,1
data/processed/dogs/Dog_10225.jpg,1
data/processed/dogs/Dog_10226.jpg,1
data/processed/dogs/Dog_10227.jpg,1
data/processed/dogs/Dog_10228.jpg,1
data/processed/dogs/Dog_10229.jpg,1
data/processed/dogs/Dog_1023.jpg,1
data/processed/dogs/Dog_10231.jpg,1
data/processed/dogs/Dog_10232.jpg,1
data/processed/dogs/Dog_10233.jpg,1
data/processed/dogs/Dog_10234.jpg,1
data/processed/dogs/Dog_10235.jpg,1
data/processed/dogs/Dog_10237.jpg,1
data/processed/dogs/Dog_10238.jpg,1
data/processed/dogs/Dog_10239.jpg,1
data/processed/dogs/Dog_1024.jpg,1
data/processed/dogs/Dog_10241.jpg,1
data/processed/dogs/Dog_10242.jpg,1
data/processed/dogs/Dog_10243.jpg,1
data/processed/dogs/Dog_10246.jpg,1
data/processed/dogs/Dog_10247.jpg,1
data/processed/dogs/Dog_10249.jpg,1
data/processed/dogs/Dog_1025.jpg,1
data/processed/dogs/Dog_10250.jpg,1
data/processed/dogs/Dog_10251.jpg,1
data/processed/dogs/Dog_10252.jpg,1
data/processed/dogs/Dog_10253.jpg,1
data/processed/dogs/Dog_10254.jpg,1
data/processed/dogs/Dog_10256.jpg,1
data/processed/dogs/Dog_10257.jpg,1
data/processed/dogs/Dog_10258.jpg,1
data/processed/dogs/Dog_10259.jpg,1
data/processed/dogs/Dog_10260.jpg,1
data/processed/dogs/Dog_10261.jpg,1
data/processed/dogs/Dog_10262.jpg,1
data/processed/dogs/Dog_10264.jpg,1
data/processed/dogs/Dog_10265.jpg,1
data/processed/dogs/Dog_10267.jpg,1
data/processed/dogs/Dog_10269.jpg,1
data/processed/dogs/Dog_10270.jpg,1
data/processed/dogs/Dog_10271.jpg,1
data/processed/dogs/Dog_10273.jpg,1
data/processed/dogs/Dog_10274.jpg,1
data/processed/dogs/Dog_10276.jpg,1
data/processed/dogs/Dog_10277.jpg,1
data/processed/dogs/Dog_10278.jpg,1
data/processed/dogs/Dog_10279.jpg,1
data/processed/dogs/Dog_1028.jpg,1
data/processed/dogs/Dog_10280.jpg,1
data/processed/dogs/Dog_10281.jpg,1
data/processed/dogs/Dog_10282.jpg,1
data/processed/dogs/Dog_10283.jpg,1
data/processed/dogs/Dog_10284.jpg,1
data/processed/dogs/Dog_10285.jpg,1
data/processed/dogs/Dog_10286.jpg,1
data/processed/dogs/Dog_10287.jpg,1
data/processed/dogs/Dog_10288.jpg,1
data/processed/dogs/Dog_10290.jpg,1
data/processed/dogs/Dog_10291.jpg,1
data/processed/dogs/Dog_10294.jpg,1
data/processed/dogs/Dog_10295.jpg,1
data/processed/dogs/Dog_10296.jpg,1
data/processed/dogs/Dog_10298.jpg,1
data/processed/dogs/Dog_10299.jpg,1
data/processed/dogs/Dog_10300.jpg,1
data/processed/dogs/Dog_10301.jpg,1
data/processed/dogs/Dog_10302.jpg,1
data/processed/dogs/Dog_10303.jpg,1
data/processed/dogs/Dog_10304.jpg,1
data/processed/dogs/Dog_10305.jpg,1
data/processed/dogs/Dog_10306.jpg,1
data/processed/dogs/Dog_10307.jpg,1
data/processed/dogs/Dog_10308.jpg,1
data/processed/dogs/Dog_10309.jpg,1
data/processed/dogs/Dog_10310.jpg,1
data/processed/dogs/Dog_10311.jpg,1
data/processed/dogs/Dog_10312.jpg,1
data/processed/dogs/Dog_10313.jpg,1
data/processed/dogs/Dog_10314.jpg,1
data/processed/dogs/Dog_10316.jpg,1
data/processed/dogs/Dog_10318.jpg,1
data/processed/dogs/Dog_10319.jpg,1
data/processed/dogs/Dog_1032.jpg,1
data/processed/dogs/Dog_10320.jpg,1
data/processed/dogs/Dog_10321.jpg,1
data/processed/dogs/Dog_10323.jpg,1
data/processed/dogs/Dog_10324.jpg,1
data/processed/dogs/Dog_10325.jpg,1
data/processed/dogs/Dog_10326.jpg,1
data/processed/dogs/Dog_10327.jpg,1
data/processed/dogs/Dog_10328.jpg,1
data/processed/dogs/Dog_10329.jpg,1
data/processed/dogs/Dog_1033.jpg,1
data/processed/dogs/Dog_10330.jpg,1
data/processed/dogs/Dog_10331.jpg,1
data/processed/dogs/Dog_10332.jpg,1
data/processed/dogs/Dog_10333.jpg,1
data/processed/dogs/Dog_10334.jpg,1
data/processed/dogs/Dog_10335.jpg,1
data/processed/dogs/Dog_10336.jpg,1
data/processed/dogs/Dog_10337.jpg,1
data/processed/dogs/Dog_10338.jpg,1
data/processed/dogs/Dog_10339.jpg,1
data/processed/dogs/Dog_1034.jpg,1
data/processed/dogs/Dog_10340.jpg,1
data/processed/dogs/Dog_10341.jpg,1
data/processed/dogs/Dog_10342.jpg,1
data/processed/dogs/Dog_10343.jpg,1
data/processed/dogs/Dog_10344.jpg,1
data/processed/dogs/Dog_10345.jpg,1
data/processed/dogs/Dog_10347.jpg,1
data/processed/dogs/Dog_10348.jpg,1
data/processed/dogs/Dog_10349.jpg,1
data/processed/dogs/Dog_1035.jpg,1
data/processed/dogs/Dog_10350.jpg,1
data/processed/dogs/Dog_10353.jpg,1
data/processed/dogs/Dog_10354.jpg,1
data/processed/dogs/Dog_10355.jpg,1
data/processed/dogs/Dog_10356.jpg,1
data/processed/dogs/Dog_10357.jpg,1
data/processed/dogs/Dog_10358.jpg,1
data/processed/dogs/Dog_10359.jpg,1
data/processed/dogs/Dog_1036.jpg,1
data/processed/dogs/Dog_10360.jpg,1
data/processed/dogs/Dog_10362.jpg,1
data/processed/dogs/Dog_10363.jpg,1
data/processed/dogs/Dog_10364.jpg,1
data/processed/dogs/Dog_10365.jpg,1
data/processed/dogs/Dog_10366.jpg,1
data/processed/dogs/Dog_10367.jpg,1
data/processed/dogs/Dog_10368.jpg,1
data/processed/dogs/Dog_10369.jpg,1
data/processed/dogs/Dog_1037.jpg,1
data/processed/dogs/Dog_10370.jpg,1
data/processed/dogs/Dog_10371.jpg,1
data/processed/dogs/Dog_10372.jpg,1
data/processed/dogs/Dog_10373.jpg,1
data/processed/dogs/Dog_10374.jpg,1
data/processed/dogs/Dog_10375.jpg,1
data/processed/dogs/Dog_10376.jpg,1
data/processed/dogs/Dog_10377.jpg,1
data/processed/dogs/Dog_10378.jpg,1
data/processed/dogs/Dog_10379.jpg,1
data/processed/dogs/Dog_1038.jpg,1
data/processed/dogs/Dog_10380.jpg,1
data/processed/dogs/Dog_10381.jpg,1
data/processed/dogs/Dog_10382.jpg,1
data/processed/dogs/Dog_10383.jpg,1
data/processed/dogs/Dog_10384.jpg,1
data/processed/dogs/Dog_10385.jpg,1
data/processed/dogs/Dog_10386.jpg,1
data/processed/dogs/Dog_10387.jpg,1
data/processed/dogs/Dog_10390.jpg,1
data/processed/dogs/Dog_10391.jpg,1
data/processed/dogs/Dog_10392.jpg,1
data/processed/dogs/Dog_10394.jpg,1
data/processed/dogs/Dog_10395.jpg,1
data/processed/dogs/Dog_10396.jpg,1
data/processed/dogs/Dog_10397.jpg,1
data/processed/dogs/Dog_10398.jpg,1
data/processed/dogs/Dog_104.jpg,1
data/processed/dogs/Dog_10400.jpg,1
data/processed/dogs/Dog_10401.jpg,1
data/processed/dogs/Dog_10402.jpg,1
data/processed/dogs/Dog_10404.jpg,1
data/processed/dogs/Dog_10405.jpg,1
data/processed/dogs/Dog_10407.jpg,1
data/processed/dogs/Dog_10408.jpg,1
data/processed/dogs/Dog_10409.jpg,1
data/processed/dogs/Dog_1041.jpg,1
data/processed/dogs/Dog_10410.jpg,1
data/processed/dogs/Dog_10412.jpg,1
data/processed/dogs/Dog_10413.jpg,1
data/processed/dogs/Dog_10416.jpg,1
data/processed/dogs/Dog_10417.jpg,1
data/processed/dogs/Dog_10418.jpg,1
data/processed/dogs/Dog_10419.jpg,1
data/processed/dogs/Dog_1042.jpg,1
data/processed/dogs/Dog_10420.jpg,1
data/processed/dogs/Dog_10421.jpg,1
data/processed/dogs/Dog_10423.jpg,1
data/processed/dogs/Dog_10424.jpg,1
data/processed/dogs/Dog_10425.jpg,1
data/processed/dogs/Dog_10426.jpg,1
data/processed/dogs/Dog_10427.jpg,1
data/processed/dogs/Dog_10428.jpg,1
data/processed/dogs/Dog_10429.jpg,1
data/processed/dogs/Dog_1043.jpg,1
data/processed/dogs/Dog_10430.jpg,1
data/processed/dogs/Dog_10431.jpg,1
data/processed/dogs/Dog_10432.jpg,1
data/processed/dogs/Dog_10433.jpg,1
data/processed/dogs/Dog_10434.jpg,1
data/processed/dogs/Dog_10435.jpg,1
data/processed/dogs/Dog_10436.jpg,1
data/processed/dogs/Dog_10437.jpg,1
data/processed/dogs/Dog_10438.jpg,1
data/processed/dogs/Dog_10439.jpg,1
data/processed/dogs/Dog_10440.jpg,1
data/processed/dogs/Dog_10442.jpg,1
data/processed/dogs/Dog_10443.jpg,1
data/processed/dogs/Dog_10446.jpg,1
data/processed/dogs/Dog_10448.jpg,1
data/processed/dogs/Dog_10449.jpg,1
data/processed/dogs/Dog_1045.jpg,1
data/processed/dogs/Dog_10450.jpg,1
data/processed/dogs/Dog_10451.jpg,1
data/processed/dogs/Dog_10454.jpg,1
data/processed/dogs/Dog_10455.jpg,1
data/processed/dogs/Dog_10456.jpg,1
data/processed/dogs/Dog_10457.jpg,1
data/processed/dogs/Dog_10458.jpg,1
data/processed/dogs/Dog_10459.jpg,1
data/processed/dogs/Dog_1046.jpg,1
data/processed/dogs/Dog_10460.jpg,1
data/processed/dogs/Dog_10461.jpg,1
data/processed/dogs/Dog_10462.jpg,1
data/processed/dogs/Dog_10463.jpg,1
data/processed/dogs/Dog_10464.jpg,1
data/processed/dogs/Dog_10465.jpg,1
data/processed/dogs/Dog_10467.jpg,1
data/processed/dogs/Dog_10468.jpg,1
data/processed/dogs/Dog_10469.jpg,1
data/processed/dogs/Dog_10470.jpg,1
data/processed/dogs/Dog_10471.jpg,1
data/processed/dogs/Dog_10473.jpg,1
data/processed/dogs/Dog_10474.jpg,1
data/processed/dogs/Dog_10475.jpg,1
data/processed/dogs/Dog_10477.jpg,1
data/processed/dogs/Dog_10478.jpg,1
data/processed/dogs/Dog_10479.jpg,1
data/processed/dogs/Dog_1048.jpg,1
data/processed/dogs/Dog_10480.jpg,1
data/processed/dogs/Dog_10481.jpg,1
data/processed/dogs/Dog_10482.jpg,1
data/processed/dogs/Dog_10483.jpg,1
data/processed/dogs/Dog_10484.jpg,1
data/processed/dogs/Dog_10485.jpg,1
data/processed/dogs/Dog_10486.jpg,1
data/processed/dogs/Dog_10487.jpg,1
data/processed/dogs/Dog_10488.jpg,1
data/processed/dogs/Dog_10489.jpg,1
data/processed/dogs/Dog_1049.jpg,1
data/processed/dogs/Dog_10491.jpg,1
data/processed/dogs/Dog_10492.jpg,1
data/processed/dogs/Dog_10493.jpg,1
data/processed/dogs/Dog_10494.jpg,1
data/processed/dogs/Dog_10495.jpg,1
data/processed/dogs/Dog_10496.jpg,1
data/processed/dogs/Dog_10497.jpg,1
data/processed/dogs/Dog_10498.jpg,1
data/processed/dogs/Dog_105.jpg,1
data/processed/dogs/Dog_10500.jpg,1
data/processed/dogs/Dog_10501.jpg,1
data/processed/dogs/Dog_10502.jpg,1
data/processed/dogs/Dog_10503.jpg,1
data/processed/dogs/Dog_10504.jpg,1
data/processed/dogs/Dog_10506.jpg,1
data/processed/dogs/Dog_10509.jpg,1
data/processed/dogs/Dog_1051.jpg,1
data/processed/dogs/Dog_10510.jpg,1
data/processed/dogs/Dog_10511.jpg,1
data/processed/dogs/Dog_10512.jpg,1
data/processed/dogs/Dog_10513.jpg,1
data/processed/dogs/Dog_10514.jpg,1
data/processed/dogs/Dog_10515.jpg,1
data/processed/dogs/Dog_10516.jpg,1
data/processed/dogs/Dog_10517.jpg,1
data/processed/dogs/Dog_10518.jpg,1
data/processed/dogs/Dog_10519.jpg,1
data/processed/dogs/Dog_1052.jpg,1
data/processed/dogs/Dog_10520.jpg,1
data/processed/dogs/Dog_10521.jpg,1
data/processed/dogs/Dog_10522.jpg,1
data/processed/dogs/Dog_10523.jpg,1
data/processed/dogs/Dog_10524.jpg,1
data/processed/dogs/Dog_10525.jpg,1
data/processed/dogs/Dog_10526.jpg,1
data/processed/dogs/Dog_10529.jpg,1
data/processed/dogs/Dog_1053.jpg,1
data/processed/dogs/Dog_10530.jpg,1
data/processed/dogs/Dog_10532.jpg,1
data/processed/dogs/Dog_10534.jpg,1
data/processed/dogs/Dog_10535.jpg,1
data/processed/dogs/Dog_10536.jpg,1
data/processed/dogs/Dog_10537.jpg,1
data/processed/dogs/Dog_10538.jpg,1
data/processed/dogs/Dog_10539.jpg,1
data/processed/dogs/Dog_1054.jpg,1
data/processed/dogs/Dog_10540.jpg,1
data/processed/dogs/Dog_10542.jpg,1
data/processed/dogs/Dog_10543.jpg,1
data/processed/dogs/Dog_10544.jpg,1
data/processed/dogs/Dog_10545.jpg,1
data/processed/dogs/Dog_10546.jpg,1
data/processed/dogs/Dog_10548.jpg,1
data/processed/dogs/Dog_1055.jpg,1
data/processed/dogs/Dog_10551.jpg,1
data/processed/dogs/Dog_10552.jpg,1
data/processed/dogs/Dog_10553.jpg,1
data/processed/dogs/Dog_10554.jpg,1
data/processed/dogs/Dog_10555.jpg,1
data/processed/dogs/Dog_10556.jpg,1
data/processed/dogs/Dog_10557.jpg,1
data/processed/dogs/Dog_10558.jpg,1
data/processed/dogs/Dog_10559.jpg,1
data/processed/dogs/Dog_1056.jpg,1
data/processed/dogs/Dog_10560.jpg,1
data/processed/dogs/Dog_10561.jpg,1
data/processed/dogs/Dog_10563.jpg,1
data/processed/dogs/Dog_10564.jpg,1
data/processed/dogs/Dog_10565.jpg,1
data/processed/dogs/Dog_10566.jpg,1
data/processed/dogs/Dog_10568.jpg,1
data/processed/dogs/Dog_10569.jpg,1
data/processed/dogs/Dog_1057.jpg,1
data/processed/dogs/Dog_10571.jpg,1
data/processed/dogs/Dog_10573.jpg,1
data/processed/dogs/Dog_10576.jpg,1
data/processed/dogs/Dog_10577.jpg,1
data/processed/dogs/Dog_10578.jpg,1
data/processed/dogs/Dog_10579.jpg,1
data/processed/dogs/Dog_1058.jpg,1
data/processed/dogs/Dog_10580.jpg,1
data/processed/dogs/Dog_10581.jpg,1
data/processed/dogs/Dog_10582.jpg,1
data/processed/dogs/Dog_10583.jpg,1
data/processed/dogs/Dog_10584.jpg,1
data/processed/dogs/Dog_10585.jpg,1
data/processed/dogs/Dog_10586.jpg,1
data/processed/dogs/Dog_10587.jpg,1
data/processed/dogs/Dog_10588.jpg,1
data/processed/dogs/Dog_10589.jpg,1
data/processed/dogs/Dog_1059.jpg,1
data/processed/dogs/Dog_10590.jpg,1
data/processed/dogs/Dog_10591.jpg,1
data/processed/dogs/Dog_10592.jpg,1
data/processed/dogs/Dog_10593.jpg,1
data/processed/dogs/Dog_10595.jpg,1
data/processed/dogs/Dog_10598.jpg,1
data/processed/dogs/Dog_10599.jpg,1
data/processed/dogs/Dog_106.jpg,1
data/processed/dogs/Dog_1060.jpg,1
data/processed/dogs/Dog_10600.jpg,1
data/processed/dogs/Dog_10601.jpg,1
data/processed/dogs/Dog_10602.jpg,1
data/processed/dogs/Dog_10603.jpg,1
data/processed/dogs/Dog_10604.jpg,1
data/processed/dogs/Dog_10605.jpg,1
data/processed/dogs/Dog_10606.jpg,1
data/processed/dogs/Dog_10609.jpg,1
data/processed/dogs/Dog_1061.jpg,1
data/processed/dogs/Dog_10610.jpg,1
data/processed/dogs/Dog_10611.jpg,1
data/processed/dogs/Dog_10612.jpg,1
data/processed/dogs/Dog_10613.jpg,1
data/processed/dogs/Dog_10614.jpg,1
data/processed/dogs/Dog_10615.jpg,1
data/processed/dogs/Dog_10616.jpg,1
data/processed/dogs/Dog_10617.jpg,1
data/processed/dogs/Dog_10618.jpg,1
data/processed/dogs/Dog_10619.jpg,1
data/processed/dogs/Dog_1062.jpg,1
data/processed/dogs/Dog_10621.jpg,1
data/processed/dogs/Dog_10622.jpg,1
data/processed/dogs/Dog_10623.jpg,1
data/processed/dogs/Dog_10624.jpg,1
data/processed/dogs/Dog_10625.jpg,1
data/processed/dogs/Dog_10626.jpg,1
data/processed/dogs/Dog_10627.jpg,1
data/processed/dogs/Dog_10628.jpg,1
data/processed/dogs/Dog_10631.jpg,1
data/processed/dogs/Dog_10632.jpg,1
data/processed/dogs/Dog_10633.jpg,1
data/processed/dogs/Dog_10634.jpg,1
data/processed/dogs/Dog_10636.jpg,1
data/processed/dogs/Dog_10637.jpg,1
data/processed/dogs/Dog_10638.jpg,1
data/processed/dogs/Dog_10639.jpg,1
data/processed/dogs/Dog_1064.jpg,1
data/processed/dogs/Dog_10640.jpg,1
data/processed/dogs/Dog_10643.jpg,1
data/processed/dogs/Dog_10644.jpg,1
data/processed/dogs/Dog_10645.jpg,1
data/processed/dogs/Dog_10648.jpg,1
data/processed/dogs/Dog_10649.jpg,1
data/processed/dogs/Dog_1065.jpg,1
data/processed/dogs/Dog_10650.jpg,1
data/processed/dogs/Dog_10651.jpg,1
data/processed/dogs/Dog_10652.jpg,1
data/processed/dogs/Dog_10653.jpg,1
data/processed/dogs/Dog_10655.jpg,1
data/processed/dogs/Dog_10657.jpg,1
data/processed/dogs/Dog_10658.jpg,1
data/processed/dogs/Dog_10659.jpg,1
data/processed/dogs/Dog_1066.jpg,1
data/processed/dogs/Dog_10660.jpg,1
data/processed/dogs/Dog_10661.jpg,1
data/processed/dogs/Dog_10662.jpg,1
data/processed/dogs/Dog_10663.jpg,1
data/processed/dogs/Dog_10664.jpg,1
data/processed/dogs/Dog_10665.jpg,1
data/processed/dogs/Dog_10667.jpg,1
data/processed/dogs/Dog_10668.jpg,1
data/processed/dogs/Dog_10669.jpg,1
data/processed/dogs/Dog_10670.jpg,1
data/processed/dogs/Dog_10672.jpg,1
data/processed/dogs/Dog_10673.jpg,1
data/processed/dogs/Dog_10674.jpg,1
data/processed/dogs/Dog_10675.jpg,1
data/processed/dogs/Dog_10676.jpg,1
data/processed/dogs/Dog_10678.jpg,1
data/processed/dogs/Dog_10679.jpg,1
data/processed/dogs/Dog_1068.jpg,1
data/processed/dogs/Dog_10681.jpg,1
data/processed/dogs/Dog_10682.jpg,1
data/processed/dogs/Dog_10683.jpg,1
data/processed/dogs/Dog_10685.jpg,1
data/processed/dogs/Dog_10686.jpg,1
data/processed/dogs/Dog_10687.jpg,1
data/processed/dogs/Dog_10688.jpg,1
data/processed/dogs/Dog_10689.jpg,1
data/processed/dogs/Dog_1069.jpg,1
data/processed/dogs/Dog_10690.jpg,1
data/processed/dogs/Dog_10695.jpg,1
data/processed/dogs/Dog_10696.jpg,1
data/processed/dogs/Dog_10697.jpg,1
data/processed/dogs/Dog_10698.jpg,1
data/processed/dogs/Dog_10699.jpg,1
data/processed/dogs/Dog_107.jpg,1
data/processed/dogs/Dog_1070.jpg,1
data/processed/dogs/Dog_10700.jpg,1
data/processed/dogs/Dog_10701.jpg,1
data/processed/dogs/Dog_10702.jpg,1
data/processed/dogs/Dog_10703.jpg,1
data/processed/dogs/Dog_10704.jpg,1
data/processed/dogs/Dog_10705.jpg,1
data/processed/dogs/Dog_10706.jpg,1
data/processed/dogs/Dog_10707.jpg,1
data/processed/dogs/Dog_10708.jpg,1
data/processed/dogs/Dog_1071.jpg,1
data/processed/dogs/Dog_10712.jpg,1
data/processed/dogs/Dog_10714.jpg,1
data/processed/dogs/Dog_10715.jpg,1
data/processed/dogs/Dog_10716.jpg,1
data/processed/dogs/Dog_10718.jpg,1
data/processed/dogs/Dog_10719.jpg,1
data/processed/dogs/Dog_1072.jpg,1
data/processed/dogs/Dog_10722.jpg,1
data/processed/dogs/Dog_10723.jpg,1
data/processed/dogs/Dog_10724.jpg,1
data/processed/dogs/Dog_10725.jpg,1
data/processed/dogs/Dog_10726.jpg,1
data/processed/dogs/Dog_10728.jpg,1
data/processed/dogs/Dog_10729.jpg,1
data/processed/dogs/Dog_10731.jpg,1
data/processed/dogs/Dog_10732.jpg,1
data/processed/dogs/Dog_10733.jpg,1
data/processed/dogs/Dog_10734.jpg,1
data/processed/dogs/Dog_10735.jpg,1
data/processed/dogs/Dog_10736.jpg,1
data/processed/dogs/Dog_10737.jpg,1
data/processed/dogs/Dog_10738.jpg,1
data/processed/dogs/Dog_10740.jpg,1
data/processed/dogs/Dog_10742.jpg,1
data/processed/dogs/Dog_10743.jpg,1
data/processed/dogs/Dog_10746.jpg,1
data/processed/dogs/Dog_10747.jpg,1
data/processed/dogs/Dog_10749.jpg,1
data/processed/dogs/Dog_1075.jpg,1
data/processed/dogs/Dog_10750.jpg,1
data/processed/dogs/Dog_10751.jpg,1
data/processed/dogs/Dog_10753.jpg,1
data/processed/dogs/Dog_10754.jpg,1
data/processed/dogs/Dog_10756.jpg,1
data/processed/dogs/Dog_10757.jpg,1
data/processed/dogs/Dog_10759.jpg,1
data/processed/dogs/Dog_1076.jpg,1
data/processed/dogs/Dog_10760.jpg,1
data/processed/dogs/Dog_10761.jpg,1
data/processed/dogs/Dog_10763.jpg,1
data/processed/dogs/Dog_10764.jpg,1
data/processed/dogs/Dog_10765.jpg,1
data/processed/dogs/Dog_10766.jpg,1
data/processed/dogs/Dog_10767.jpg,1
data/processed/dogs/Dog_10768.jpg,1
data/processed/dogs/Dog_10770.jpg,1
data/processed/dogs/Dog_10771.jpg,1
data/processed/dogs/Dog_10772.jpg,1
data/processed/dogs/Dog_10773.jpg,1
data/processed/dogs/Dog_10775.jpg,1
data/processed/dogs/Dog_10776.jpg,1
data/processed/dogs/Dog_10777.jpg,1
data/processed/dogs/Dog_10778.jpg,1
data/processed/dogs/Dog_1078.jpg,1
data/processed/dogs/Dog_10783.jpg,1
data/processed/dogs/Dog_10784.jpg,1
data/processed/dogs/Dog_10785.jpg,1
data/processed/dogs/Dog_10786.jpg,1
data/processed/dogs/Dog_10788.jpg,1
data/processed/dogs/Dog_1079.jpg,1
data/processed/dogs/Dog_10791.jpg,1
data/processed/dogs/Dog_10792.jpg,1
data/processed/dogs/Dog_10793.jpg,1
data/processed/dogs/Dog_10796.jpg,1
data/processed/dogs/Dog_10797.jpg,1
data/processed/dogs/Dog_10798.jpg,1
data/processed/dogs/Dog_10799.jpg,1
data/processed/dogs/Dog_108.jpg,1
data/processed/dogs/Dog_1080.jpg,1
data/processed/dogs/Dog_10800.jpg,1
data/processed/dogs/Dog_10801.jpg,1
data/processed/dogs/Dog_10803.jpg,1
data/processed/dogs/Dog_10804.jpg,1
data/processed/dogs/Dog_10805.jpg,1
data/processed/dogs/Dog_10806.jpg,1
data/processed/dogs/Dog_10807.jpg,1
data/processed/dogs/Dog_10808.jpg,1
data/processed/dogs/Dog_10809.jpg,1
data/processed/dogs/Dog_1081.jpg,1
data/processed/dogs/Dog_10810.jpg,1
data/processed/dogs/Dog_10811.jpg,1
data/processed/dogs/Dog_10812.jpg,1
data/processed/dogs/Dog_10813.jpg,1
data/processed/dogs/Dog_10817.jpg,1
data/processed/dogs/Dog_10819.jpg,1
data/processed/dogs/Dog_1082.jpg,1
data/processed/dogs/Dog_10820.jpg,1
data/processed/dogs/Dog_10821.jpg,1
data/processed/dogs/Dog_10822.jpg,1
data/processed/dogs/Dog_10823.jpg,1
data/processed/dogs/Dog_10824.jpg,1
data/processed/dogs/Dog_10825.jpg,1
data/processed/dogs/Dog_10826.jpg,1
data/processed/dogs/Dog_10828.jpg,1
data/processed/dogs/Dog_10829.jpg,1
data/processed/dogs/Dog_10830.jpg,1
data/processed/dogs/Dog_10831.jpg,1
data/processed/dogs/Dog_10832.jpg,1
data/processed/dogs/Dog_10833.jpg,1
data/processed/dogs/Dog_10834.jpg,1
data/processed/dogs/Dog_10835.jpg,1
data/processed/dogs/Dog_10837.jpg,1
data/processed/dogs/Dog_10838.jpg,1
data/processed/dogs/Dog_10839.jpg,1
data/processed/dogs/Dog_1084.jpg,1
data/processed/dogs/Dog_10840.jpg,1
data/processed/dogs/Dog_10841.jpg,1
data/processed/dogs/Dog_10842.jpg,1
data/processed/dogs/Dog_10843.jpg,1
data/processed/dogs/Dog_10846.jpg,1
data/processed/dogs/Dog_10848.jpg,1
data/processed/dogs/Dog_10849.jpg,1
data/processed/dogs/Dog_10852.jpg,1
data/processed/dogs/Dog_10854.jpg,1
data/processed/dogs/Dog_10855.jpg,1
data/processed/dogs/Dog_10856.jpg,1
data/processed/dogs/Dog_10857.jpg,1
data/processed/dogs/Dog_10858.jpg,1
data/processed/dogs/Dog_10859.jpg,1
data/processed/dogs/Dog_1086.jpg,1
data/processed/dogs/Dog_10860.jpg,1
data/processed/dogs/Dog_10861.jpg,1
data/processed/dogs/Dog_10863.jpg,1
data/processed/dogs/Dog_10864.jpg,1
data/processed/dogs/Dog_10865.jpg,1
data/processed/dogs/Dog_10867.jpg,1
data/processed/dogs/Dog_10868.jpg,1
data/processed/dogs/Dog_10869.jpg,1
data/processed/dogs/Dog_1087.jpg,1
data/processed/dogs/Dog_10870.jpg,1
data/processed/dogs/Dog_10871.jpg,1
data/processed/dogs/Dog_10872.jpg,1
data/processed/dogs/Dog_10875.jpg,1
data/processed/dogs/Dog_10876.jpg,1
data/processed/dogs/Dog_10877.jpg,1
data/processed/dogs/Dog_10878.jpg,1
data/processed/dogs/Dog_10879.jpg,1
data/processed/dogs/Dog_1088.jpg,1
data/processed/dogs/Dog_10881.jpg,1
data/processed/dogs/Dog_10882.jpg,1
data/processed/dogs/Dog_10883.jpg,1
data/processed/dogs/Dog_10885.jpg,1
data/processed/dogs/Dog_10886.jpg,1
data/processed/dogs/Dog_10887.jpg,1
data/processed/dogs/Dog_10888.jpg,1
data/processed/dogs/Dog_10889.jpg,1
data/processed/dogs/Dog_1089.jpg,1
data/processed/dogs/Dog_10890.jpg,1
data/processed/dogs/Dog_10891.jpg,1
data/processed/dogs/Dog_10892.jpg,1
data/processed/dogs/Dog_10893.jpg,1
data/processed/dogs/Dog_10894.jpg,1
data/processed/dogs/Dog_10896.jpg,1
data/processed/dogs/Dog_10898.jpg,1
data/processed/dogs/Dog_10899.jpg,1
data/processed/dogs/Dog_109.jpg,1
data/processed/dogs/Dog_10900.jpg,1
data/processed/dogs/Dog_10901.jpg,1
data/processed/dogs/Dog_10902.jpg,1
data/processed/dogs/Dog_10903.jpg,1
data/processed/dogs/Dog_10904.jpg,1
data/processed/dogs/Dog_10905.jpg,1
data/processed/dogs/Dog_10906.jpg,1
data/processed/dogs/Dog_10907.jpg,1
data/processed/dogs/Dog_10908.jpg,1
data/processed/dogs/Dog_10909.jpg,1
data/processed/dogs/Dog_1091.jpg,1
data/processed/dogs/Dog_10910.jpg,1
data/processed/dogs/Dog_10911.jpg,1
data/processed/dogs/Dog_10912.jpg,1
data/processed/dogs/Dog_10915.jpg,1
data/processed/dogs/Dog_10916.jpg,1
data/processed/dogs/Dog_10918.jpg,1
data/processed/dogs/Dog_1092.jpg,1
data/processed/dogs/Dog_10920.jpg,1
data/processed/dogs/Dog_10921.jpg,1
data/processed/dogs/Dog_10923.jpg,1
data/processed/dogs/Dog_10924.jpg,1
data/processed/dogs/Dog_10928.jpg,1
data/processed/dogs/Dog_10929.jpg,1
data/processed/dogs/Dog_1093.jpg,1
data/processed/dogs/Dog_10930.jpg,1
data/processed/dogs/Dog_10931.jpg,1
data/processed/dogs/Dog_10932.jpg,1
data/processed/dogs/Dog_10933.jpg,1
data/processed/dogs/Dog_10934.jpg,1
data/processed/dogs/Dog_10935.jpg,1
data/processed/dogs/Dog_10937.jpg,1
data/processed/dogs/Dog_10938.jpg,1
data/processed/dogs/Dog_10939.jpg,1
data/processed/dogs/Dog_1094.jpg,1
data/processed/dogs/Dog_10940.jpg,1
data/processed/dogs/Dog_10941.jpg,1
data/processed/dogs/Dog_10944.jpg,1
data/processed/dogs/Dog_10945.jpg,1
data/processed/dogs/Dog_10946.jpg,1
data/processed/dogs/Dog_10947.jpg,1
data/processed/dogs/Dog_10948.jpg,1
data/processed/dogs/Dog_10949.jpg,1
data/processed/dogs/Dog_1095.jpg,1
data/processed/dogs/Dog_10951.jpg,1
data/processed/dogs/Dog_10952.jpg,1
data/processed/dogs/Dog_10953.jpg,1
data/processed/dogs/Dog_10954.jpg,1
data/processed/dogs/Dog_10955.jpg,1
data/processed/dogs/Dog_10956.jpg,1
data/processed/dogs/Dog_10957.jpg,1
data/processed/dogs/Dog_10959.jpg,1
data/processed/dogs/Dog_1096.jpg,1
data/processed/dogs/Dog_10960.jpg,1
data/processed/dogs/Dog_10961.jpg,1
data/processed/dogs/Dog_10962.jpg,1
data/processed/dogs/Dog_10963.jpg,1
data/processed/dogs/Dog_10964.jpg,1
data/processed/dogs/Dog_10965.jpg,1
data/processed/dogs/Dog_10967.jpg,1
data/processed/dogs/Dog_10968.jpg,1
data/processed/dogs/Dog_10969.jpg,1
data/processed/dogs/Dog_10972.jpg,1
data/processed/dogs/Dog_10973.jpg,1
data/processed/dogs/Dog_10974.jpg,1
data/processed/dogs/Dog_10975.jpg,1
data/processed/dogs/Dog_10976.jpg,1
data/processed/dogs/Dog_10979.jpg,1
data/processed/dogs/Dog_10980.jpg,1
data/processed/dogs/Dog_10981.jpg,1
data/processed/dogs/Dog_10982.jpg,1
data/processed/dogs/Dog_10983.jpg,1
data/processed/dogs/Dog_10985.jpg,1
data/processed/dogs/Dog_10986.jpg,1
data/processed/dogs/Dog_10987.jpg,1
data/processed/dogs/Dog_10988.jpg,1
data/processed/dogs/Dog_10989.jpg,1
data/processed/dogs/Dog_1099.jpg,1
data/processed/dogs/Dog_10990.jpg,1
data/processed/dogs/Dog_10992.jpg,1
data/processed/dogs/Dog_10993.jpg,1
data/processed/dogs/Dog_10995.jpg,1
data/processed/dogs/Dog_10996.jpg,1
data/processed/dogs/Dog_10997.jpg,1
data/processed/dogs/Dog_10999.jpg,1
data/processed/dogs/Dog_11.jpg,1
data/processed/dogs/Dog_110.jpg,1
data/processed/dogs/Dog_1100.jpg,1
data/processed/dogs/Dog_11000.jpg,1
data/processed/dogs/Dog_11001.jpg,1
data/processed/dogs/Dog_11002.jpg,1
data/processed/dogs/Dog_11003.jpg,1
data/processed/dogs/Dog_11005.jpg,1
data/processed/dogs/Dog_11006.jpg,1
data/processed/dogs/Dog_11007.jpg,1
data/processed/dogs/Dog_11008.jpg,1
data/processed/dogs/Dog_11012.jpg,1
data/processed/dogs/Dog_11013.jpg,1
data/processed/dogs/Dog_11014.jpg,1
data/processed/dogs/Dog_11015.jpg,1
data/processed/dogs/Dog_11016.jpg,1
data/processed/dogs/Dog_11018.jpg,1
data/processed/dogs/Dog_11019.jpg,1
data/processed/dogs/Dog_1102.jpg,1
data/processed/dogs/Dog_11021.jpg,1
data/processed/dogs/Dog_11024.jpg,1
data/processed/dogs/Dog_11025.jpg,1
data/processed/dogs/Dog_11026.jpg,1
data/processed/dogs/Dog_11027.jpg,1
data/processed/dogs/Dog_11028.jpg,1
data/processed/dogs/Dog_11029.jpg,1
data/processed/dogs/Dog_1103.jpg,1
data/processed/dogs/Dog_11031.jpg,1
data/processed/dogs/Dog_11032.jpg,1
data/processed/dogs/Dog_11034.jpg,1
data/processed/dogs/Dog_11035.jpg,1
data/processed/dogs/Dog_11036.jpg,1
data/processed/dogs/Dog_11037.jpg,1
data/processed/dogs/Dog_11038.jpg,1
data/processed/dogs/Dog_11039.jpg,1
data/processed/dogs/Dog_1104.jpg,1
data/processed/dogs/Dog_11040.jpg,1
data/processed/dogs/Dog_11041.jpg,1
data/processed/dogs/Dog_11042.jpg,1
data/processed/dogs/Dog_11043.jpg,1
data/processed/dogs/Dog_11044.jpg,1
data/processed/dogs/Dog_11045.jpg,1
data/processed/dogs/Dog_11046.jpg,1
data/processed/dogs/Dog_11047.jpg,1
data/processed/dogs/Dog_11048.jpg,1
data/processed/dogs/Dog_11049.jpg,1
data/processed/dogs/Dog_1105.jpg,1
data/processed/dogs/Dog_11051.jpg,1
data/processed/dogs/Dog_11052.jpg,1
data/processed/dogs/Dog_11053.jpg,1
data/processed/dogs/Dog_11054.jpg,1
data/processed/dogs/Dog_11055.jpg,1
data/processed/dogs/Dog_11056.jpg,1
data/processed/dogs/Dog_11058.jpg,1
data/processed/dogs/Dog_1106.jpg,1
data/processed/dogs/Dog_11060.jpg,1
data/processed/dogs/Dog_11061.jpg,1
data/processed/dogs/Dog_11062.jpg,1
data/processed/dogs/Dog_11065.jpg,1
data/processed/dogs/Dog_11066.jpg,1
data/processed/dogs/Dog_11067.jpg,1
data/processed/dogs/Dog_11068.jpg,1
data/processed/dogs/Dog_11069.jpg,1
data/processed/dogs/Dog_1107.jpg,1
data/processed/dogs/Dog_11070.jpg,1
data/processed/dogs/Dog_11071.jpg,1
data/processed/dogs/Dog_11072.jpg,1
data/processed/dogs/Dog_11073.jpg,1
data/processed/dogs/Dog_11074.jpg,1
data/processed/dogs/Dog_11075.jpg,1
data/processed/dogs/Dog_11076.jpg,1
data/processed/dogs/Dog_11077.jpg,1
data/processed/dogs/Dog_11078.jpg,1
data/processed/dogs/Dog_11079.jpg,1
data/processed/dogs/Dog_1108.jpg,1
data/processed/dogs/Dog_11080.jpg,1
data/processed/dogs/Dog_11081.jpg,1
data/processed/dogs/Dog_11082.jpg,1
data/processed/dogs/Dog_11083.jpg,1
data/processed/dogs/Dog_11084.jpg,1
data/processed/dogs/Dog_11085.jpg,1
data/processed/dogs/Dog_11086.jpg,1
data/processed/dogs/Dog_11087.jpg,1
data/processed/dogs/Dog_11088.jpg,1
data/processed/dogs/Dog_11089.jpg,1
data/processed/dogs/Dog_11090.jpg,1
data/processed/dogs/Dog_11094.jpg,1
data/processed/dogs/Dog_11095.jpg,1
data/processed/dogs/Dog_11096.jpg,1
data/processed/dogs/Dog_11097.jpg,1
data/processed/dogs/Dog_11098.jpg,1
data/processed/dogs/Dog_11099.jpg,1
data/processed/dogs/Dog_1110.jpg,1
data/processed/dogs/Dog_11100.jpg,1
data/processed/dogs/Dog_11101.jpg,1
data/processed/dogs/Dog_11102.jpg,1
data/processed/dogs/Dog_11103.jpg,1
data/processed/dogs/Dog_11104.jpg,1
data/processed/dogs/Dog_11105.jpg,1
data/processed/dogs/Dog_11106.jpg,1
data/processed/dogs/Dog_11107.jpg,1
data/processed/dogs/Dog_11108.jpg,1
data/processed/dogs/Dog_11109.jpg,1
data/processed/dogs/Dog_1111.jpg,1
data/processed/dogs/Dog_11110.jpg,1
data/processed/dogs/Dog_11111.jpg,1
data/processed/dogs/Dog_11112.jpg,1
data/processed/dogs/Dog_11113.jpg,1
data/processed/dogs/Dog_11115.jpg,1
data/processed/dogs/Dog_11116.jpg,1
data/processed/dogs/Dog_11117.jpg,1
data/processed/dogs/Dog_11118.jpg,1
data/processed/dogs/Dog_11119.jpg,1
data/processed/dogs/Dog_1112.jpg,1
data/processed/dogs/Dog_11120.jpg,1
data/processed/dogs/Dog_11121.jpg,1
data/processed/dogs/Dog_11123.jpg,1
data/processed/dogs/Dog_11124.jpg,1
data/processed/dogs/Dog_11126.jpg,1
data/processed/dogs/Dog_11127.jpg,1
data/processed/dogs/Dog_11128.jpg,1
data/processed/dogs/Dog_11129.jpg,1
data/processed/dogs/Dog_1113.jpg,1
data/processed/dogs/Dog_11130.jpg,1
data/processed/dogs/Dog_11131.jpg,1
data/processed/dogs/Dog_11132.jpg,1
data/processed/dogs/Dog_11134.jpg,1
data/processed/dogs/Dog_11135.jpg,1
data/processed/dogs/Dog_11136.jpg,1
data/processed/dogs/Dog_11137.jpg,1
data/processed/dogs/Dog_11138.jpg,1
data/processed/dogs/Dog_11139.jpg,1
data/processed/dogs/Dog_1114.jpg,1
data/processed/dogs/Dog_11140.jpg,1
data/processed/dogs/Dog_11141.jpg,1
data/processed/dogs/Dog_11142.jpg,1
data/processed/dogs/Dog_11143.jpg,1
data/processed/dogs/Dog_11144.jpg,1
data/processed/dogs/Dog_11145.jpg,1
data/processed/dogs/Dog_11146.jpg,1
data/processed/dogs/Dog_11147.jpg,1
data/processed/dogs/Dog_11148.jpg,1
data/processed/dogs/Dog_11149.jpg,1
data/processed/dogs/Dog_1115.jpg,1
data/processed/dogs/Dog_11150.jpg,1
data/processed/dogs/Dog_11151.jpg,1
data/processed/dogs/Dog_11152.jpg,1
data/processed/dogs/Dog_11155.jpg,1
data/processed/dogs/Dog_11156.jpg,1
data/processed/dogs/Dog_11157.jpg,1
data/processed/dogs/Dog_11158.jpg,1
data/processed/dogs/Dog_11159.jpg,1
data/processed/dogs/Dog_1116.jpg,1
data/processed/dogs/Dog_11160.jpg,1
data/processed/dogs/Dog_11161.jpg,1
data/processed/dogs/Dog_11163.jpg,1
data/processed/dogs/Dog_11164.jpg,1
data/processed/dogs/Dog_11165.jpg,1
data/processed/dogs/Dog_11166.jpg,1
data/processed/dogs/Dog_11167.jpg,1
data/processed/dogs/Dog_11169.jpg,1
data/processed/dogs/Dog_1117.jpg,1
data/processed/dogs/Dog_11170.jpg,1
data/processed/dogs/Dog_11171.jpg,1
data/processed/dogs/Dog_11172.jpg,1
data/processed/dogs/Dog_11173.jpg,1
data/processed/dogs/Dog_11176.jpg,1
data/processed/dogs/Dog_11177.jpg,1
data/processed/dogs/Dog_11178.jpg,1
data/processed/dogs/Dog_11179.jpg,1
data/processed/dogs/Dog_1118.jpg,1
data/processed/dogs/Dog_11180.jpg,1
data/processed/dogs/Dog_11181.jpg,1
data/processed/dogs/Dog_11182.jpg,1
data/processed/dogs/Dog_11183.jpg,1
data/processed/dogs/Dog_11184.jpg,1
data/processed/dogs/Dog_11185.jpg,1
data/processed/dogs/Dog_11186.jpg,1
data/processed/dogs/Dog_11187.jpg,1
data/processed/dogs/Dog_11188.jpg,1
data/processed/dogs/Dog_11189.jpg,1
data/processed/dogs/Dog_1119.jpg,1
data/processed/dogs/Dog_11191.jpg,1
data/processed/dogs/Dog_11192.jpg,1
data/processed/dogs/Dog_11193.jpg,1
data/processed/dogs/Dog_11194.jpg,1
data/processed/dogs/Dog_11196.jpg,1
data/processed/dogs/Dog_11197.jpg,1
data/processed/dogs/Dog_11198.jpg,1
data/processed/dogs/Dog_11199.jpg,1
data/processed/dogs/Dog_112.jpg,1
data/processed/dogs/Dog_1120.jpg,1
data/processed/dogs/Dog_11200.jpg,1
data/processed/dogs/Dog_11201.jpg,1
data/processed/dogs/Dog_11202.jpg,1
data/processed/dogs/Dog_11203.jpg,1
data/processed/dogs/Dog_11204.jpg,1
data/processed/dogs/Dog_11205.jpg,1
data/processed/dogs/Dog_11206.jpg,1
data/processed/dogs/Dog_11208.jpg,1
data/processed/dogs/Dog_11209.jpg,1
data/processed/dogs/Dog_1121.jpg,1
data/processed/dogs/Dog_11210.jpg,1
data/processed/dogs/Dog_11211.jpg,1
data/processed/dogs/Dog_11214.jpg,1
data/processed/dogs/Dog_11215.jpg,1
data/processed/dogs/Dog_11216.jpg,1
data/processed/dogs/Dog_11217.jpg,1
data/processed/dogs/Dog_11218.jpg,1
data/processed/dogs/Dog_11219.jpg,1
data/processed/dogs/Dog_11222.jpg,1
data/processed/dogs/Dog_11223.jpg,1
data/processed/dogs/Dog_11224.jpg,1
data/processed/dogs/Dog_11225.jpg,1
data/processed/dogs/Dog_11226.jpg,1
data/processed/dogs/Dog_11227.jpg,1
data/processed/dogs/Dog_11230.jpg,1
data/processed/dogs/Dog_11231.jpg,1
data/processed/dogs/Dog_11232.jpg,1
data/processed/dogs/Dog_11233.jpg,1
data/processed/dogs/Dog_11234.jpg,1
data/processed/dogs/Dog_11235.jpg,1
data/processed/dogs/Dog_11236.jpg,1
data/processed/dogs/Dog_11237.jpg,1
data/processed/dogs/Dog_11239.jpg,1
data/processed/dogs/Dog_11240.jpg,1
data/processed/dogs/Dog_11241.jpg,1
data/processed/dogs/Dog_11244.jpg,1
data/processed/dogs/Dog_11245.jpg,1
data/processed/dogs/Dog_11246.jpg,1
data/processed/dogs/Dog_11247.jpg,1
data/processed/dogs/Dog_11248.jpg,1
data/processed/dogs/Dog_11249.jpg,1
data/processed/dogs/Dog_11250.jpg,1
data/processed/dogs/Dog_11251.jpg,1
data/processed/dogs/Dog_11253.jpg,1
data/processed/dogs/Dog_11254.jpg,1
data/processed/dogs/Dog_11255.jpg,1
data/processed/dogs/Dog_11258.jpg,1
data/processed/dogs/Dog_11259.jpg,1
data/processed/dogs/Dog_11261.jpg,1
data/processed/dogs/Dog_11262.jpg,1
data/processed/dogs/Dog_11263.jpg,1
data/processed/dogs/Dog_11265.jpg,1
data/processed/dogs/Dog_11266.jpg,1
data/processed/dogs/Dog_11267.jpg,1
data/processed/dogs/Dog_11268.jpg,1
data/processed/dogs/Dog_11269.jpg,1
data/processed/dogs/Dog_1127.jpg,1
data/processed/dogs/Dog_11270.jpg,1
data/processed/dogs/Dog_11271.jpg,1
data/processed/dogs/Dog_11272.jpg,1
data/processed/dogs/Dog_11273.jpg,1
data/processed/dogs/Dog_11274.jpg,1
data/processed/dogs/Dog_11277.jpg,1
data/processed/dogs/Dog_11278.jpg,1
data/processed/dogs/Dog_1128.jpg,1
data/processed/dogs/Dog_11280.jpg,1
data/processed/dogs/Dog_11281.jpg,1
data/processed/dogs/Dog_11282.jpg,1
data/processed/dogs/Dog_11283.jpg,1
data/processed/dogs/Dog_11284.jpg,1
data/processed/dogs/Dog_11285.jpg,1
data/processed/dogs/Dog_11286.jpg,1
data/processed/dogs/Dog_11287.jpg,1
data/processed/dogs/Dog_11288.jpg,1
data/processed/dogs/Dog_11289.jpg,1
data/processed/dogs/Dog_1129.jpg,1
data/processed/dogs/Dog_11290.jpg,1
data/processed/dogs/Dog_11291.jpg,1
data/processed/dogs/Dog_11294.jpg,1
data/processed/dogs/Dog_11295.jpg,1
data/processed/dogs/Dog_11296.jpg,1
data/processed/dogs/Dog_11297.jpg,1
data/processed/dogs/Dog_11298.jpg,1
data/processed/dogs/Dog_11299.jpg,1
data/processed/dogs/Dog_113.jpg,1
data/processed/dogs/Dog_1130.jpg,1
data/processed/dogs/Dog_11300.jpg,1
data/processed/dogs/Dog_11301.jpg,1
data/processed/dogs/Dog_11304.jpg,1
data/processed/dogs/Dog_11306.jpg,1
data/processed/dogs/Dog_11307.jpg,1
data/processed/dogs/Dog_11308.jpg,1
data/processed/dogs/Dog_11309.jpg,1
data/processed/dogs/Dog_11310.jpg,1
data/processed/dogs/Dog_11311.jpg,1
data/processed/dogs/Dog_11312.jpg,1
data/processed/dogs/Dog_11313.jpg,1
data/processed/dogs/Dog_11314.jpg,1
data/processed/dogs/Dog_11315.jpg,1
data/processed/dogs/Dog_11316.jpg,1
data/processed/dogs/Dog_11317.jpg,1
data/processed/dogs/Dog_11318.jpg,1
data/processed/dogs/Dog_1132.jpg,1
data/processed/dogs/Dog_11320.jpg,1
data/processed/dogs/Dog_11321.jpg,1
data/processed/dogs/Dog_11322.jpg,1
data/processed/dogs/Dog_11323.jpg,1
data/processed/dogs/Dog_11324.jpg,1
data/processed/dogs/Dog_11325.jpg,1
data/processed/dogs/Dog_11326.jpg,1
data/processed/dogs/Dog_11327.jpg,1
data/processed/dogs/Dog_11328.jpg,1
data/processed/dogs/Dog_11329.jpg,1
data/processed/dogs/Dog_1133.jpg,1
data/processed/dogs/Dog_11331.jpg,1
data/processed/dogs/Dog_11334.jpg,1
data/processed/dogs/Dog_11336.jpg,1
data/processed/dogs/Dog_11337.jpg,1
data/processed/dogs/Dog_11338.jpg,1
data/processed/dogs/Dog_1134.jpg,1
data/processed/dogs/Dog_11340.jpg,1
data/processed/dogs/Dog_11342.jpg,1
data/processed/dogs/Dog_11343.jpg,1
data/processed/dogs/Dog_11345.jpg,1
data/processed/dogs/Dog_11346.jpg,1
data/processed/dogs/Dog_11347.jpg,1
data/processed/dogs/Dog_11348.jpg,1
data/processed/dogs/Dog_11349.jpg,1
data/processed/dogs/Dog_1135.jpg,1
data/processed/dogs/Dog_11350.jpg,1
data/processed/dogs/Dog_11351.jpg,1
data/processed/dogs/Dog_11355.jpg,1
data/processed/dogs/Dog_11356.jpg,1
data/processed/dogs/Dog_11358.jpg,1
data/processed/dogs/Dog_1136.jpg,1
data/processed/dogs/Dog_11360.jpg,1
data/processed/dogs/Dog_11362.jpg,1
data/processed/dogs/Dog_11363.jpg,1
data/processed/dogs/Dog_11367.jpg,1
data/processed/dogs/Dog_11368.jpg,1
data/processed/dogs/Dog_11369.jpg,1
data/processed/dogs/Dog_1137.jpg,1
data/processed/dogs/Dog_11371.jpg,1
data/processed/dogs/Dog_11374.jpg,1
data/processed/dogs/Dog_11375.jpg,1
data/processed/dogs/Dog_11376.jpg,1
data/processed/dogs/Dog_11377.jpg,1
data/processed/dogs/Dog_11378.jpg,1
data/processed/dogs/Dog_11379.jpg,1
data/processed/dogs/Dog_1138.jpg,1
data/processed/dogs/Dog_11380.jpg,1
data/processed/dogs/Dog_11381.jpg,1
data/processed/dogs/Dog_11382.jpg,1
data/processed/dogs/Dog_11383.jpg,1
data/processed/dogs/Dog_11384.jpg,1
data/processed/dogs/Dog_11385.jpg,1
data/processed/dogs/Dog_11386.jpg,1
data/processed/dogs/Dog_11387.jpg,1
data/processed/dogs/Dog_11388.jpg,1
data/processed/dogs/Dog_11391.jpg,1
data/processed/dogs/Dog_11393.jpg,1
data/processed/dogs/Dog_11394.jpg,1
data/processed/dogs/Dog_11395.jpg,1
data/processed/dogs/Dog_11396.jpg,1
data/processed/dogs/Dog_11397.jpg,1
data/processed/dogs/Dog_11398.jpg,1
data/processed/dogs/Dog_11399.jpg,1
data/processed/dogs/Dog_1140.jpg,1
data/processed/dogs/Dog_11400.jpg,1
data/processed/dogs/Dog_11403.jpg,1
data/processed/dogs/Dog_11404.jpg,1
data/processed/dogs/Dog_11406.jpg,1
data/processed/dogs/Dog_11407.jpg,1
data/processed/dogs/Dog_11408.jpg,1
data/processed/dogs/Dog_11409.jpg,1
data/processed/dogs/Dog_1141.jpg,1
data/processed/dogs/Dog_11410.jpg,1
data/processed/dogs/Dog_11411.jpg,1
data/processed/dogs/Dog_11412.jpg,1
data/processed/dogs/Dog_11413.jpg,1
data/processed/dogs/Dog_11415.jpg,1
data/processed/dogs/Dog_11416.jpg,1
data/processed/dogs/Dog_11417.jpg,1
data/processed/dogs/Dog_11418.jpg,1
data/processed/dogs/Dog_11419.jpg,1
data/processed/dogs/Dog_1142.jpg,1
data/processed/dogs/Dog_11420.jpg,1
data/processed/dogs/Dog_11422.jpg,1
data/processed/dogs/Dog_11424.jpg,1
data/processed/dogs/Dog_11425.jpg,1
data/processed/dogs/Dog_11426.jpg,1
data/processed/dogs/Dog_11427.jpg,1
data/processed/dogs/Dog_11429.jpg,1
data/processed/dogs/Dog_11430.jpg,1
data/processed/dogs/Dog_11431.jpg,1
data/processed/dogs/Dog_11432.jpg,1
data/processed/dogs/Dog_11434.jpg,1
data/processed/dogs/Dog_11435.jpg,1
data/processed/dogs/Dog_11436.jpg,1
data/processed/dogs/Dog_11438.jpg,1
data/processed/dogs/Dog_11439.jpg,1
data/processed/dogs/Dog_1144.jpg,1
data/processed/dogs/Dog_11440.jpg,1
data/processed/dogs/Dog_11441.jpg,1
data/processed/dogs/Dog_11442.jpg,1
data/processed/dogs/Dog_11444.jpg,1
data/processed/dogs/Dog_11445.jpg,1
data/processed/dogs/Dog_11446.jpg,1
data/processed/dogs/Dog_11447.jpg,1
data/processed/dogs/Dog_1145.jpg,1
data/processed/dogs/Dog_11451.jpg,1
data/processed/dogs/Dog_11453.jpg,1
data/processed/dogs/Dog_11454.jpg,1
data/processed/dogs/Dog_11456.jpg,1
data/processed/dogs/Dog_11458.jpg,1
data/processed/dogs/Dog_11459.jpg,1
data/processed/dogs/Dog_1146.jpg,1
data/processed/dogs/Dog_11460.jpg,1
data/processed/dogs/Dog_11461.jpg,1
data/processed/dogs/Dog_11462.jpg,1
data/processed/dogs/Dog_11463.jpg,1
data/processed/dogs/Dog_11464.jpg,1
data/processed/dogs/Dog_11465.jpg,1
data/processed/dogs/Dog_11466.jpg,1
data/processed/dogs/Dog_11467.jpg,1
data/processed/dogs/Dog_11468.jpg,1
data/processed/dogs/Dog_11469.jpg,1
data/processed/dogs/Dog_11470.jpg,1
data/processed/dogs/Dog_11471.jpg,1
data/processed/dogs/Dog_11472.jpg,1
data/processed/dogs/Dog_11473.jpg,1
data/processed/dogs/Dog_11474.jpg,1
data/processed/dogs/Dog_11475.jpg,1
data/processed/dogs/Dog_11476.jpg,1
data/processed/dogs/Dog_11477.jpg,1
data/processed/dogs/Dog_1148.jpg,1
data/processed/dogs/Dog_11480.jpg,1
data/processed/dogs/Dog_11481.jpg,1
data/processed/dogs/Dog_11483.jpg,1
data/processed/dogs/Dog_11484.jpg,1
data/processed/dogs/Dog_11485.jpg,1
data/processed/dogs/Dog_11486.jpg,1
data/processed/dogs/Dog_11489.jpg,1
data/processed/dogs/Dog_1149.jpg,1
data/processed/dogs/Dog_11491.jpg,1
data/processed/dogs/Dog_11492.jpg,1
data/processed/dogs/Dog_11493.jpg,1
data/processed/dogs/Dog_11495.jpg,1
data/processed/dogs/Dog_11496.jpg,1
data/processed/dogs/Dog_11497.jpg,1
data/processed/dogs/Dog_11499.jpg,1
data/processed/dogs/Dog_115.jpg,1
data/processed/dogs/Dog_1150.jpg,1
data/processed/dogs/Dog_11500.jpg,1
data/processed/dogs/Dog_11501.jpg,1
data/processed/dogs/Dog_11502.jpg,1
data/processed/dogs/Dog_11503.jpg,1
data/processed/dogs/Dog_11504.jpg,1
data/processed/dogs/Dog_11505.jpg,1
data/processed/dogs/Dog_11506.jpg,1
data/processed/dogs/Dog_11507.jpg,1
data/processed/dogs/Dog_11509.jpg,1
data/processed/dogs/Dog_11510.jpg,1
data/processed/dogs/Dog_11511.jpg,1
data/processed/dogs/Dog_11512.jpg,1
data/processed/dogs/Dog_11513.jpg,1
data/processed/dogs/Dog_11514.jpg,1
data/processed/dogs/Dog_11515.jpg,1
data/processed/dogs/Dog_11516.jpg,1
data/processed/dogs/Dog_11517.jpg,1
data/processed/dogs/Dog_11518.jpg,1
data/processed/dogs/Dog_11519.jpg,1
data/processed/dogs/Dog_1152.jpg,1
data/processed/dogs/Dog_11520.jpg,1
data/processed/dogs/Dog_11521.jpg,1
data/processed/dogs/Dog_11522.jpg,1
data/processed/dogs/Dog_11523.jpg,1
data/processed/dogs/Dog_11524.jpg,1
data/processed/dogs/Dog_11525.jpg,1
data/processed/dogs/Dog_11526.jpg,1
data/processed/dogs/Dog_11527.jpg,1
data/processed/dogs/Dog_11528.jpg,1
data/processed/dogs/Dog_11529.jpg,1
data/processed/dogs/Dog_1153.jpg,1
data/processed/dogs/Dog_11530.jpg,1
data/processed/dogs/Dog_11531.jpg,1
data/processed/dogs/Dog_11533.jpg,1
data/processed/dogs/Dog_11534.jpg,1
data/processed/dogs/Dog_11535.jpg,1
data/processed/dogs/Dog_11536.jpg,1
data/processed/dogs/Dog_11538.jpg,1
data/processed/dogs/Dog_11539.jpg,1
data/processed/dogs/Dog_1154.jpg,1
data/processed/dogs/Dog_11540.jpg,1
data/processed/dogs/Dog_11541.jpg,1
data/processed/dogs/Dog_11542.jpg,1
data/processed/dogs/Dog_11544.jpg,1
data/processed/dogs/Dog_11545.jpg,1
data/processed/dogs/Dog_11546.jpg,1
data/processed/dogs/Dog_11547.jpg,1
data/processed/dogs/Dog_11548.jpg,1
data/processed/dogs/Dog_11549.jpg,1
data/processed/dogs/Dog_11550.jpg,1
data/processed/dogs/Dog_11551.jpg,1
data/processed/dogs/Dog_11552.jpg,1
data/processed/dogs/Dog_11553.jpg,1
data/processed/dogs/Dog_11554.jpg,1
data/processed/dogs/Dog_11555.jpg,1
data/processed/dogs/Dog_11556.jpg,1
data/processed/dogs/Dog_11557.jpg,1
data/processed/dogs/Dog_11559.jpg,1
data/processed/dogs/Dog_1156.jpg,1
data/processed/dogs/Dog_11560.jpg,1
data/processed/dogs/Dog_11561.jpg,1
data/processed/dogs/Dog_11562.jpg,1
data/processed/dogs/Dog_11564.jpg,1
data/processed/dogs/Dog_11565.jpg,1
data/processed/dogs/Dog_11566.jpg,1
data/processed/dogs/Dog_1157.jpg,1
data/processed/dogs/Dog_11570.jpg,1
data/processed/dogs/Dog_11571.jpg,1
data/processed/dogs/Dog_11572.jpg,1
data/processed/dogs/Dog_11573.jpg,1
data/processed/dogs/Dog_11574.jpg,1
data/processed/dogs/Dog_11576.jpg,1
data/processed/dogs/Dog_1158.jpg,1
data/processed/dogs/Dog_11580.jpg,1
data/processed/dogs/Dog_11581.jpg,1
data/processed/dogs/Dog_11582.jpg,1
data/processed/dogs/Dog_11583.jpg,1
data/processed/dogs/Dog_11584.jpg,1
data/processed/dogs/Dog_11586.jpg,1
data/processed/dogs/Dog_11588.jpg,1
data/processed/dogs/Dog_11589.jpg,1
data/processed/dogs/Dog_1159.jpg,1
data/processed/dogs/Dog_11590.jpg,1
data/processed/dogs/Dog_11591.jpg,1
data/processed/dogs/Dog_11595.jpg,1
data/processed/dogs/Dog_11596.jpg,1
data/processed/dogs/Dog_11599.jpg,1
data/processed/dogs/Dog_11600.jpg,1
data/processed/dogs/Dog_11601.jpg,1
data/processed/dogs/Dog_11603.jpg,1
data/processed/dogs/Dog_11604.jpg,1
data/processed/dogs/Dog_11606.jpg,1
data/processed/dogs/Dog_11607.jpg,1
data/processed/dogs/Dog_11608.jpg,1
data/processed/dogs/Dog_11609.jpg,1
data/processed/dogs/Dog_11610.jpg,1
data/processed/dogs/Dog_11611.jpg,1
data/processed/dogs/Dog_11612.jpg,1
data/processed/dogs/Dog_11613.jpg,1
data/processed/dogs/Dog_11614.jpg,1
data/processed/dogs/Dog_11615.jpg,1
data/processed/dogs/Dog_11617.jpg,1
data/processed/dogs/Dog_11618.jpg,1
data/processed/dogs/Dog_11619.jpg,1
data/processed/dogs/Dog_11620.jpg,1
data/processed/dogs/Dog_11621.jpg,1
data/processed/dogs/Dog_11623.jpg,1
data/processed/dogs/Dog_11624.jpg,1
data/processed/dogs/Dog_11625.jpg,1
data/processed/dogs/Dog_11626.jpg,1
data/processed/dogs/Dog_11627.jpg,1
data/processed/dogs/Dog_11628.jpg,1
data/processed/dogs/Dog_11629.jpg,1
data/processed/dogs/Dog_1163.jpg,1
data/processed/dogs/Dog_11630.jpg,1
data/processed/dogs/Dog_11631.jpg,1
data/processed/dogs/Dog_11633.jpg,1
data/processed/dogs/Dog_11634.jpg,1
data/processed/dogs/Dog_11635.jpg,1
data/processed/dogs/Dog_11636.jpg,1
data/processed/dogs/Dog_11637.jpg,1
data/processed/dogs/Dog_11638.jpg,1
data/processed/dogs/Dog_11639.jpg,1
data/processed/dogs/Dog_1164.jpg,1
data/processed/dogs/Dog_11640.jpg,1
data/processed/dogs/Dog_11641.jpg,1
data/processed/dogs/Dog_11642.jpg,1
data/processed/dogs/Dog_11644.jpg,1
data/processed/dogs/Dog_11645.jpg,1
data/processed/dogs/Dog_11647.jpg,1
data/processed/dogs/Dog_11648.jpg,1
data/processed/dogs/Dog_11649.jpg,1
data/processed/dogs/Dog_1165.jpg,1
data/processed/dogs/Dog_11650.jpg,1
data/processed/dogs/Dog_11651.jpg,1
data/processed/dogs/Dog_11653.jpg,1
data/processed/dogs/Dog_1166.jpg,1
data/processed/dogs/Dog_11662.jpg,1
data/processed/dogs/Dog_11664.jpg,1
data/processed/dogs/Dog_11665.jpg,1
data/processed/dogs/Dog_11666.jpg,1
data/processed/dogs/Dog_11667.jpg,1
data/processed/dogs/Dog_11669.jpg,1
data/processed/dogs/Dog_11670.jpg,1
data/processed/dogs/Dog_11671.jpg,1
data/processed/dogs/Dog_11672.jpg,1
data/processed/dogs/Dog_11673.jpg,1
data/processed/dogs/Dog_11674.jpg,1
data/processed/dogs/Dog_11675.jpg,1
data/processed/dogs/Dog_11676.jpg,1
data/processed/dogs/Dog_11677.jpg,1
data/processed/dogs/Dog_11678.jpg,1
data/processed/dogs/Dog_11679.jpg,1
data/processed/dogs/Dog_1168.jpg,1
data/processed/dogs/Dog_11680.jpg,1
data/processed/dogs/Dog_11681.jpg,1
data/processed/dogs/Dog_11683.jpg,1
data/processed/dogs/Dog_11684.jpg,1
data/processed/dogs/Dog_11685.jpg,1
data/processed/dogs/Dog_11686.jpg,1
data/processed/dogs/Dog_11689.jpg,1
data/processed/dogs/Dog_1169.jpg,1
data/processed/dogs/Dog_11690.jpg,1
data/processed/dogs/Dog_11691.jpg,1
data/processed/dogs/Dog_11692.jpg,1
data/processed/dogs/Dog_11696.jpg,1
data/processed/dogs/Dog_11697.jpg,1
data/processed/dogs/Dog_11698.jpg,1
data/processed/dogs/Dog_11699.jpg,1
data/processed/dogs/Dog_117.jpg,1
data/processed/dogs/Dog_1170.jpg,1
data/processed/dogs/Dog_11700.jpg,1
data/processed/dogs/Dog_11701.jpg,1
data/processed/dogs/Dog_11703.jpg,1
data/processed/dogs/Dog_11706.jpg,1
data/processed/dogs/Dog_11707.jpg,1
data/processed/dogs/Dog_11708.jpg,1
data/processed/dogs/Dog_11709.jpg,1
data/processed/dogs/Dog_11710.jpg,1
data/processed/dogs/Dog_11712.jpg,1
data/processed/dogs/Dog_11713.jpg,1
data/processed/dogs/Dog_11714.jpg,1
data/processed/dogs/Dog_11716.jpg,1
data/processed/dogs/Dog_11718.jpg,1
data/processed/dogs/Dog_11719.jpg,1
data/processed/dogs/Dog_11720.jpg,1
data/processed/dogs/Dog_11721.jpg,1
data/processed/dogs/Dog_11723.jpg,1
data/processed/dogs/Dog_11724.jpg,1
data/processed/dogs/Dog_11725.jpg,1
data/processed/dogs/Dog_11726.jpg,1
data/processed/dogs/Dog_11727.jpg,1
data/processed/dogs/Dog_11729.jpg,1
data/processed/dogs/Dog_11730.jpg,1
data/processed/dogs/Dog_11731.jpg,1
data/processed/dogs/Dog_11732.jpg,1
data/processed/dogs/Dog_11734.jpg,1
data/processed/dogs/Dog_11735.jpg,1
data/processed/dogs/Dog_11736.jpg,1
data/processed/dogs/Dog_11737.jpg,1
data/processed/dogs/Dog_11738.jpg,1
data/processed/dogs/Dog_11739.jpg,1
data/processed/dogs/Dog_11740.jpg,1
data/processed/dogs/Dog_11741.jpg,1
data/processed/dogs/Dog_11743.jpg,1
data/processed/dogs/Dog_11744.jpg,1
data/processed/dogs/Dog_11745.jpg,1
data/processed/dogs/Dog_11747.jpg,1
data/processed/dogs/Dog_11748.jpg,1
data/processed/dogs/Dog_1175.jpg,1
data/processed/dogs/Dog_11750.jpg,1
data/processed/dogs/Dog_11751.jpg,1
data/processed/dogs/Dog_11752.jpg,1
data/processed/dogs/Dog_11753.jpg,1
data/processed/dogs/Dog_11754.jpg,1
data/processed/dogs/Dog_11755.jpg,1
data/processed/dogs/Dog_11758.jpg,1
data/processed/dogs/Dog_11759.jpg,1
data/processed/dogs/Dog_1176.jpg,1
data/processed/dogs/Dog_11760.jpg,1
data/processed/dogs/Dog_11761.jpg,1
data/processed/dogs/Dog_11762.jpg,1
data/processed/dogs/Dog_11763.jpg,1
data/processed/dogs/Dog_11764.jpg,1
data/processed/dogs/Dog_11765.jpg,1
data/processed/dogs/Dog_11766.jpg,1
data/processed/dogs/Dog_11767.jpg,1
data/processed/dogs/Dog_11768.jpg,1
data/processed/dogs/Dog_11769.jpg,1
data/processed/dogs/Dog_1177.jpg,1
data/processed/dogs/Dog_11770.jpg,1
data/processed/dogs/Dog_11771.jpg,1
data/processed/dogs/Dog_11772.jpg,1
data/processed/dogs/Dog_11773.jpg,1
data/processed/dogs/Dog_11774.jpg,1
data/processed/dogs/Dog_11775.jpg,1
data/processed/dogs/Dog_11776.jpg,1
data/processed/dogs/Dog_11778.jpg,1
data/processed/dogs/Dog_11779.jpg,1
data/processed/dogs/Dog_1178.jpg,1
data/processed/dogs/Dog_11780.jpg,1
data/processed/dogs/Dog_11781.jpg,1
data/processed/dogs/Dog_11782.jpg,1
data/processed/dogs/Dog_11783.jpg,1
data/processed/dogs/Dog_11784.jpg,1
data/processed/dogs/Dog_11785.jpg,1
data/processed/dogs/Dog_11786.jpg,1
data/processed/dogs/Dog_11787.jpg,1
data/processed/dogs/Dog_11788.jpg,1
data/processed/dogs/Dog_11789.jpg,1
data/processed/dogs/Dog_11790.jpg,1
data/processed/dogs/Dog_11792.jpg,1
data/processed/dogs/Dog_11793.jpg,1
data/processed/dogs/Dog_11794.jpg,1
data/processed/dogs/Dog_11795.jpg,1
data/processed/dogs/Dog_11796.jpg,1
data/processed/dogs/Dog_11797.jpg,1
data/processed/dogs/Dog_11798.jpg,1
data/processed/dogs/Dog_11799.jpg,1
data/processed/dogs/Dog_118.jpg,1
data/processed/dogs/Dog_1180.jpg,1
data/processed/dogs/Dog_11800.jpg,1
data/processed/dogs/Dog_11801.jpg,1
data/processed/dogs/Dog_11802.jpg,1
data/processed/dogs/Dog_11803.jpg,1
data/processed/dogs/Dog_11804.jpg,1
data/processed/dogs/Dog_11805.jpg,1
data/processed/dogs/Dog_11806.jpg,1
data/processed/dogs/Dog_11808.jpg,1
data/processed/dogs/Dog_11809.jpg,1
data/processed/dogs/Dog_1181.jpg,1
data/processed/dogs/Dog_11810.jpg,1
data/processed/dogs/Dog_11813.jpg,1
data/processed/dogs/Dog_11814.jpg,1
data/processed/dogs/Dog_11816.jpg,1
data/processed/dogs/Dog_11817.jpg,1
data/processed/dogs/Dog_11818.jpg,1
data/processed/dogs/Dog_11819.jpg,1
data/processed/dogs/Dog_11820.jpg,1
data/processed/dogs/Dog_11821.jpg,1
data/processed/dogs/Dog_11822.jpg,1
data/processed/dogs/Dog_11823.jpg,1
data/processed/dogs/Dog_11826.jpg,1
data/processed/dogs/Dog_11827.jpg,1
data/processed/dogs/Dog_11828.jpg,1
data/processed/dogs/Dog_11829.jpg,1
data/processed/dogs/Dog_11830.jpg,1
data/processed/dogs/Dog_11832.jpg,1
data/processed/dogs/Dog_11833.jpg,1
data/processed/dogs/Dog_11834.jpg,1
data/processed/dogs/Dog_11835.jpg,1
data/processed/dogs/Dog_11836.jpg,1
data/processed/dogs/Dog_11837.jpg,1
data/processed/dogs/Dog_11838.jpg,1
data/processed/dogs/Dog_11839.jpg,1
data/processed/dogs/Dog_1184.jpg,1
data/processed/dogs/Dog_11840.jpg,1
data/processed/dogs/Dog_11841.jpg,1
data/processed/dogs/Dog_11844.jpg,1
data/processed/dogs/Dog_11845.jpg,1
data/processed/dogs/Dog_11846.jpg,1
data/processed/dogs/Dog_11847.jpg,1
data/processed/dogs/Dog_11848.jpg,1
data/processed/dogs/Dog_11851.jpg,1
data/processed/dogs/Dog_11853.jpg,1
data/processed/dogs/Dog_11855.jpg,1
data/processed/dogs/Dog_11857.jpg,1
data/processed/dogs/Dog_11858.jpg,1
data/processed/dogs/Dog_11859.jpg,1
data/processed/dogs/Dog_1186.jpg,1
data/processed/dogs/Dog_11860.jpg,1
data/processed/dogs/Dog_11862.jpg,1
data/processed/dogs/Dog_11864.jpg,1
data/processed/dogs/Dog_11865.jpg,1
data/processed/dogs/Dog_11866.jpg,1
data/processed/dogs/Dog_11868.jpg,1
data/processed/dogs/Dog_11869.jpg,1
data/processed/dogs/Dog_1187.jpg,1
data/processed/dogs/Dog_11870.jpg,1
data/processed/dogs/Dog_11871.jpg,1
data/processed/dogs/Dog_11873.jpg,1
data/processed/dogs/Dog_11874.jpg,1
data/processed/dogs/Dog_11875.jpg,1
data/processed/dogs/Dog_11876.jpg,1
data/processed/dogs/Dog_11877.jpg,1
data/processed/dogs/Dog_11879.jpg,1
data/processed/dogs/Dog_1188.jpg,1
data/processed/dogs/Dog_11881.jpg,1
data/processed/dogs/Dog_11884.jpg,1
data/processed/dogs/Dog_11885.jpg,1
data/processed/dogs/Dog_11886.jpg,1
data/processed/dogs/Dog_11888.jpg,1
data/processed/dogs/Dog_11889.jpg,1
data/processed/dogs/Dog_1189.jpg,1
data/processed/dogs/Dog_11890.jpg,1
data/processed/dogs/Dog_11891.jpg,1
data/processed/dogs/Dog_11892.jpg,1
data/processed/dogs/Dog_11894.jpg,1
data/processed/dogs/Dog_11895.jpg,1
data/processed/dogs/Dog_11896.jpg,1
data/processed/dogs/Dog_11897.jpg,1
data/processed/dogs/Dog_11898.jpg,1
data/processed/dogs/Dog_11899.jpg,1
data/processed/dogs/Dog_119.jpg,1
data/processed/dogs/Dog_1190.jpg,1
data/processed/dogs/Dog_11900.jpg,1
data/processed/dogs/Dog_11901.jpg,1
data/processed/dogs/Dog_11902.jpg,1
data/processed/dogs/Dog_11903.jpg,1
data/processed/dogs/Dog_11904.jpg,1
data/processed/dogs/Dog_11905.jpg,1
data/processed/dogs/Dog_11906.jpg,1
data/processed/dogs/Dog_11907.jpg,1
data/processed/dogs/Dog_11909.jpg,1
data/processed/dogs/Dog_11910.jpg,1
data/processed/dogs/Dog_11912.jpg,1
data/processed/dogs/Dog_11914.jpg,1
data/processed/dogs/Dog_11915.jpg,1
data/processed/dogs/Dog_11916.jpg,1
data/processed/dogs/Dog_11917.jpg,1
data/processed/dogs/Dog_11918.jpg,1
data/processed/dogs/Dog_11919.jpg,1
data/processed/dogs/Dog_1192.jpg,1
data/processed/dogs/Dog_11920.jpg,1
data/processed/dogs/Dog_11921.jpg,1
data/processed/dogs/Dog_11922.jpg,1
data/processed/dogs/Dog_11923.jpg,1
data/processed/dogs/Dog_11924.jpg,1
data/processed/dogs/Dog_11925.jpg,1
data/processed/dogs/Dog_11926.jpg,1
data/processed/dogs/Dog_11927.jpg,1
data/processed/dogs/Dog_11928.jpg,1
data/processed/dogs/Dog_11929.jpg,1
data/processed/dogs/Dog_1193.jpg,1
data/processed/dogs/Dog_11930.jpg,1
data/processed/dogs/Dog_11931.jpg,1
data/processed/dogs/Dog_11932.jpg,1
data/processed/dogs/Dog_11933.jpg,1
data/processed/dogs/Dog_11934.jpg,1
data/processed/dogs/Dog_11935.jpg,1
data/processed/dogs/Dog_11936.jpg,1
data/processed/dogs/Dog_11937.jpg,1
data/processed/dogs/Dog_11939.jpg,1
data/processed/dogs/Dog_1194.jpg,1
data/processed/dogs/Dog_11940.jpg,1
data/processed/dogs/Dog_11941.jpg,1
data/processed/dogs/Dog_11942.jpg,1
data/processed/dogs/Dog_11943.jpg,1
data/processed/dogs/Dog_11944.jpg,1
data/processed/dogs/Dog_11947.jpg,1
data/processed/dogs/Dog_11948.jpg,1
data/processed/dogs/Dog_11949.jpg,1
data/processed/dogs/Dog_1195.jpg,1
data/processed/dogs/Dog_11950.jpg,1
data/processed/dogs/Dog_11952.jpg,1
data/processed/dogs/Dog_11953.jpg,1
data/processed/dogs/Dog_11954.jpg,1
data/processed/dogs/Dog_11955.jpg,1
data/processed/dogs/Dog_11956.jpg,1
data/processed/dogs/Dog_11957.jpg,1
data/processed/dogs/Dog_11958.jpg,1
data/processed/dogs/Dog_11959.jpg,1
data/processed/dogs/Dog_11960.jpg,1
data/processed/dogs/Dog_11962.jpg,1
data/processed/dogs/Dog_11963.jpg,1
data/processed/dogs/Dog_11964.jpg,1
data/processed/dogs/Dog_11965.jpg,1
data/processed/dogs/Dog_11967.jpg,1
data/processed/dogs/Dog_11968.jpg,1
data/processed/dogs/Dog_11969.jpg,1
data/processed/dogs/Dog_1197.jpg,1
data/processed/dogs/Dog_11970.jpg,1
data/processed/dogs/Dog_11971.jpg,1
data/processed/dogs/Dog_11972.jpg,1
data/processed/dogs/Dog_11973.jpg,1
data/processed/dogs/Dog_11974.jpg,1
data/processed/dogs/Dog_11975.jpg,1
data/processed/dogs/Dog_11976.jpg,1
data/processed/dogs/Dog_11977.jpg,1
data/processed/dogs/Dog_11978.jpg,1
data/processed/dogs/Dog_11979.jpg,1
data/processed/dogs/Dog_1198.jpg,1
data/processed/dogs/Dog_11980.jpg,1
data/processed/dogs/Dog_11983.jpg,1
data/processed/dogs/Dog_11985.jpg,1
data/processed/dogs/Dog_11986.jpg,1
data/processed/dogs/Dog_11987.jpg,1
data/processed/dogs/Dog_11988.jpg,1
data/processed/dogs/Dog_11989.jpg,1
data/processed/dogs/Dog_11990.jpg,1
data/processed/dogs/Dog_11991.jpg,1
data/processed/dogs/Dog_11993.jpg,1
data/processed/dogs/Dog_11994.jpg,1
data/processed/dogs/Dog_11996.jpg,1
data/processed/dogs/Dog_11997.jpg,1
data/processed/dogs/Dog_11998.jpg,1
data/processed/dogs/Dog_11999.jpg,1
data/processed/dogs/Dog_12.jpg,1
data/processed/dogs/Dog_120.jpg,1
data/processed/dogs/Dog_1200.jpg,1
data/processed/dogs/Dog_12000.jpg,1
data/processed/dogs/Dog_12001.jpg,1
data/processed/dogs/Dog_12003.jpg,1
data/processed/dogs/Dog_12004.jpg,1
data/processed/dogs/Dog_12006.jpg,1
data/processed/dogs/Dog_12008.jpg,1
data/processed/dogs/Dog_12009.jpg,1
data/processed/dogs/Dog_12010.jpg,1
data/processed/dogs/Dog_12011.jpg,1
data/processed/dogs/Dog_12012.jpg,1
data/processed/dogs/Dog_12013.jpg,1
data/processed/dogs/Dog_12014.jpg,1
data/processed/dogs/Dog_12015.jpg,1
data/processed/dogs/Dog_12016.jpg,1
data/processed/dogs/Dog_12017.jpg,1
data/processed/dogs/Dog_12018.jpg,1
data/processed/dogs/Dog_1202.jpg,1
data/processed/dogs/Dog_12020.jpg,1
data/processed/dogs/Dog_12022.jpg,1
data/processed/dogs/Dog_12023.jpg,1
data/processed/dogs/Dog_12024.jpg,1
data/processed/dogs/Dog_12025.jpg,1
data/processed/dogs/Dog_12026.jpg,1
data/processed/dogs/Dog_12027.jpg,1
data/processed/dogs/Dog_12029.jpg,1
data/processed/dogs/Dog_1203.jpg,1
data/processed/dogs/Dog_12030.jpg,1
data/processed/dogs/Dog_12031.jpg,1
data/processed/dogs/Dog_12033.jpg,1
data/processed/dogs/Dog_12035.jpg,1
data/processed/dogs/Dog_12036.jpg,1
data/processed/dogs/Dog_12037.jpg,1
data/processed/dogs/Dog_12038.jpg,1
data/processed/dogs/Dog_12040.jpg,1
data/processed/dogs/Dog_12041.jpg,1
data/processed/dogs/Dog_12042.jpg,1
data/processed/dogs/Dog_12043.jpg,1
data/processed/dogs/Dog_12044.jpg,1
data/processed/dogs/Dog_12045.jpg,1
data/processed/dogs/Dog_12047.jpg,1
data/processed/dogs/Dog_12048.jpg,1
data/processed/dogs/Dog_12049.jpg,1
data/processed/dogs/Dog_12050.jpg,1
data/processed/dogs/Dog_12051.jpg,1
data/processed/dogs/Dog_12052.jpg,1
data/processed/dogs/Dog_12053.jpg,1
data/processed/dogs/Dog_12054.jpg,1
data/processed/dogs/Dog_12055.jpg,1
data/processed/dogs/Dog_12056.jpg,1
data/processed/dogs/Dog_12058.jpg,1
data/processed/dogs/Dog_12059.jpg,1
data/processed/dogs/Dog_12061.jpg,1
data/processed/dogs/Dog_12062.jpg,1
data/processed/dogs/Dog_12063.jpg,1
data/processed/dogs/Dog_12065.jpg,1
data/processed/dogs/Dog_12066.jpg,1
data/processed/dogs/Dog_12067.jpg,1
data/processed/dogs/Dog_12068.jpg,1
data/processed/dogs/Dog_12069.jpg,1
data/processed/dogs/Dog_1207.jpg,1
data/processed/dogs/Dog_12072.jpg,1
data/processed/dogs/Dog_12074.jpg,1
data/processed/dogs/Dog_12075.jpg,1
data/processed/dogs/Dog_12077.jpg,1
data/processed/dogs/Dog_12078.jpg,1
data/processed/dogs/Dog_12079.jpg,1
data/processed/dogs/Dog_1208.jpg,1
data/processed/dogs/Dog_12080.jpg,1
data/processed/dogs/Dog_12081.jpg,1
data/processed/dogs/Dog_12082.jpg,1
data/processed/dogs/Dog_12083.jpg,1
data/processed/dogs/Dog_12085.jpg,1
data/processed/dogs/Dog_12087.jpg,1
data/processed/dogs/Dog_12088.jpg,1
data/processed/dogs/Dog_12089.jpg,1
data/processed/dogs/Dog_12090.jpg,1
data/processed/dogs/Dog_12091.jpg,1
data/processed/dogs/Dog_12092.jpg,1
data/processed/dogs/Dog_12093.jpg,1
data/processed/dogs/Dog_12094.jpg,1
data/processed/dogs/Dog_12095.jpg,1
data/processed/dogs/Dog_12097.jpg,1
data/processed/dogs/Dog_12099.jpg,1
data/processed/dogs/Dog_121.jpg,1
data/processed/dogs/Dog_1210.jpg,1
data/processed/dogs/Dog_12101.jpg,1
data/processed/dogs/Dog_12102.jpg,1
data/processed/dogs/Dog_12103.jpg,1
data/processed/dogs/Dog_12105.jpg,1
data/processed/dogs/Dog_12107.jpg,1
data/processed/dogs/Dog_12108.jpg,1
data/processed/dogs/Dog_12109.jpg,1
data/processed/dogs/Dog_1211.jpg,1
data/processed/dogs/Dog_12110.jpg,1
data/processed/dogs/Dog_12111.jpg,1
data/processed/dogs/Dog_12112.jpg,1
data/processed/dogs/Dog_12113.jpg,1
data/processed/dogs/Dog_12114.jpg,1
data/processed/dogs/Dog_12115.jpg,1
data/processed/dogs/Dog_12116.jpg,1
data/processed/dogs/Dog_12117.jpg,1
data/processed/dogs/Dog_12118.jpg,1
data/processed/dogs/Dog_1212.jpg,1
data/processed/dogs/Dog_12120.jpg,1
data/processed/dogs/Dog_12121.jpg,1
data/processed/dogs/Dog_12122.jpg,1
data/processed/dogs/Dog_12123.jpg,1
data/processed/dogs/Dog_12125.jpg,1
data/processed/dogs/Dog_12126.jpg,1
data/processed/dogs/Dog_12127.jpg,1
data/processed/dogs/Dog_12128.jpg,1
data/processed/dogs/Dog_12130.jpg,1
data/processed/dogs/Dog_12131.jpg,1
data/processed/dogs/Dog_12133.jpg,1
data/processed/dogs/Dog_12134.jpg,1
data/processed/dogs/Dog_12135.jpg,1
data/processed/dogs/Dog_12136.jpg,1
data/processed/dogs/Dog_12137.jpg,1
data/processed/dogs/Dog_12138.jpg,1
data/processed/dogs/Dog_12139.jpg,1
data/processed/dogs/Dog_1214.jpg,1
data/processed/dogs/Dog_12140.jpg,1
data/processed/dogs/Dog_12141.jpg,1
data/processed/dogs/Dog_12142.jpg,1
data/processed/dogs/Dog_12143.jpg,1
data/processed/dogs/Dog_12144.jpg,1
data/processed/dogs/Dog_12145.jpg,1
data/processed/dogs/Dog_12147.jpg,1
data/processed/dogs/Dog_12149.jpg,1
data/processed/dogs/Dog_12150.jpg,1
data/processed/dogs/Dog_12151.jpg,1
data/processed/dogs/Dog_12152.jpg,1
data/processed/dogs/Dog_12154.jpg,1
data/processed/dogs/Dog_12155.jpg,1
data/processed/dogs/Dog_12157.jpg,1
data/processed/dogs/Dog_12158.jpg,1
data/processed/dogs/Dog_1216.jpg,1
data/processed/dogs/Dog_12160.jpg,1
data/processed/dogs/Dog_12161.jpg,1
data/processed/dogs/Dog_12162.jpg,1
data/processed/dogs/Dog_12164.jpg,1
data/processed/dogs/Dog_12165.jpg,1
data/processed/dogs/Dog_12166.jpg,1
data/processed/dogs/Dog_12167.jpg,1
data/processed/dogs/Dog_12168.jpg,1
data/processed/dogs/Dog_12169.jpg,1
data/processed/dogs/Dog_1217.jpg,1
data/processed/dogs/Dog_12170.jpg,1
data/processed/dogs/Dog_12172.jpg,1
data/processed/dogs/Dog_12174.jpg,1
data/processed/dogs/Dog_12176.jpg,1
data/processed/dogs/Dog_12177.jpg,1
data/processed/dogs/Dog_12178.jpg,1
data/processed/dogs/Dog_1218.jpg,1
data/processed/dogs/Dog_12180.jpg,1
data/processed/dogs/Dog_12181.jpg,1
data/processed/dogs/Dog_12182.jpg,1
data/processed/dogs/Dog_12183.jpg,1
data/processed/dogs/Dog_12184.jpg,1
data/processed/dogs/Dog_12186.jpg,1
data/processed/dogs/Dog_12189.jpg,1
data/processed/dogs/Dog_1219.jpg,1
data/processed/dogs/Dog_12190.jpg,1
data/processed/dogs/Dog_12191.jpg,1
data/processed/dogs/Dog_12192.jpg,1
data/processed/dogs/Dog_12193.jpg,1
data/processed/dogs/Dog_12194.jpg,1
data/processed/dogs/Dog_12195.jpg,1
data/processed/dogs/Dog_12196.jpg,1
data/processed/dogs/Dog_12197.jpg,1
data/processed/dogs/Dog_12198.jpg,1
data/processed/dogs/Dog_12199.jpg,1
data/processed/dogs/Dog_1220.jpg,1
data/processed/dogs/Dog_12200.jpg,1
data/processed/dogs/Dog_12201.jpg,1
data/processed/dogs/Dog_12202.jpg,1
data/processed/dogs/Dog_12203.jpg,1
data/processed/dogs/Dog_12204.jpg,1
data/processed/dogs/Dog_12206.jpg,1
data/processed/dogs/Dog_12207.jpg,1
data/processed/dogs/Dog_12208.jpg,1
data/processed/dogs/Dog_12209.jpg,1
data/processed/dogs/Dog_1221.jpg,1
data/processed/dogs/Dog_12211.jpg,1
data/processed/dogs/Dog_12212.jpg,1
data/processed/dogs/Dog_12213.jpg,1
data/processed/dogs/Dog_12214.jpg,1
data/processed/dogs/Dog_12215.jpg,1
data/processed/dogs/Dog_12216.jpg,1
data/processed/dogs/Dog_12218.jpg,1
data/processed/dogs/Dog_12219.jpg,1
data/processed/dogs/Dog_1222.jpg,1
data/processed/dogs/Dog_12220.jpg,1
data/processed/dogs/Dog_12221.jpg,1
data/processed/dogs/Dog_12222.jpg,1
data/processed/dogs/Dog_12225.jpg,1
data/processed/dogs/Dog_12226.jpg,1
data/processed/dogs/Dog_12227.jpg,1
data/processed/dogs/Dog_1223.jpg,1
data/processed/dogs/Dog_12230.jpg,1
data/processed/dogs/Dog_12231.jpg,1
data/processed/dogs/Dog_12232.jpg,1
data/processed/dogs/Dog_12233.jpg,1
data/processed/dogs/Dog_12234.jpg,1
data/processed/dogs/Dog_12236.jpg,1
data/processed/dogs/Dog_12237.jpg,1
data/processed/dogs/Dog_12238.jpg,1
data/processed/dogs/Dog_1224.jpg,1
data/processed/dogs/Dog_12240.jpg,1
data/processed/dogs/Dog_12241.jpg,1
data/processed/dogs/Dog_12242.jpg,1
data/processed/dogs/Dog_12243.jpg,1
data/processed/dogs/Dog_12244.jpg,1
data/processed/dogs/Dog_12245.jpg,1
data/processed/dogs/Dog_12246.jpg,1
data/processed/dogs/Dog_12247.jpg,1
data/processed/dogs/Dog_12248.jpg,1
data/processed/dogs/Dog_12249.jpg,1
data/processed/dogs/Dog_1225.jpg,1
data/processed/dogs/Dog_12250.jpg,1
data/processed/dogs/Dog_12251.jpg,1
data/processed/dogs/Dog_12252.jpg,1
data/processed/dogs/Dog_12253.jpg,1
data/processed/dogs/Dog_12254.jpg,1
data/processed/dogs/Dog_12255.jpg,1
data/processed/dogs/Dog_12256.jpg,1
data/processed/dogs/Dog_12257.jpg,1
data/processed/dogs/Dog_12259.jpg,1
data/processed/dogs/Dog_1226.jpg,1
data/processed/dogs/Dog_12260.jpg,1
data/processed/dogs/Dog_12261.jpg,1
data/processed/dogs/Dog_12262.jpg,1
data/processed/dogs/Dog_12264.jpg,1
data/processed/dogs/Dog_12265.jpg,1
data/processed/dogs/Dog_12266.jpg,1
data/processed/dogs/Dog_12268.jpg,1
data/processed/dogs/Dog_12269.jpg,1
data/processed/dogs/Dog_1227.jpg,1
data/processed/dogs/Dog_12272.jpg,1
data/processed/dogs/Dog_12273.jpg,1
data/processed/dogs/Dog_12274.jpg,1
data/processed/dogs/Dog_12275.jpg,1
data/processed/dogs/Dog_12276.jpg,1
data/processed/dogs/Dog_12277.jpg,1
data/processed/dogs/Dog_12278.jpg,1
data/processed/dogs/Dog_12279.jpg,1
data/processed/dogs/Dog_1228.jpg,1
data/processed/dogs/Dog_12280.jpg,1
data/processed/dogs/Dog_12283.jpg,1
data/processed/dogs/Dog_12284.jpg,1
data/processed/dogs/Dog_12285.jpg,1
data/processed/dogs/Dog_12287.jpg,1
data/processed/dogs/Dog_12288.jpg,1
data/processed/dogs/Dog_12289.jpg,1
data/processed/dogs/Dog_1229.jpg,1
data/processed/dogs/Dog_12290.jpg,1
data/processed/dogs/Dog_12292.jpg,1
data/processed/dogs/Dog_12293.jpg,1
data/processed/dogs/Dog_12294.jpg,1
data/processed/dogs/Dog_12295.jpg,1
data/processed/dogs/Dog_12296.jpg,1
data/processed/dogs/Dog_12297.jpg,1
data/processed/dogs/Dog_12298.jpg,1
data/processed/dogs/Dog_12299.jpg,1
data/processed/dogs/Dog_123.jpg,1
data/processed/dogs/Dog_12300.jpg,1
data/processed/dogs/Dog_12301.jpg,1
data/processed/dogs/Dog_12302.jpg,1
data/processed/dogs/Dog_12305.jpg,1
data/processed/dogs/Dog_12306.jpg,1
data/processed/dogs/Dog_12307.jpg,1
data/processed/dogs/Dog_12309.jpg,1
data/processed/dogs/Dog_12311.jpg,1
data/processed/dogs/Dog_12312.jpg,1
data/processed/dogs/Dog_12313.jpg,1
data/processed/dogs/Dog_12314.jpg,1
data/processed/dogs/Dog_12315.jpg,1
data/processed/dogs/Dog_12316.jpg,1
data/processed/dogs/Dog_12317.jpg,1
data/processed/dogs/Dog_12318.jpg,1
data/processed/dogs/Dog_12319.jpg,1
data/processed/dogs/Dog_1232.jpg,1
data/processed/dogs/Dog_12320.jpg,1
data/processed/dogs/Dog_12321.jpg,1
data/processed/dogs/Dog_12322.jpg,1
data/processed/dogs/Dog_12323.jpg,1
data/processed/dogs/Dog_12324.jpg,1
data/processed/dogs/Dog_12326.jpg,1
data/processed/dogs/Dog_12327.jpg,1
data/processed/dogs/Dog_12328.jpg,1
data/processed/dogs/Dog_12329.jpg,1
data/processed/dogs/Dog_12330.jpg,1
data/processed/dogs/Dog_12331.jpg,1
data/processed/dogs/Dog_12332.jpg,1
data/processed/dogs/Dog_12333.jpg,1
data/processed/dogs/Dog_12334.jpg,1
data/processed/dogs/Dog_12335.jpg,1
data/processed/dogs/Dog_12337.jpg,1
data/processed/dogs/Dog_12338.jpg,1
data/processed/dogs/Dog_12339.jpg,1
data/processed/dogs/Dog_1234.jpg,1
data/processed/dogs/Dog_12340.jpg,1
data/processed/dogs/Dog_12341.jpg,1
data/processed/dogs/Dog_12342.jpg,1
data/processed/dogs/Dog_12344.jpg,1
data/processed/dogs/Dog_12345.jpg,1
data/processed/dogs/Dog_12346.jpg,1
data/processed/dogs/Dog_12347.jpg,1
data/processed/dogs/Dog_12348.jpg,1
data/processed/dogs/Dog_12350.jpg,1
data/processed/dogs/Dog_12352.jpg,1
data/processed/dogs/Dog_12353.jpg,1
data/processed/dogs/Dog_12354.jpg,1
data/processed/dogs/Dog_12355.jpg,1
data/processed/dogs/Dog_12356.jpg,1
data/processed/dogs/Dog_12357.jpg,1
data/processed/dogs/Dog_12358.jpg,1
data/processed/dogs/Dog_12359.jpg,1
data/processed/dogs/Dog_1236.jpg,1
data/processed/dogs/Dog_12360.jpg,1
data/processed/dogs/Dog_12361.jpg,1
data/processed/dogs/Dog_12362.jpg,1
data/processed/dogs/Dog_12364.jpg,1
data/processed/dogs/Dog_12367.jpg,1
data/processed/dogs/Dog_12369.jpg,1
data/processed/dogs/Dog_1237.jpg,1
data/processed/dogs/Dog_12370.jpg,1
data/processed/dogs/Dog_12371.jpg,1
data/processed/dogs/Dog_12372.jpg,1
data/processed/dogs/Dog_12373.jpg,1
data/processed/dogs/Dog_12374.jpg,1
data/processed/dogs/Dog_12375.jpg,1
data/processed/dogs/Dog_12376.jpg,1
data/processed/dogs/Dog_12377.jpg,1
data/processed/dogs/Dog_12378.jpg,1
data/processed/dogs/Dog_12379.jpg,1
data/processed/dogs/Dog_12380.jpg,1
data/processed/dogs/Dog_12381.jpg,1
data/processed/dogs/Dog_12382.jpg,1
data/processed/dogs/Dog_12383.jpg,1
data/processed/dogs/Dog_12384.jpg,1
data/processed/dogs/Dog_12385.jpg,1
data/processed/dogs/Dog_12387.jpg,1
data/processed/dogs/Dog_12388.jpg,1
data/processed/dogs/Dog_12389.jpg,1
data/processed/dogs/Dog_1239.jpg,1
data/processed/dogs/Dog_12390.jpg,1
data/processed/dogs/Dog_12391.jpg,1
data/processed/dogs/Dog_12392.jpg,1
data/processed/dogs/Dog_12393.jpg,1
data/processed/dogs/Dog_12394.jpg,1
data/processed/dogs/Dog_12396.jpg,1
data/processed/dogs/Dog_12399.jpg,1
data/processed/dogs/Dog_124.jpg,1
data/processed/dogs/Dog_1240.jpg,1
data/processed/dogs/Dog_12400.jpg,1
data/processed/dogs/Dog_12401.jpg,1
data/processed/dogs/Dog_12404.jpg,1
data/processed/dogs/Dog_12406.jpg,1
data/processed/dogs/Dog_12407.jpg,1
data/processed/dogs/Dog_12408.jpg,1
data/processed/dogs/Dog_1241.jpg,1
data/processed/dogs/Dog_12410.jpg,1
data/processed/dogs/Dog_12412.jpg,1
data/processed/dogs/Dog_12413.jpg,1
data/processed/dogs/Dog_12415.jpg,1
data/processed/dogs/Dog_12416.jpg,1
data/processed/dogs/Dog_12417.jpg,1
data/processed/dogs/Dog_12418.jpg,1
data/processed/dogs/Dog_12419.jpg,1
data/processed/dogs/Dog_1242.jpg,1
data/processed/dogs/Dog_12421.jpg,1
data/processed/dogs/Dog_12422.jpg,1
data/processed/dogs/Dog_12423.jpg,1
data/processed/dogs/Dog_12425.jpg,1
data/processed/dogs/Dog_12426.jpg,1
data/processed/dogs/Dog_12427.jpg,1
data/processed/dogs/Dog_12428.jpg,1
data/processed/dogs/Dog_12429.jpg,1
data/processed/dogs/Dog_1243.jpg,1
data/processed/dogs/Dog_12430.jpg,1
data/processed/dogs/Dog_12431.jpg,1
data/processed/dogs/Dog_12432.jpg,1
data/processed/dogs/Dog_12433.jpg,1
data/processed/dogs/Dog_12434.jpg,1
data/processed/dogs/Dog_12436.jpg,1
data/processed/dogs/Dog_12437.jpg,1
data/processed/dogs/Dog_12438.jpg,1
data/processed/dogs/Dog_12439.jpg,1
data/processed/dogs/Dog_12440.jpg,1
data/processed/dogs/Dog_12441.jpg,1
data/processed/dogs/Dog_12442.jpg,1
data/processed/dogs/Dog_12443.jpg,1
data/processed/dogs/Dog_12444.jpg,1
data/processed/dogs/Dog_12445.jpg,1
data/processed/dogs/Dog_12446.jpg,1
data/processed/dogs/Dog_12447.jpg,1
data/processed/dogs/Dog_12448.jpg,1
data/processed/dogs/Dog_12449.jpg,1
data/processed/dogs/Dog_1245.jpg,1
data/processed/dogs/Dog_12450.jpg,1
data/processed/dogs/Dog_12451.jpg,1
data/processed/dogs/Dog_12452.jpg,1
data/processed/dogs/Dog_12453.jpg,1
data/processed/dogs/Dog_12454.jpg,1
data/processed/dogs/Dog_12455.jpg,1
data/processed/dogs/Dog_12456.jpg,1
data/processed/dogs/Dog_12457.jpg,1
data/processed/dogs/Dog_12458.jpg,1
data/processed/dogs/Dog_12459.jpg,1
data/processed/dogs/Dog_1246.jpg,1
data/processed/dogs/Dog_12460.jpg,1
data/processed/dogs/Dog_12461.jpg,1
data/processed/dogs/Dog_12463.jpg,1
data/processed/dogs/Dog_12464.jpg,1
data/processed/dogs/Dog_12465.jpg,1
data/processed/dogs/Dog_12466.jpg,1
data/processed/dogs/Dog_12467.jpg,1
data/processed/dogs/Dog_12468.jpg,1
data/processed/dogs/Dog_1247.jpg,1
data/processed/dogs/Dog_12470.jpg,1
data/processed/dogs/Dog_12471.jpg,1
data/processed/dogs/Dog_12472.jpg,1
data/processed/dogs/Dog_12473.jpg,1
data/processed/dogs/Dog_12474.jpg,1
data/processed/dogs/Dog_12475.jpg,1
data/processed/dogs/Dog_12476.jpg,1
data/processed/dogs/Dog_12477.jpg,1
data/processed/dogs/Dog_12479.jpg,1
data/processed/dogs/Dog_1248.jpg,1
data/processed/dogs/Dog_12480.jpg,1
data/processed/dogs/Dog_12481.jpg,1
data/processed/dogs/Dog_12482.jpg,1
data/processed/dogs/Dog_12483.jpg,1
data/processed/dogs/Dog_12484.jpg,1
data/processed/dogs/Dog_12485.jpg,1
data/processed/dogs/Dog_12486.jpg,1
data/processed/dogs/Dog_12488.jpg,1
data/processed/dogs/Dog_12489.jpg,1
data/processed/dogs/Dog_1249.jpg,1
data/processed/dogs/Dog_12491.jpg,1
data/processed/dogs/Dog_12492.jpg,1
data/processed/dogs/Dog_12493.jpg,1
data/processed/dogs/Dog_12494.jpg,1
data/processed/dogs/Dog_12495.jpg,1
data/processed/dogs/Dog_12497.jpg,1
data/processed/dogs/Dog_12498.jpg,1
data/processed/dogs/Dog_12499.jpg,1
data/processed/dogs/Dog_1251.jpg,1
data/processed/dogs/Dog_1252.jpg,1
data/processed/dogs/Dog_1253.jpg,1
data/processed/dogs/Dog_1254.jpg,1
data/processed/dogs/Dog_1255.jpg,1
data/processed/dogs/Dog_1259.jpg,1
data/processed/dogs/Dog_126.jpg,1
data/processed/dogs/Dog_1262.jpg,1
data/processed/dogs/Dog_1263.jpg,1
data/processed/dogs/Dog_1264.jpg,1
data/processed/dogs/Dog_1265.jpg,1
data/processed/dogs/Dog_1266.jpg,1
data/processed/dogs/Dog_1268.jpg,1
data/processed/dogs/Dog_127.jpg,1
data/processed/dogs/Dog_1270.jpg,1
data/processed/dogs/Dog_1271.jpg,1
data/processed/dogs/Dog_1272.jpg,1
data/processed/dogs/Dog_1273.jpg,1
data/processed/dogs/Dog_1274.jpg,1
data/processed/dogs/Dog_1275.jpg,1
data/processed/dogs/Dog_1278.jpg,1
data/processed/dogs/Dog_128.jpg,1
data/processed/dogs/Dog_1280.jpg,1
data/processed/dogs/Dog_1281.jpg,1
data/processed/dogs/Dog_1282.jpg,1
data/processed/dogs/Dog_1285.jpg,1
data/processed/dogs/Dog_1286.jpg,1
data/processed/dogs/Dog_1288.jpg,1
data/processed/dogs/Dog_1290.jpg,1
data/processed/dogs/Dog_1291.jpg,1
data/processed/dogs/Dog_1292.jpg,1
data/processed/dogs/Dog_1294.jpg,1
data/processed/dogs/Dog_1295.jpg,1
data/processed/dogs/Dog_1296.jpg,1
data/processed/dogs/Dog_1297.jpg,1
data/processed/dogs/Dog_1298.jpg,1
data/processed/dogs/Dog_1299.jpg,1
data/processed/dogs/Dog_1300.jpg,1
data/processed/dogs/Dog_1302.jpg,1
data/processed/dogs/Dog_1303.jpg,1
data/processed/dogs/Dog_1306.jpg,1
data/processed/dogs/Dog_1307.jpg,1
data/processed/dogs/Dog_1308.jpg,1
data/processed/dogs/Dog_1309.jpg,1
data/processed/dogs/Dog_1310.jpg,1
data/processed/dogs/Dog_1311.jpg,1
data/processed/dogs/Dog_1312.jpg,1
data/processed/dogs/Dog_1313.jpg,1
data/processed/dogs/Dog_1314.jpg,1
data/processed/dogs/Dog_1317.jpg,1
data/processed/dogs/Dog_1318.jpg,1
data/processed/dogs/Dog_1319.jpg,1
data/processed/dogs/Dog_132.jpg,1
data/processed/dogs/Dog_1320.jpg,1
data/processed/dogs/Dog_1321.jpg,1
data/processed/dogs/Dog_1322.jpg,1
data/processed/dogs/Dog_1324.jpg,1
data/processed/dogs/Dog_1325.jpg,1
data/processed/dogs/Dog_1326.jpg,1
data/processed/dogs/Dog_1327.jpg,1
data/processed/dogs/Dog_1328.jpg,1
data/processed/dogs/Dog_1329.jpg,1
data/processed/dogs/Dog_133.jpg,1
data/processed/dogs/Dog_1330.jpg,1
data/processed/dogs/Dog_1331.jpg,1
data/processed/dogs/Dog_1332.jpg,1
data/processed/dogs/Dog_1333.jpg,1
data/processed/dogs/Dog_1334.jpg,1
data/processed/dogs/Dog_1335.jpg,1
data/processed/dogs/Dog_1336.jpg,1
data/processed/dogs/Dog_1337.jpg,1
data/processed/dogs/Dog_1338.jpg,1
data/processed/dogs/Dog_1339.jpg,1
data/processed/dogs/Dog_134.jpg,1
data/processed/dogs/Dog_1340.jpg,1
data/processed/dogs/Dog_1341.jpg,1
data/processed/dogs/Dog_1343.jpg,1
data/processed/dogs/Dog_1344.jpg,1
data/processed/dogs/Dog_1345.jpg,1
data/processed/dogs/Dog_1346.jpg,1
data/processed/dogs/Dog_1347.jpg,1
data/processed/dogs/Dog_1348.jpg,1
data/processed/dogs/Dog_1349.jpg,1
data/processed/dogs/Dog_135.jpg,1
data/processed/dogs/Dog_1350.jpg,1
data/processed/dogs/Dog_1351.jpg,1
data/processed/dogs/Dog_1352.jpg,1
data/processed/dogs/Dog_1353.jpg,1
data/processed/dogs/Dog_1354.jpg,1
data/processed/dogs/Dog_1356.jpg,1
data/processed/dogs/Dog_1357.jpg,1
data/processed/dogs/Dog_1359.jpg,1
data/processed/dogs/Dog_136.jpg,1
data/processed/dogs/Dog_1360.jpg,1
data/processed/dogs/Dog_1362.jpg,1
data/processed/dogs/Dog_1363.jpg,1
data/processed/dogs/Dog_1364.jpg,1
data/processed/dogs/Dog_1365.jpg,1
data/processed/dogs/Dog_1366.jpg,1
data/processed/dogs/Dog_1367.jpg,1
data/processed/dogs/Dog_1368.jpg,1
data/processed/dogs/Dog_1369.jpg,1
data/processed/dogs/Dog_137.jpg,1
data/processed/dogs/Dog_1370.jpg,1
data/processed/dogs/Dog_1371.jpg,1
data/processed/dogs/Dog_1372.jpg,1
data/processed/dogs/Dog_1373.jpg,1
data/processed/dogs/Dog_1374.jpg,1
data/processed/dogs/Dog_1375.jpg,1
data/processed/dogs/Dog_1376.jpg,1
data/processed/dogs/Dog_1377.jpg,1
data/processed/dogs/Dog_1379.jpg,1
data/processed/dogs/Dog_138.jpg,1
data/processed/dogs/Dog_1383.jpg,1
data/processed/dogs/Dog_1384.jpg,1
data/processed/dogs/Dog_1385.jpg,1
data/processed/dogs/Dog_1386.jpg,1
data/processed/dogs/Dog_1387.jpg,1
data/processed/dogs/Dog_1388.jpg,1
data/processed/dogs/Dog_1389.jpg,1
data/processed/dogs/Dog_139.jpg,1
data/processed/dogs/Dog_1390.jpg,1
data/processed/dogs/Dog_1391.jpg,1
data/processed/dogs/Dog_1392.jpg,1
data/processed/dogs/Dog_1393.jpg,1
data/processed/dogs/Dog_1394.jpg,1
data/processed/dogs/Dog_1397.jpg,1
data/processed/dogs/Dog_1398.jpg,1
data/processed/dogs/Dog_1399.jpg,1
data/processed/dogs/Dog_140.jpg,1
data/processed/dogs/Dog_1400.jpg,1
data/processed/dogs/Dog_1401.jpg,1
data/processed/dogs/Dog_1402.jpg,1
data/processed/dogs/Dog_1403.jpg,1
data/processed/dogs/Dog_1404.jpg,1
data/processed/dogs/Dog_1406.jpg,1
data/processed/dogs/Dog_1407.jpg,1
data/processed/dogs/Dog_1408.jpg,1
data/processed/dogs/Dog_1409.jpg,1
data/processed/dogs/Dog_1410.jpg,1
data/processed/dogs/Dog_1411.jpg,1
data/processed/dogs/Dog_1412.jpg,1
data/processed/dogs/Dog_1413.jpg,1
data/processed/dogs/Dog_1414.jpg,1
data/processed/dogs/Dog_1415.jpg,1
data/processed/dogs/Dog_1416.jpg,1
data/processed/dogs/Dog_1417.jpg,1
data/processed/dogs/Dog_1418.jpg,1
data/processed/dogs/Dog_1419.jpg,1
data/processed/dogs/Dog_142.jpg,1
data/processed/dogs/Dog_1420.jpg,1
data/processed/dogs/Dog_1421.jpg,1
data/processed/dogs/Dog_1423.jpg,1
data/processed/dogs/Dog_1424.jpg,1
data/processed/dogs/Dog_1425.jpg,1
data/processed/dogs/Dog_1426.jpg,1
data/processed/dogs/Dog_143.jpg,1
data/processed/dogs/Dog_1430.jpg,1
data/processed/dogs/Dog_1431.jpg,1
data/processed/dogs/Dog_1432.jpg,1
data/processed/dogs/Dog_1433.jpg,1
data/processed/dogs/Dog_1434.jpg,1
data/processed/dogs/Dog_1435.jpg,1
data/processed/dogs/Dog_1436.jpg,1
data/processed/dogs/Dog_1437.jpg,1
data/processed/dogs/Dog_1438.jpg,1
data/processed/dogs/Dog_1439.jpg,1
data/processed/dogs/Dog_144.jpg,1
data/processed/dogs/Dog_1440.jpg,1
data/processed/dogs/Dog_1441.jpg,1
data/processed/dogs/Dog_1442.jpg,1
data/processed/dogs/Dog_1444.jpg,1
data/processed/dogs/Dog_1446.jpg,1
data/processed/dogs/Dog_1447.jpg,1
data/processed/dogs/Dog_1448.jpg,1
data/processed/dogs/Dog_1449.jpg,1
data/processed/dogs/Dog_145.jpg,1
data/processed/dogs/Dog_1450.jpg,1
data/processed/dogs/Dog_1451.jpg,1
data/processed/dogs/Dog_1452.jpg,1
data/processed/dogs/Dog_1453.jpg,1
data/processed/dogs/Dog_1454.jpg,1
data/processed/dogs/Dog_1456.jpg,1
data/processed/dogs/Dog_1457.jpg,1
data/processed/dogs/Dog_1459.jpg,1
data/processed/dogs/Dog_146.jpg,1
data/processed/dogs/Dog_1461.jpg,1
data/processed/dogs/Dog_1462.jpg,1
data/processed/dogs/Dog_1463.jpg,1
data/processed/dogs/Dog_1464.jpg,1
data/processed/dogs/Dog_1465.jpg,1
data/processed/dogs/Dog_1466.jpg,1
data/processed/dogs/Dog_1467.jpg,1
data/processed/dogs/Dog_147.jpg,1
data/processed/dogs/Dog_1470.jpg,1
data/processed/dogs/Dog_1471.jpg,1
data/processed/dogs/Dog_1472.jpg,1
data/processed/dogs/Dog_1473.jpg,1
data/processed/dogs/Dog_1474.jpg,1
data/processed/dogs/Dog_1477.jpg,1
data/processed/dogs/Dog_1479.jpg,1
data/processed/dogs/Dog_1480.jpg,1
data/processed/dogs/Dog_1481.jpg,1
data/processed/dogs/Dog_1482.jpg,1
data/processed/dogs/Dog_1483.jpg,1
data/processed/dogs/Dog_1484.jpg,1
data/processed/dogs/Dog_1485.jpg,1
data/processed/dogs/Dog_1486.jpg,1
data/processed/dogs/Dog_1488.jpg,1
data/processed/dogs/Dog_1489.jpg,1
data/processed/dogs/Dog_149.jpg,1
data/processed/dogs/Dog_1491.jpg,1
data/processed/dogs/Dog_1492.jpg,1
data/processed/dogs/Dog_1494.jpg,1
data/processed/dogs/Dog_1495.jpg,1
data/processed/dogs/Dog_1497.jpg,1
data/processed/dogs/Dog_1498.jpg,1
data/processed/dogs/Dog_1500.jpg,1
data/processed/dogs/Dog_1501.jpg,1
data/processed/dogs/Dog_1502.jpg,1
data/processed/dogs/Dog_1503.jpg,1
data/processed/dogs/Dog_1504.jpg,1
data/processed/dogs/Dog_1506.jpg,1
data/processed/dogs/Dog_1507.jpg,1
data/processed/dogs/Dog_1508.jpg,1
data/processed/dogs/Dog_1509.jpg,1
data/processed/dogs/Dog_151.jpg,1
data/processed/dogs/Dog_1510.jpg,1
data/processed/dogs/Dog_1511.jpg,1
data/processed/dogs/Dog_1513.jpg,1
data/processed/dogs/Dog_1514.jpg,1
data/processed/dogs/Dog_1515.jpg,1
data/processed/dogs/Dog_1517.jpg,1
data/processed/dogs/Dog_1518.jpg,1
data/processed/dogs/Dog_1519.jpg,1
data/processed/dogs/Dog_152.jpg,1
data/processed/dogs/Dog_1520.jpg,1
data/processed/dogs/Dog_1522.jpg,1
data/processed/dogs/Dog_1523.jpg,1
data/processed/dogs/Dog_1524.jpg,1
data/processed/dogs/Dog_1525.jpg,1
data/processed/dogs/Dog_1526.jpg,1
data/processed/dogs/Dog_1528.jpg,1
data/processed/dogs/Dog_1529.jpg,1
data/processed/dogs/Dog_1530.jpg,1
data/processed/dogs/Dog_1531.jpg,1
data/processed/dogs/Dog_1532.jpg,1
data/processed/dogs/Dog_1533.jpg,1
data/processed/dogs/Dog_1535.jpg,1
data/processed/dogs/Dog_1539.jpg,1
data/processed/dogs/Dog_1540.jpg,1
data/processed/dogs/Dog_1541.jpg,1
data/processed/dogs/Dog_1542.jpg,1
data/processed/dogs/Dog_1543.jpg,1
data/processed/dogs/Dog_1544.jpg,1
data/processed/dogs/Dog_1545.jpg,1
data/processed/dogs/Dog_1546.jpg,1
data/processed/dogs/Dog_1547.jpg,1
data/processed/dogs/Dog_1548.jpg,1
data/processed/dogs/Dog_1549.jpg,1
data/processed/dogs/Dog_155.jpg,1
data/processed/dogs/Dog_1550.jpg,1
data/processed/dogs/Dog_1551.jpg,1
data/processed/dogs/Dog_1552.jpg,1
data/processed/dogs/Dog_1553.jpg,1
data/processed/dogs/Dog_1554.jpg,1
data/processed/dogs/Dog_1555.jpg,1
data/processed/dogs/Dog_1556.jpg,1
data/processed/dogs/Dog_1557.jpg,1
data/processed/dogs/Dog_1558.jpg,1
data/processed/dogs/Dog_1559.jpg,1
data/processed/dogs/Dog_1561.jpg,1
data/processed/dogs/Dog_1563.jpg,1
data/processed/dogs/Dog_1564.jpg,1
data/processed/dogs/Dog_1565.jpg,1
data/processed/dogs/Dog_1566.jpg,1
data/processed/dogs/Dog_1567.jpg,1
data/processed/dogs/Dog_1569.jpg,1
data/processed/dogs/Dog_157.jpg,1
data/processed/dogs/Dog_1570.jpg,1
data/processed/dogs/Dog_1572.jpg,1
data/processed/dogs/Dog_1573.jpg,1
data/processed/dogs/Dog_1574.jpg,1
data/processed/dogs/Dog_1575.jpg,1
data/processed/dogs/Dog_1576.jpg,1
data/processed/dogs/Dog_1577.jpg,1
data/processed/dogs/Dog_1578.jpg,1
data/processed/dogs/Dog_1579.jpg,1
data/processed/dogs/Dog_1580.jpg,1
data/processed/dogs/Dog_1581.jpg,1
data/processed/dogs/Dog_1582.jpg,1
data/processed/dogs/Dog_1583.jpg,1
data/processed/dogs/Dog_1584.jpg,1
data/processed/dogs/Dog_1585.jpg,1
data/processed/dogs/Dog_1586.jpg,1
data/processed/dogs/Dog_1587.jpg,1
data/processed/dogs/Dog_1589.jpg,1
data/processed/dogs/Dog_159.jpg,1
data/processed/dogs/Dog_1590.jpg,1
data/processed/dogs/Dog_1591.jpg,1
data/processed/dogs/Dog_1592.jpg,1
data/processed/dogs/Dog_1593.jpg,1
data/processed/dogs/Dog_1594.jpg,1
data/processed/dogs/Dog_1595.jpg,1
data/processed/dogs/Dog_1597.jpg,1
data/processed/dogs/Dog_1598.jpg,1
data/processed/dogs/Dog_1599.jpg,1
data/processed/dogs/Dog_16.jpg,1
data/processed/dogs/Dog_160.jpg,1
data/processed/dogs/Dog_1600.jpg,1
data/processed/dogs/Dog_1601.jpg,1
data/processed/dogs/Dog_1602.jpg,1
data/processed/dogs/Dog_1603.jpg,1
data/processed/dogs/Dog_1604.jpg,1
data/processed/dogs/Dog_1605.jpg,1
data/processed/dogs/Dog_1606.jpg,1
data/processed/dogs/Dog_1607.jpg,1
data/processed/dogs/Dog_1608.jpg,1
data/processed/dogs/Dog_1609.jpg,1
data/processed/dogs/Dog_161.jpg,1
data/processed/dogs/Dog_1610.jpg,1
data/processed/dogs/Dog_1611.jpg,1
data/processed/dogs/Dog_1613.jpg,1
data/processed/dogs/Dog_1614.jpg,1
data/processed/dogs/Dog_1615.jpg,1
data/processed/dogs/Dog_1616.jpg,1
data/processed/dogs/Dog_1617.jpg,1
data/processed/dogs/Dog_1619.jpg,1
data/processed/dogs/Dog_162.jpg,1
data/processed/dogs/Dog_1620.jpg,1
data/processed/dogs/Dog_1622.jpg,1
data/processed/dogs/Dog_1623.jpg,1
data/processed/dogs/Dog_1625.jpg,1
data/processed/dogs/Dog_1626.jpg,1
data/processed/dogs/Dog_1627.jpg,1
data/processed/dogs/Dog_1629.jpg,1
data/processed/dogs/Dog_1630.jpg,1
data/processed/dogs/Dog_1631.jpg,1
data/processed/dogs/Dog_1632.jpg,1
data/processed/dogs/Dog_1635.jpg,1
data/processed/dogs/Dog_1636.jpg,1
data/processed/dogs/Dog_1637.jpg,1
data/processed/dogs/Dog_1638.jpg,1
data/processed/dogs/Dog_1639.jpg,1
data/processed/dogs/Dog_1640.jpg,1
data/processed/dogs/Dog_1641.jpg,1
data/processed/dogs/Dog_1642.jpg,1
data/processed/dogs/Dog_1643.jpg,1
data/processed/dogs/Dog_1645.jpg,1
data/processed/dogs/Dog_1646.jpg,1
data/processed/dogs/Dog_1647.jpg,1
data/processed/dogs/Dog_1649.jpg,1
data/processed/dogs/Dog_165.jpg,1
data/processed/dogs/Dog_1650.jpg,1
data/processed/dogs/Dog_1651.jpg,1
data/processed/dogs/Dog_1652.jpg,1
data/processed/dogs/Dog_1653.jpg,1
data/processed/dogs/Dog_1654.jpg,1
data/processed/dogs/Dog_1655.jpg,1
data/processed/dogs/Dog_1656.jpg,1
data/processed/dogs/Dog_1657.jpg,1
data/processed/dogs/Dog_1659.jpg,1
data/processed/dogs/Dog_166.jpg,1
data/processed/dogs/Dog_1660.jpg,1
data/processed/dogs/Dog_1661.jpg,1
data/processed/dogs/Dog_1662.jpg,1
data/processed/dogs/Dog_1665.jpg,1
data/processed/dogs/Dog_1666.jpg,1
data/processed/dogs/Dog_1667.jpg,1
data/processed/dogs/Dog_1668.jpg,1
data/processed/dogs/Dog_1669.jpg,1
data/processed/dogs/Dog_167.jpg,1
data/processed/dogs/Dog_1670.jpg,1
data/processed/dogs/Dog_1672.jpg,1
data/processed/dogs/Dog_1673.jpg,1
data/processed/dogs/Dog_1674.jpg,1
data/processed/dogs/Dog_1675.jpg,1
data/processed/dogs/Dog_1676.jpg,1
data/processed/dogs/Dog_1677.jpg,1
data/processed/dogs/Dog_1678.jpg,1
data/processed/dogs/Dog_168.jpg,1
data/processed/dogs/Dog_1681.jpg,1
data/processed/dogs/Dog_1682.jpg,1
data/processed/dogs/Dog_1684.jpg,1
data/processed/dogs/Dog_1685.jpg,1
data/processed/dogs/Dog_1686.jpg,1
data/processed/dogs/Dog_1687.jpg,1
data/processed/dogs/Dog_1688.jpg,1
data/processed/dogs/Dog_1689.jpg,1
data/processed/dogs/Dog_169.jpg,1
data/processed/dogs/Dog_1690.jpg,1
data/processed/dogs/Dog_1691.jpg,1
data/processed/dogs/Dog_1692.jpg,1
data/processed/dogs/Dog_1693.jpg,1
data/processed/dogs/Dog_1694.jpg,1
data/processed/dogs/Dog_1696.jpg,1
data/processed/dogs/Dog_1698.jpg,1
data/processed/dogs/Dog_1699.jpg,1
data/processed/dogs/Dog_17.jpg,1
data/processed/dogs/Dog_170.jpg,1
data/processed/dogs/Dog_1701.jpg,1
data/processed/dogs/Dog_1702.jpg,1
data/processed/dogs/Dog_1704.jpg,1
data/processed/dogs/Dog_1706.jpg,1
data/processed/dogs/Dog_1707.jpg,1
data/processed/dogs/Dog_1708.jpg,1
data/processed/dogs/Dog_1709.jpg,1
data/processed/dogs/Dog_1711.jpg,1
data/processed/dogs/Dog_1712.jpg,1
data/processed/dogs/Dog_1713.jpg,1
data/processed/dogs/Dog_1714.jpg,1
data/processed/dogs/Dog_1715.jpg,1
data/processed/dogs/Dog_1717.jpg,1
data/processed/dogs/Dog_1719.jpg,1
data/processed/dogs/Dog_172.jpg,1
data/processed/dogs/Dog_1720.jpg,1
data/processed/dogs/Dog_1721.jpg,1
data/processed/dogs/Dog_1722.jpg,1
data/processed/dogs/Dog_1723.jpg,1
data/processed/dogs/Dog_1724.jpg,1
data/processed/dogs/Dog_1726.jpg,1
data/processed/dogs/Dog_1727.jpg,1
data/processed/dogs/Dog_1728.jpg,1
data/processed/dogs/Dog_1729.jpg,1
data/processed/dogs/Dog_1730.jpg,1
data/processed/dogs/Dog_1731.jpg,1
data/processed/dogs/Dog_1732.jpg,1
data/processed/dogs/Dog_1733.jpg,1
data/processed/dogs/Dog_1734.jpg,1
data/processed/dogs/Dog_1735.jpg,1
data/processed/dogs/Dog_1737.jpg,1
data/processed/dogs/Dog_1738.jpg,1
data/processed/dogs/Dog_174.jpg,1
data/processed/dogs/Dog_1742.jpg,1
data/processed/dogs/Dog_1743.jpg,1
data/processed/dogs/Dog_1744.jpg,1
data/processed/dogs/Dog_1745.jpg,1
data/processed/dogs/Dog_1747.jpg,1
data/processed/dogs/Dog_1749.jpg,1
data/processed/dogs/Dog_175.jpg,1
data/processed/dogs/Dog_1750.jpg,1
data/processed/dogs/Dog_1751.jpg,1
data/processed/dogs/Dog_1752.jpg,1
data/processed/dogs/Dog_1754.jpg,1
data/processed/dogs/Dog_1755.jpg,1
data/processed/dogs/Dog_1756.jpg,1
data/processed/dogs/Dog_1759.jpg,1
data/processed/dogs/Dog_176.jpg,1
data/processed/dogs/Dog_1760.jpg,1
data/processed/dogs/Dog_1761.jpg,1
data/processed/dogs/Dog_1762.jpg,1
data/processed/dogs/Dog_1763.jpg,1
data/processed/dogs/Dog_1764.jpg,1
data/processed/dogs/Dog_1765.jpg,1
data/processed/dogs/Dog_1766.jpg,1
data/processed/dogs/Dog_1767.jpg,1
data/processed/dogs/Dog_1768.jpg,1
data/processed/dogs/Dog_177.jpg,1
data/processed/dogs/Dog_1770.jpg,1
data/processed/dogs/Dog_1772.jpg,1
data/processed/dogs/Dog_1774.jpg,1
data/processed/dogs/Dog_1775.jpg,1
data/processed/dogs/Dog_1776.jpg,1
data/processed/dogs/Dog_1778.jpg,1
data/processed/dogs/Dog_1779.jpg,1
data/processed/dogs/Dog_178.jpg,1
data/processed/dogs/Dog_1780.jpg,1
data/processed/dogs/Dog_1781.jpg,1
data/processed/dogs/Dog_1782.jpg,1
data/processed/dogs/Dog_1784.jpg,1
data/processed/dogs/Dog_1785.jpg,1
data/processed/dogs/Dog_1786.jpg,1
data/processed/dogs/Dog_1787.jpg,1
data/processed/dogs/Dog_1788.jpg,1
data/processed/dogs/Dog_179.jpg,1
data/processed/dogs/Dog_1790.jpg,1
data/processed/dogs/Dog_1791.jpg,1
data/processed/dogs/Dog_1792.jpg,1
data/processed/dogs/Dog_1793.jpg,1
data/processed/dogs/Dog_1794.jpg,1
data/processed/dogs/Dog_1795.jpg,1
data/processed/dogs/Dog_1796.jpg,1
data/processed/dogs/Dog_1797.jpg,1
data/processed/dogs/Dog_1798.jpg,1
data/processed/dogs/Dog_1799.jpg,1
data/processed/dogs/Dog_18.jpg,1
data/processed/dogs/Dog_180.jpg,1
data/processed/dogs/Dog_1800.jpg,1
data/processed/dogs/Dog_1802.jpg,1
data/processed/dogs/Dog_1803.jpg,1
data/processed/dogs/Dog_1804.jpg,1
data/processed/dogs/Dog_1805.jpg,1
data/processed/dogs/Dog_1806.jpg,1
data/processed/dogs/Dog_1807.jpg,1
data/processed/dogs/Dog_1808.jpg,1
data/processed/dogs/Dog_1809.jpg,1
data/processed/dogs/Dog_181.jpg,1
data/processed/dogs/Dog_1810.jpg,1
data/processed/dogs/Dog_1811.jpg,1
data/processed/dogs/Dog_1813.jpg,1
data/processed/dogs/Dog_1814.jpg,1
data/processed/dogs/Dog_1816.jpg,1
data/processed/dogs/Dog_1817.jpg,1
data/processed/dogs/Dog_1818.jpg,1
data/processed/dogs/Dog_1819.jpg,1
data/processed/dogs/Dog_182.jpg,1
data/processed/dogs/Dog_1822.jpg,1
data/processed/dogs/Dog_1823.jpg,1
data/processed/dogs/Dog_1824.jpg,1
data/processed/dogs/Dog_1825.jpg,1
data/processed/dogs/Dog_1826.jpg,1
data/processed/dogs/Dog_1828.jpg,1
data/processed/dogs/Dog_1829.jpg,1
data/processed/dogs/Dog_183.jpg,1
data/processed/dogs/Dog_1831.jpg,1
data/processed/dogs/Dog_1832.jpg,1
data/processed/dogs/Dog_1834.jpg,1
data/processed/dogs/Dog_1835.jpg,1
data/processed/dogs/Dog_1836.jpg,1
data/processed/dogs/Dog_1837.jpg,1
data/processed/dogs/Dog_1838.jpg,1
data/processed/dogs/Dog_1839.jpg,1
data/processed/dogs/Dog_184.jpg,1
data/processed/dogs/Dog_1840.jpg,1
data/processed/dogs/Dog_1841.jpg,1
data/processed/dogs/Dog_1842.jpg,1
data/processed/dogs/Dog_1843.jpg,1
data/processed/dogs/Dog_1844.jpg,1
data/processed/dogs/Dog_1845.jpg,1
data/processed/dogs/Dog_1846.jpg,1
data/processed/dogs/Dog_1847.jpg,1
data/processed/dogs/Dog_1848.jpg,1
data/processed/dogs/Dog_1852.jpg,1
data/processed/dogs/Dog_1853.jpg,1
data/processed/dogs/Dog_1854.jpg,1
data/processed/dogs/Dog_1855.jpg,1
data/processed/dogs/Dog_1856.jpg,1
data/processed/dogs/Dog_1857.jpg,1
data/processed/dogs/Dog_1859.jpg,1
data/processed/dogs/Dog_186.jpg,1
data/processed/dogs/Dog_1860.jpg,1
data/processed/dogs/Dog_1861.jpg,1
data/processed/dogs/Dog_1862.jpg,1
data/processed/dogs/Dog_1864.jpg,1
data/processed/dogs/Dog_1865.jpg,1
data/processed/dogs/Dog_1866.jpg,1
data/processed/dogs/Dog_1867.jpg,1
data/processed/dogs/Dog_1869.jpg,1
data/processed/dogs/Dog_187.jpg,1
data/processed/dogs/Dog_1870.jpg,1
data/processed/dogs/Dog_1872.jpg,1
data/processed/dogs/Dog_1873.jpg,1
data/processed/dogs/Dog_1874.jpg,1
data/processed/dogs/Dog_1875.jpg,1
data/processed/dogs/Dog_1876.jpg,1
data/processed/dogs/Dog_1877.jpg,1
data/processed/dogs/Dog_1878.jpg,1
data/processed/dogs/Dog_1879.jpg,1
data/processed/dogs/Dog_188.jpg,1
data/processed/dogs/Dog_1880.jpg,1
data/processed/dogs/Dog_1881.jpg,1
data/processed/dogs/Dog_1882.jpg,1
data/processed/dogs/Dog_1883.jpg,1
data/processed/dogs/Dog_1884.jpg,1
data/processed/dogs/Dog_1886.jpg,1
data/processed/dogs/Dog_1887.jpg,1
data/processed/dogs/Dog_1888.jpg,1
data/processed/dogs/Dog_1889.jpg,1
data/processed/dogs/Dog_189.jpg,1
data/processed/dogs/Dog_1892.jpg,1
data/processed/dogs/Dog_1893.jpg,1
data/processed/dogs/Dog_1894.jpg,1
data/processed/dogs/Dog_1896.jpg,1
data/processed/dogs/Dog_1897.jpg,1
data/processed/dogs/Dog_1898.jpg,1
data/processed/dogs/Dog_1899.jpg,1
data/processed/dogs/Dog_19.jpg,1
data/processed/dogs/Dog_190.jpg,1
data/processed/dogs/Dog_1900.jpg,1
data/processed/dogs/Dog_1901.jpg,1
data/processed/dogs/Dog_1903.jpg,1
data/processed/dogs/Dog_1905.jpg,1
data/processed/dogs/Dog_1906.jpg,1
data/processed/dogs/Dog_1907.jpg,1
data/processed/dogs/Dog_1909.jpg,1
data/processed/dogs/Dog_1910.jpg,1
data/processed/dogs/Dog_1913.jpg,1
data/processed/dogs/Dog_1915.jpg,1
data/processed/dogs/Dog_1916.jpg,1
data/processed/dogs/Dog_1917.jpg,1
data/processed/dogs/Dog_1918.jpg,1
data/processed/dogs/Dog_1919.jpg,1
data/processed/dogs/Dog_192.jpg,1
data/processed/dogs/Dog_1921.jpg,1
data/processed/dogs/Dog_1922.jpg,1
data/processed/dogs/Dog_1924.jpg,1
data/processed/dogs/Dog_1925.jpg,1
data/processed/dogs/Dog_1926.jpg,1
data/processed/dogs/Dog_1927.jpg,1
data/processed/dogs/Dog_1928.jpg,1
data/processed/dogs/Dog_1929.jpg,1
data/processed/dogs/Dog_1932.jpg,1
data/processed/dogs/Dog_1933.jpg,1
data/processed/dogs/Dog_1934.jpg,1
data/processed/dogs/Dog_1935.jpg,1
data/processed/dogs/Dog_1936.jpg,1
data/processed/dogs/Dog_1937.jpg,1
data/processed/dogs/Dog_1938.jpg,1
data/processed/dogs/Dog_1939.jpg,1
data/processed/dogs/Dog_194.jpg,1
data/processed/dogs/Dog_1941.jpg,1
data/processed/dogs/Dog_1942.jpg,1
data/processed/dogs/Dog_1944.jpg,1
data/processed/dogs/Dog_1946.jpg,1
data/processed/dogs/Dog_1947.jpg,1
data/processed/dogs/Dog_1948.jpg,1
data/processed/dogs/Dog_1949.jpg,1
data/processed/dogs/Dog_195.jpg,1
data/processed/dogs/Dog_1950.jpg,1
data/processed/dogs/Dog_1951.jpg,1
data/processed/dogs/Dog_1952.jpg,1
data/processed/dogs/Dog_1954.jpg,1
data/processed/dogs/Dog_1955.jpg,1
data/processed/dogs/Dog_1956.jpg,1
data/processed/dogs/Dog_1957.jpg,1
data/processed/dogs/Dog_1958.jpg,1
data/processed/dogs/Dog_1959.jpg,1
data/processed/dogs/Dog_196.jpg,1
data/processed/dogs/Dog_1960.jpg,1
data/processed/dogs/Dog_1961.jpg,1
data/processed/dogs/Dog_1962.jpg,1
data/processed/dogs/Dog_1963.jpg,1
data/processed/dogs/Dog_1964.jpg,1
data/processed/dogs/Dog_1965.jpg,1
data/processed/dogs/Dog_1967.jpg,1
data/processed/dogs/Dog_1968.jpg,1
data/processed/dogs/Dog_1969.jpg,1
data/processed/dogs/Dog_197.jpg,1
data/processed/dogs/Dog_1970.jpg,1
data/processed/dogs/Dog_1971.jpg,1
data/processed/dogs/Dog_1972.jpg,1
data/processed/dogs/Dog_1973.jpg,1
data/processed/dogs/Dog_1974.jpg,1
data/processed/dogs/Dog_1976.jpg,1
data/processed/dogs/Dog_1977.jpg,1
data/processed/dogs/Dog_1979.jpg,1
data/processed/dogs/Dog_198.jpg,1
data/processed/dogs/Dog_1980.jpg,1
data/processed/dogs/Dog_1982.jpg,1
data/processed/dogs/Dog_1983.jpg,1
data/processed/dogs/Dog_1984.jpg,1
data/processed/dogs/Dog_1985.jpg,1
data/processed/dogs/Dog_1986.jpg,1
data/processed/dogs/Dog_1988.jpg,1
data/processed/dogs/Dog_1989.jpg,1
data/processed/dogs/Dog_199.jpg,1
data/processed/dogs/Dog_1990.jpg,1
data/processed/dogs/Dog_1991.jpg,1
data/processed/dogs/Dog_1993.jpg,1
data/processed/dogs/Dog_1996.jpg,1
data/processed/dogs/Dog_1997.jpg,1
data/processed/dogs/Dog_1998.jpg,1
data/processed/dogs/Dog_1999.jpg,1
data/processed/dogs/Dog_20.jpg,1
data/processed/dogs/Dog_200.jpg,1
data/processed/dogs/Dog_2000.jpg,1
data/processed/dogs/Dog_2001.jpg,1
data/processed/dogs/Dog_2002.jpg,1
data/processed/dogs/Dog_2003.jpg,1
data/processed/dogs/Dog_2004.jpg,1
data/processed/dogs/Dog_2006.jpg,1
data/processed/dogs/Dog_2007.jpg,1
data/processed/dogs/Dog_2008.jpg,1
data/processed/dogs/Dog_2009.jpg,1
data/processed/dogs/Dog_201.jpg,1
data/processed/dogs/Dog_2010.jpg,1
data/processed/dogs/Dog_2014.jpg,1
data/processed/dogs/Dog_2016.jpg,1
data/processed/dogs/Dog_2017.jpg,1
data/processed/dogs/Dog_2018.jpg,1
data/processed/dogs/Dog_2019.jpg,1
data/processed/dogs/Dog_202.jpg,1
data/processed/dogs/Dog_2020.jpg,1
data/processed/dogs/Dog_2021.jpg,1
data/processed/dogs/Dog_2022.jpg,1
data/processed/dogs/Dog_2023.jpg,1
data/processed/dogs/Dog_2024.jpg,1
data/processed/dogs/Dog_2025.jpg,1
data/processed/dogs/Dog_2026.jpg,1
data/processed/dogs/Dog_2027.jpg,1
data/processed/dogs/Dog_2028.jpg,1
data/processed/dogs/Dog_2029.jpg,1
data/processed/dogs/Dog_2031.jpg,1
data/processed/dogs/Dog_2032.jpg,1
data/processed/dogs/Dog_2034.jpg,1
data/processed/dogs/Dog_2035.jpg,1
data/processed/dogs/Dog_2036.jpg,1
data/processed/dogs/Dog_2037.jpg,1
data/processed/dogs/Dog_2038.jpg,1
data/processed/dogs/Dog_2039.jpg,1
data/processed/dogs/Dog_2040.jpg,1
data/processed/dogs/Dog_2041.jpg,1
data/processed/dogs/Dog_2042.jpg,1
data/processed/dogs/Dog_2043.jpg,1
data/processed/dogs/Dog_2044.jpg,1
data/processed/dogs/Dog_2045.jpg,1
data/processed/dogs/Dog_2047.jpg,1
data/processed/dogs/Dog_2048.jpg,1
data/processed/dogs/Dog_205.jpg,1
data/processed/dogs/Dog_2050.jpg,1
data/processed/dogs/Dog_2051.jpg,1
data/processed/dogs/Dog_2052.jpg,1
data/processed/dogs/Dog_2053.jpg,1
data/processed/dogs/Dog_2054.jpg,1
data/processed/dogs/Dog_2056.jpg,1
data/processed/dogs/Dog_2057.jpg,1
data/processed/dogs/Dog_2058.jpg,1
data/processed/dogs/Dog_206.jpg,1
data/processed/dogs/Dog_2060.jpg,1
data/processed/dogs/Dog_2062.jpg,1
data/processed/dogs/Dog_2063.jpg,1
data/processed/dogs/Dog_2064.jpg,1
data/processed/dogs/Dog_2065.jpg,1
data/processed/dogs/Dog_2066.jpg,1
data/processed/dogs/Dog_2067.jpg,1
data/processed/dogs/Dog_2069.jpg,1
data/processed/dogs/Dog_207.jpg,1
data/processed/dogs/Dog_2071.jpg,1
data/processed/dogs/Dog_2072.jpg,1
data/processed/dogs/Dog_2073.jpg,1
data/processed/dogs/Dog_2076.jpg,1
data/processed/dogs/Dog_2077.jpg,1
data/processed/dogs/Dog_2078.jpg,1
data/processed/dogs/Dog_208.jpg,1
data/processed/dogs/Dog_2080.jpg,1
data/processed/dogs/Dog_2081.jpg,1
data/processed/dogs/Dog_2082.jpg,1
data/processed/dogs/Dog_2083.jpg,1
data/processed/dogs/Dog_2084.jpg,1
data/processed/dogs/Dog_2085.jpg,1
data/processed/dogs/Dog_2086.jpg,1
data/processed/dogs/Dog_2087.jpg,1
data/processed/dogs/Dog_2088.jpg,1
data/processed/dogs/Dog_2089.jpg,1
data/processed/dogs/Dog_2090.jpg,1
data/processed/dogs/Dog_2091.jpg,1
data/processed/dogs/Dog_2092.jpg,1
data/processed/dogs/Dog_2093.jpg,1
data/processed/dogs/Dog_2094.jpg,1
data/processed/dogs/Dog_2096.jpg,1
data/processed/dogs/Dog_2097.jpg,1
data/processed/dogs/Dog_2098.jpg,1
data/processed/dogs/Dog_210.jpg,1
data/processed/dogs/Dog_2100.jpg,1
data/processed/dogs/Dog_2101.jpg,1
data/processed/dogs/Dog_2103.jpg,1
data/processed/dogs/Dog_2106.jpg,1
data/processed/dogs/Dog_2107.jpg,1
data/processed/dogs/Dog_2108.jpg,1
data/processed/dogs/Dog_2109.jpg,1
data/processed/dogs/Dog_211.jpg,1
data/processed/dogs/Dog_2111.jpg,1
data/processed/dogs/Dog_2112.jpg,1
data/processed/dogs/Dog_2113.jpg,1
data/processed/dogs/Dog_2114.jpg,1
data/processed/dogs/Dog_2115.jpg,1
data/processed/dogs/Dog_2116.jpg,1
data/processed/dogs/Dog_2119.jpg,1
data/processed/dogs/Dog_212.jpg,1
data/processed/dogs/Dog_2120.jpg,1
data/processed/dogs/Dog_2122.jpg,1
data/processed/dogs/Dog_2123.jpg,1
data/processed/dogs/Dog_2125.jpg,1
data/processed/dogs/Dog_2126.jpg,1
data/processed/dogs/Dog_2128.jpg,1
data/processed/dogs/Dog_2129.jpg,1
data/processed/dogs/Dog_213.jpg,1
data/processed/dogs/Dog_2130.jpg,1
data/processed/dogs/Dog_2132.jpg,1
data/processed/dogs/Dog_2133.jpg,1
data/processed/dogs/Dog_2134.jpg,1
data/processed/dogs/Dog_2136.jpg,1
data/processed/dogs/Dog_2138.jpg,1
data/processed/dogs/Dog_214.jpg,1
data/processed/dogs/Dog_2140.jpg,1
data/processed/dogs/Dog_2142.jpg,1
data/processed/dogs/Dog_2143.jpg,1
data/processed/dogs/Dog_2144.jpg,1
data/processed/dogs/Dog_2146.jpg,1
data/processed/dogs/Dog_2147.jpg,1
data/processed/dogs/Dog_2148.jpg,1
data/processed/dogs/Dog_2149.jpg,1
data/processed/dogs/Dog_215.jpg,1
data/processed/dogs/Dog_2150.jpg,1
data/processed/dogs/Dog_2151.jpg,1
data/processed/dogs/Dog_2152.jpg,1
data/processed/dogs/Dog_2154.jpg,1
data/processed/dogs/Dog_2155.jpg,1
data/processed/dogs/Dog_2156.jpg,1
data/processed/dogs/Dog_2157.jpg,1
data/processed/dogs/Dog_2158.jpg,1
data/processed/dogs/Dog_2159.jpg,1
data/processed/dogs/Dog_216.jpg,1
data/processed/dogs/Dog_2161.jpg,1
data/processed/dogs/Dog_2163.jpg,1
data/processed/dogs/Dog_2164.jpg,1
data/processed/dogs/Dog_2166.jpg,1
data/processed/dogs/Dog_2167.jpg,1
data/processed/dogs/Dog_2168.jpg,1
data/processed/dogs/Dog_2169.jpg,1
data/processed/dogs/Dog_217.jpg,1
data/processed/dogs/Dog_2170.jpg,1
data/processed/dogs/Dog_2171.jpg,1
data/processed/dogs/Dog_2172.jpg,1
data/processed/dogs/Dog_2173.jpg,1
data/processed/dogs/Dog_2174.jpg,1
data/processed/dogs/Dog_2176.jpg,1
data/processed/dogs/Dog_2177.jpg,1
data/processed/dogs/Dog_2178.jpg,1
data/processed/dogs/Dog_218.jpg,1
data/processed/dogs/Dog_2180.jpg,1
data/processed/dogs/Dog_2181.jpg,1
data/processed/dogs/Dog_2182.jpg,1
data/processed/dogs/Dog_2183.jpg,1
data/processed/dogs/Dog_2184.jpg,1
data/processed/dogs/Dog_2185.jpg,1
data/processed/dogs/Dog_2186.jpg,1
data/processed/dogs/Dog_2187.jpg,1
data/processed/dogs/Dog_2188.jpg,1
data/processed/dogs/Dog_2189.jpg,1
data/processed/dogs/Dog_219.jpg,1
data/processed/dogs/Dog_2190.jpg,1
data/processed/dogs/Dog_2191.jpg,1
data/processed/dogs/Dog_2192.jpg,1
data/processed/dogs/Dog_2194.jpg,1
data/processed/dogs/Dog_2195.jpg,1
data/processed/dogs/Dog_2196.jpg,1
data/processed/dogs/Dog_22.jpg,1
data/processed/dogs/Dog_2200.jpg,1
data/processed/dogs/Dog_2201.jpg,1
data/processed/dogs/Dog_2202.jpg,1
data/processed/dogs/Dog_2203.jpg,1
data/processed/dogs/Dog_2204.jpg,1
data/processed/dogs/Dog_2207.jpg,1
data/processed/dogs/Dog_2208.jpg,1
data/processed/dogs/Dog_2209.jpg,1
data/processed/dogs/Dog_221.jpg,1
data/processed/dogs/Dog_2210.jpg,1
data/processed/dogs/Dog_2211.jpg,1
data/processed/dogs/Dog_2212.jpg,1
data/processed/dogs/Dog_2213.jpg,1
data/processed/dogs/Dog_2214.jpg,1
data/processed/dogs/Dog_2215.jpg,1
data/processed/dogs/Dog_2216.jpg,1
data/processed/dogs/Dog_2217.jpg,1
data/processed/dogs/Dog_2218.jpg,1
data/processed/dogs/Dog_222.jpg,1
data/processed/dogs/Dog_2220.jpg,1
data/processed/dogs/Dog_2221.jpg,1
data/processed/dogs/Dog_2222.jpg,1
data/processed/dogs/Dog_2224.jpg,1
data/processed/dogs/Dog_2225.jpg,1
data/processed/dogs/Dog_2226.jpg,1
data/processed/dogs/Dog_2227.jpg,1
data/processed/dogs/Dog_2228.jpg,1
data/processed/dogs/Dog_2229.jpg,1
data/processed/dogs/Dog_223.jpg,1
data/processed/dogs/Dog_2230.jpg,1
data/processed/dogs/Dog_2231.jpg,1
data/processed/dogs/Dog_2233.jpg,1
data/processed/dogs/Dog_2234.jpg,1
data/processed/dogs/Dog_2235.jpg,1
data/processed/dogs/Dog_2236.jpg,1
data/processed/dogs/Dog_2237.jpg,1
data/processed/dogs/Dog_2238.jpg,1
data/processed/dogs/Dog_2239.jpg,1
data/processed/dogs/Dog_224.jpg,1
data/processed/dogs/Dog_2240.jpg,1
data/processed/dogs/Dog_2241.jpg,1
data/processed/dogs/Dog_2242.jpg,1
data/processed/dogs/Dog_2243.jpg,1
data/processed/dogs/Dog_2244.jpg,1
data/processed/dogs/Dog_2245.jpg,1
data/processed/dogs/Dog_2246.jpg,1
data/processed/dogs/Dog_2247.jpg,1
data/processed/dogs/Dog_2248.jpg,1
data/processed/dogs/Dog_2250.jpg,1
data/processed/dogs/Dog_2252.jpg,1
data/processed/dogs/Dog_2253.jpg,1
data/processed/dogs/Dog_2254.jpg,1
data/processed/dogs/Dog_2255.jpg,1
data/processed/dogs/Dog_2257.jpg,1
data/processed/dogs/Dog_2258.jpg,1
data/processed/dogs/Dog_2259.jpg,1
data/processed/dogs/Dog_226.jpg,1
data/processed/dogs/Dog_2261.jpg,1
data/processed/dogs/Dog_2264.jpg,1
data/processed/dogs/Dog_2265.jpg,1
data/processed/dogs/Dog_2266.jpg,1
data/processed/dogs/Dog_2268.jpg,1
data/processed/dogs/Dog_2269.jpg,1
data/processed/dogs/Dog_227.jpg,1
data/processed/dogs/Dog_2270.jpg,1
data/processed/dogs/Dog_2271.jpg,1
data/processed/dogs/Dog_2272.jpg,1
data/processed/dogs/Dog_2273.jpg,1
data/processed/dogs/Dog_2274.jpg,1
data/processed/dogs/Dog_2275.jpg,1
data/processed/dogs/Dog_2276.jpg,1
data/processed/dogs/Dog_2277.jpg,1
data/processed/dogs/Dog_2278.jpg,1
data/processed/dogs/Dog_2279.jpg,1
data/processed/dogs/Dog_228.jpg,1
data/processed/dogs/Dog_2280.jpg,1
data/processed/dogs/Dog_2282.jpg,1
data/processed/dogs/Dog_2284.jpg,1
data/processed/dogs/Dog_2285.jpg,1
data/processed/dogs/Dog_2286.jpg,1
data/processed/dogs/Dog_2287.jpg,1
data/processed/dogs/Dog_2288.jpg,1
data/processed/dogs/Dog_2289.jpg,1
data/processed/dogs/Dog_229.jpg,1
data/processed/dogs/Dog_2290.jpg,1
data/processed/dogs/Dog_2291.jpg,1
data/processed/dogs/Dog_2292.jpg,1
data/processed/dogs/Dog_2293.jpg,1
data/processed/dogs/Dog_2294.jpg,1
data/processed/dogs/Dog_2295.jpg,1
data/processed/dogs/Dog_2296.jpg,1
data/processed/dogs/Dog_2297.jpg,1
data/processed/dogs/Dog_2298.jpg,1
data/processed/dogs/Dog_23.jpg,1
data/processed/dogs/Dog_230.jpg,1
data/processed/dogs/Dog_2300.jpg,1
data/processed/dogs/Dog_2301.jpg,1
data/processed/dogs/Dog_2302.jpg,1
data/processed/dogs/Dog_2303.jpg,1
data/processed/dogs/Dog_2306.jpg,1
data/processed/dogs/Dog_2307.jpg,1
data/processed/dogs/Dog_2308.jpg,1
data/processed/dogs/Dog_2309.jpg,1
data/processed/dogs/Dog_231.jpg,1
data/processed/dogs/Dog_2310.jpg,1
data/processed/dogs/Dog_2312.jpg,1
data/processed/dogs/Dog_2313.jpg,1
data/processed/dogs/Dog_2314.jpg,1
data/processed/dogs/Dog_2315.jpg,1
data/processed/dogs/Dog_2316.jpg,1
data/processed/dogs/Dog_2317.jpg,1
data/processed/dogs/Dog_2318.jpg,1
data/processed/dogs/Dog_2319.jpg,1
data/processed/dogs/Dog_232.jpg,1
data/processed/dogs/Dog_2320.jpg,1
data/processed/dogs/Dog_2322.jpg,1
data/processed/dogs/Dog_2323.jpg,1
data/processed/dogs/Dog_2325.jpg,1
data/processed/dogs/Dog_2326.jpg,1
data/processed/dogs/Dog_2328.jpg,1
data/processed/dogs/Dog_2329.jpg,1
data/processed/dogs/Dog_233.jpg,1
data/processed/dogs/Dog_2331.jpg,1
data/processed/dogs/Dog_2332.jpg,1
data/processed/dogs/Dog_2334.jpg,1
data/processed/dogs/Dog_2335.jpg,1
data/processed/dogs/Dog_2336.jpg,1
data/processed/dogs/Dog_2337.jpg,1
data/processed/dogs/Dog_2338.jpg,1
data/processed/dogs/Dog_2339.jpg,1
data/processed/dogs/Dog_234.jpg,1
data/processed/dogs/Dog_2341.jpg,1
data/processed/dogs/Dog_2342.jpg,1
data/processed/dogs/Dog_2344.jpg,1
data/processed/dogs/Dog_2345.jpg,1
data/processed/dogs/Dog_2346.jpg,1
data/processed/dogs/Dog_2347.jpg,1
data/processed/dogs/Dog_2348.jpg,1
data/processed/dogs/Dog_2349.jpg,1
data/processed/dogs/Dog_2350.jpg,1
data/processed/dogs/Dog_2351.jpg,1
data/processed/dogs/Dog_2353.jpg,1
data/processed/dogs/Dog_2354.jpg,1
data/processed/dogs/Dog_2355.jpg,1
data/processed/dogs/Dog_2357.jpg,1
data/processed/dogs/Dog_2358.jpg,1
data/processed/dogs/Dog_2359.jpg,1
data/processed/dogs/Dog_236.jpg,1
data/processed/dogs/Dog_2360.jpg,1
data/processed/dogs/Dog_2362.jpg,1
data/processed/dogs/Dog_2363.jpg,1
data/processed/dogs/Dog_2364.jpg,1
data/processed/dogs/Dog_2365.jpg,1
data/processed/dogs/Dog_2366.jpg,1
data/processed/dogs/Dog_2367.jpg,1
data/processed/dogs/Dog_2368.jpg,1
data/processed/dogs/Dog_2369.jpg,1
data/processed/dogs/Dog_237.jpg,1
data/processed/dogs/Dog_2370.jpg,1
data/processed/dogs/Dog_2371.jpg,1
data/processed/dogs/Dog_2372.jpg,1
data/processed/dogs/Dog_2373.jpg,1
data/processed/dogs/Dog_2374.jpg,1
data/processed/dogs/Dog_2375.jpg,1
data/processed/dogs/Dog_2377.jpg,1
data/processed/dogs/Dog_2378.jpg,1
data/processed/dogs/Dog_2379.jpg,1
data/processed/dogs/Dog_238.jpg,1
data/processed/dogs/Dog_2381.jpg,1
data/processed/dogs/Dog_2382.jpg,1
data/processed/dogs/Dog_2383.jpg,1
data/processed/dogs/Dog_2384.jpg,1
data/processed/dogs/Dog_2387.jpg,1
data/processed/dogs/Dog_2388.jpg,1
data/processed/dogs/Dog_2389.jpg,1
data/processed/dogs/Dog_239.jpg,1
data/processed/dogs/Dog_2390.jpg,1
data/processed/dogs/Dog_2391.jpg,1
data/processed/dogs/Dog_2392.jpg,1
data/processed/dogs/Dog_2393.jpg,1
data/processed/dogs/Dog_2395.jpg,1
data/processed/dogs/Dog_2398.jpg,1
data/processed/dogs/Dog_2399.jpg,1
data/processed/dogs/Dog_24.jpg,1
data/processed/dogs/Dog_240.jpg,1
data/processed/dogs/Dog_2400.jpg,1
data/processed/dogs/Dog_2401.jpg,1
data/processed/dogs/Dog_2402.jpg,1
data/processed/dogs/Dog_2403.jpg,1
data/processed/dogs/Dog_2404.jpg,1
data/processed/dogs/Dog_2405.jpg,1
data/processed/dogs/Dog_2407.jpg,1
data/processed/dogs/Dog_2409.jpg,1
data/processed/dogs/Dog_241.jpg,1
data/processed/dogs/Dog_2410.jpg,1
data/processed/dogs/Dog_2411.jpg,1
data/processed/dogs/Dog_2413.jpg,1
data/processed/dogs/Dog_2414.jpg,1
data/processed/dogs/Dog_2415.jpg,1
data/processed/dogs/Dog_2416.jpg,1
data/processed/dogs/Dog_2417.jpg,1
data/processed/dogs/Dog_2418.jpg,1
data/processed/dogs/Dog_2419.jpg,1
data/processed/dogs/Dog_242.jpg,1
data/processed/dogs/Dog_2420.jpg,1
data/processed/dogs/Dog_2422.jpg,1
data/processed/dogs/Dog_2423.jpg,1
data/processed/dogs/Dog_2424.jpg,1
data/processed/dogs/Dog_2425.jpg,1
data/processed/dogs/Dog_2426.jpg,1
data/processed/dogs/Dog_2428.jpg,1
data/processed/dogs/Dog_2429.jpg,1
data/processed/dogs/Dog_2430.jpg,1
data/processed/dogs/Dog_2431.jpg,1
data/processed/dogs/Dog_2432.jpg,1
data/processed/dogs/Dog_2433.jpg,1
data/processed/dogs/Dog_2434.jpg,1
data/processed/dogs/Dog_2436.jpg,1
data/processed/dogs/Dog_2438.jpg,1
data/processed/dogs/Dog_244.jpg,1
data/processed/dogs/Dog_2440.jpg,1
data/processed/dogs/Dog_2442.jpg,1
data/processed/dogs/Dog_2443.jpg,1
data/processed/dogs/Dog_2444.jpg,1
data/processed/dogs/Dog_2446.jpg,1
data/processed/dogs/Dog_2447.jpg,1
data/processed/dogs/Dog_2448.jpg,1
data/processed/dogs/Dog_2449.jpg,1
data/processed/dogs/Dog_2450.jpg,1
data/processed/dogs/Dog_2451.jpg,1
data/processed/dogs/Dog_2452.jpg,1
data/processed/dogs/Dog_2453.jpg,1
data/processed/dogs/Dog_2454.jpg,1
data/processed/dogs/Dog_2456.jpg,1
data/processed/dogs/Dog_2458.jpg,1
data/processed/dogs/Dog_2461.jpg,1
data/processed/dogs/Dog_2462.jpg,1
data/processed/dogs/Dog_2463.jpg,1
data/processed/dogs/Dog_2464.jpg,1
data/processed/dogs/Dog_2465.jpg,1
data/processed/dogs/Dog_2468.jpg,1
data/processed/dogs/Dog_2469.jpg,1
data/processed/dogs/Dog_247.jpg,1
data/processed/dogs/Dog_2470.jpg,1
data/processed/dogs/Dog_2471.jpg,1
data/processed/dogs/Dog_2472.jpg,1
data/processed/dogs/Dog_2474.jpg,1
data/processed/dogs/Dog_2475.jpg,1
data/processed/dogs/Dog_2476.jpg,1
data/processed/dogs/Dog_2477.jpg,1
data/processed/dogs/Dog_2478.jpg,1
data/processed/dogs/Dog_2479.jpg,1
data/processed/dogs/Dog_2480.jpg,1
data/processed/dogs/Dog_2482.jpg,1
data/processed/dogs/Dog_2483.jpg,1
data/processed/dogs/Dog_2484.jpg,1
data/processed/dogs/Dog_2485.jpg,1
data/processed/dogs/Dog_2486.jpg,1
data/processed/dogs/Dog_2487.jpg,1
data/processed/dogs/Dog_2488.jpg,1
data/processed/dogs/Dog_2489.jpg,1
data/processed/dogs/Dog_249.jpg,1
data/processed/dogs/Dog_2490.jpg,1
data/processed/dogs/Dog_2492.jpg,1
data/processed/dogs/Dog_2493.jpg,1
data/processed/dogs/Dog_2496.jpg,1
data/processed/dogs/Dog_2497.jpg,1
data/processed/dogs/Dog_2498.jpg,1
data/processed/dogs/Dog_2499.jpg,1
data/processed/dogs/Dog_25.jpg,1
data/processed/dogs/Dog_250.jpg,1
data/processed/dogs/Dog_2501.jpg,1
data/processed/dogs/Dog_2502.jpg,1
data/processed/dogs/Dog_2503.jpg,1
data/processed/dogs/Dog_2505.jpg,1
data/processed/dogs/Dog_2506.jpg,1
data/processed/dogs/Dog_2509.jpg,1
data/processed/dogs/Dog_2510.jpg,1
data/processed/dogs/Dog_2511.jpg,1
data/processed/dogs/Dog_2512.jpg,1
data/processed/dogs/Dog_2513.jpg,1
data/processed/dogs/Dog_2514.jpg,1
data/processed/dogs/Dog_2515.jpg,1
data/processed/dogs/Dog_2516.jpg,1
data/processed/dogs/Dog_2517.jpg,1
data/processed/dogs/Dog_2518.jpg,1
data/processed/dogs/Dog_2519.jpg,1
data/processed/dogs/Dog_252.jpg,1
data/processed/dogs/Dog_2520.jpg,1
data/processed/dogs/Dog_2521.jpg,1
data/processed/dogs/Dog_2522.jpg,1
data/processed/dogs/Dog_2523.jpg,1
data/processed/dogs/Dog_2524.jpg,1
data/processed/dogs/Dog_2525.jpg,1
data/processed/dogs/Dog_2526.jpg,1
data/processed/dogs/Dog_2527.jpg,1
data/processed/dogs/Dog_2528.jpg,1
data/processed/dogs/Dog_2529.jpg,1
data/processed/dogs/Dog_253.jpg,1
data/processed/dogs/Dog_2530.jpg,1
data/processed/dogs/Dog_2531.jpg,1
data/processed/dogs/Dog_2533.jpg,1
data/processed/dogs/Dog_2534.jpg,1
data/processed/dogs/Dog_2535.jpg,1
data/processed/dogs/Dog_2536.jpg,1
data/processed/dogs/Dog_2539.jpg,1
data/processed/dogs/Dog_254.jpg,1
data/processed/dogs/Dog_2540.jpg,1
data/processed/dogs/Dog_2541.jpg,1
data/processed/dogs/Dog_2544.jpg,1
data/processed/dogs/Dog_2545.jpg,1
data/processed/dogs/Dog_2546.jpg,1
data/processed/dogs/Dog_2547.jpg,1
data/processed/dogs/Dog_2549.jpg,1
data/processed/dogs/Dog_255.jpg,1
data/processed/dogs/Dog_2550.jpg,1
data/processed/dogs/Dog_2551.jpg,1
data/processed/dogs/Dog_2552.jpg,1
data/processed/dogs/Dog_2555.jpg,1
data/processed/dogs/Dog_2556.jpg,1
data/processed/dogs/Dog_2558.jpg,1
data/processed/dogs/Dog_256.jpg,1
data/processed/dogs/Dog_2560.jpg,1
data/processed/dogs/Dog_2561.jpg,1
data/processed/dogs/Dog_2564.jpg,1
data/processed/dogs/Dog_2565.jpg,1
data/processed/dogs/Dog_2566.jpg,1
data/processed/dogs/Dog_2568.jpg,1
data/processed/dogs/Dog_2569.jpg,1
data/processed/dogs/Dog_257.jpg,1
data/processed/dogs/Dog_2570.jpg,1
data/processed/dogs/Dog_2571.jpg,1
data/processed/dogs/Dog_2572.jpg,1
data/processed/dogs/Dog_2573.jpg,1
data/processed/dogs/Dog_2575.jpg,1
data/processed/dogs/Dog_2576.jpg,1
data/processed/dogs/Dog_2578.jpg,1
data/processed/dogs/Dog_258.jpg,1
data/processed/dogs/Dog_2581.jpg,1
data/processed/dogs/Dog_2582.jpg,1
data/processed/dogs/Dog_2584.jpg,1
data/processed/dogs/Dog_2585.jpg,1
data/processed/dogs/Dog_2587.jpg,1
data/processed/dogs/Dog_2588.jpg,1
data/processed/dogs/Dog_2589.jpg,1
data/processed/dogs/Dog_259.jpg,1
data/processed/dogs/Dog_2590.jpg,1
data/processed/dogs/Dog_2591.jpg,1
data/processed/dogs/Dog_2593.jpg,1
data/processed/dogs/Dog_2594.jpg,1
data/processed/dogs/Dog_2595.jpg,1
data/processed/dogs/Dog_2596.jpg,1
data/processed/dogs/Dog_2597.jpg,1
data/processed/dogs/Dog_2598.jpg,1
data/processed/dogs/Dog_2599.jpg,1
data/processed/dogs/Dog_260.jpg,1
data/processed/dogs/Dog_2601.jpg,1
data/processed/dogs/Dog_2602.jpg,1
data/processed/dogs/Dog_2603.jpg,1
data/processed/dogs/Dog_2604.jpg,1
data/processed/dogs/Dog_2605.jpg,1
data/processed/dogs/Dog_2606.jpg,1
data/processed/dogs/Dog_2607.jpg,1
data/processed/dogs/Dog_261.jpg,1
data/processed/dogs/Dog_2610.jpg,1
data/processed/dogs/Dog_2611.jpg,1
data/processed/dogs/Dog_2612.jpg,1
data/processed/dogs/Dog_2613.jpg,1
data/processed/dogs/Dog_2614.jpg,1
data/processed/dogs/Dog_2615.jpg,1
data/processed/dogs/Dog_2617.jpg,1
data/processed/dogs/Dog_2620.jpg,1
data/processed/dogs/Dog_2621.jpg,1
data/processed/dogs/Dog_2622.jpg,1
data/processed/dogs/Dog_2623.jpg,1
data/processed/dogs/Dog_2624.jpg,1
data/processed/dogs/Dog_2625.jpg,1
data/processed/dogs/Dog_2627.jpg,1
data/processed/dogs/Dog_2628.jpg,1
data/processed/dogs/Dog_2629.jpg,1
data/processed/dogs/Dog_263.jpg,1
data/processed/dogs/Dog_2632.jpg,1
data/processed/dogs/Dog_2634.jpg,1
data/processed/dogs/Dog_2635.jpg,1
data/processed/dogs/Dog_2636.jpg,1
data/processed/dogs/Dog_2637.jpg,1
data/processed/dogs/Dog_2638.jpg,1
data/processed/dogs/Dog_2639.jpg,1
data/processed/dogs/Dog_264.jpg,1
data/processed/dogs/Dog_2640.jpg,1
data/processed/dogs/Dog_2641.jpg,1
data/processed/dogs/Dog_2642.jpg,1
data/processed/dogs/Dog_2643.jpg,1
data/processed/dogs/Dog_2644.jpg,1
data/processed/dogs/Dog_2646.jpg,1
data/processed/dogs/Dog_2647.jpg,1
data/processed/dogs/Dog_2648.jpg,1
data/processed/dogs/Dog_2649.jpg,1
data/processed/dogs/Dog_265.jpg,1
data/processed/dogs/Dog_2650.jpg,1
data/processed/dogs/Dog_2651.jpg,1
data/processed/dogs/Dog_2652.jpg,1
data/processed/dogs/Dog_2653.jpg,1
data/processed/dogs/Dog_2654.jpg,1
data/processed/dogs/Dog_2655.jpg,1
data/processed/dogs/Dog_2656.jpg,1
data/processed/dogs/Dog_2657.jpg,1
data/processed/dogs/Dog_2658.jpg,1
data/processed/dogs/Dog_2659.jpg,1
data/processed/dogs/Dog_266.jpg,1
data/processed/dogs/Dog_2660.jpg,1
data/processed/dogs/Dog_2661.jpg,1
data/processed/dogs/Dog_2663.jpg,1
data/processed/dogs/Dog_2664.jpg,1
data/processed/dogs/Dog_2665.jpg,1
data/processed/dogs/Dog_2666.jpg,1
data/processed/dogs/Dog_2667.jpg,1
data/processed/dogs/Dog_2668.jpg,1
data/processed/dogs/Dog_2669.jpg,1
data/processed/dogs/Dog_267.jpg,1
data/processed/dogs/Dog_2670.jpg,1
data/processed/dogs/Dog_2671.jpg,1
data/processed/dogs/Dog_2672.jpg,1
data/processed/dogs/Dog_2673.jpg,1
data/processed/dogs/Dog_2674.jpg,1
data/processed/dogs/Dog_2675.jpg,1
data/processed/dogs/Dog_2676.jpg,1
data/processed/dogs/Dog_2677.jpg,1
data/processed/dogs/Dog_2678.jpg,1
data/processed/dogs/Dog_2679.jpg,1
data/processed/dogs/Dog_2680.jpg,1
data/processed/dogs/Dog_2683.jpg,1
data/processed/dogs/Dog_2684.jpg,1
data/processed/dogs/Dog_2685.jpg,1
data/processed/dogs/Dog_2687.jpg,1
data/processed/dogs/Dog_2688.jpg,1
data/processed/dogs/Dog_2689.jpg,1
data/processed/dogs/Dog_269.jpg,1
data/processed/dogs/Dog_2691.jpg,1
data/processed/dogs/Dog_2694.jpg,1
data/processed/dogs/Dog_2695.jpg,1
data/processed/dogs/Dog_2696.jpg,1
data/processed/dogs/Dog_2697.jpg,1
data/processed/dogs/Dog_2698.jpg,1
data/processed/dogs/Dog_2699.jpg,1
data/processed/dogs/Dog_270.jpg,1
data/processed/dogs/Dog_2700.jpg,1
data/processed/dogs/Dog_2701.jpg,1
data/processed/dogs/Dog_2702.jpg,1
data/processed/dogs/Dog_2703.jpg,1
data/processed/dogs/Dog_2705.jpg,1
data/processed/dogs/Dog_2706.jpg,1
data/processed/dogs/Dog_2707.jpg,1
data/processed/dogs/Dog_2708.jpg,1
data/processed/dogs/Dog_2709.jpg,1
data/processed/dogs/Dog_271.jpg,1
data/processed/dogs/Dog_2711.jpg,1
data/processed/dogs/Dog_2712.jpg,1
data/processed/dogs/Dog_2713.jpg,1
data/processed/dogs/Dog_2714.jpg,1
data/processed/dogs/Dog_2716.jpg,1
data/processed/dogs/Dog_2718.jpg,1
data/processed/dogs/Dog_2719.jpg,1
data/processed/dogs/Dog_272.jpg,1
data/processed/dogs/Dog_2720.jpg,1
data/processed/dogs/Dog_2721.jpg,1
data/processed/dogs/Dog_2722.jpg,1
data/processed/dogs/Dog_2723.jpg,1
data/processed/dogs/Dog_2724.jpg,1
data/processed/dogs/Dog_2725.jpg,1
data/processed/dogs/Dog_2726.jpg,1
data/processed/dogs/Dog_2727.jpg,1
data/processed/dogs/Dog_2728.jpg,1
data/processed/dogs/Dog_273.jpg,1
data/processed/dogs/Dog_2730.jpg,1
data/processed/dogs/Dog_2731.jpg,1
data/processed/dogs/Dog_2732.jpg,1
data/processed/dogs/Dog_2734.jpg,1
data/processed/dogs/Dog_2736.jpg,1
data/processed/dogs/Dog_2738.jpg,1
data/processed/dogs/Dog_2739.jpg,1
data/processed/dogs/Dog_274.jpg,1
data/processed/dogs/Dog_2740.jpg,1
data/processed/dogs/Dog_2741.jpg,1
data/processed/dogs/Dog_2742.jpg,1
data/processed/dogs/Dog_2743.jpg,1
data/processed/dogs/Dog_2744.jpg,1
data/processed/dogs/Dog_2745.jpg,1
data/processed/dogs/Dog_2746.jpg,1
data/processed/dogs/Dog_2747.jpg,1
data/processed/dogs/Dog_2749.jpg,1
data/processed/dogs/Dog_275.jpg,1
data/processed/dogs/Dog_2750.jpg,1
data/processed/dogs/Dog_2751.jpg,1
data/processed/dogs/Dog_2752.jpg,1
data/processed/dogs/Dog_2753.jpg,1
data/processed/dogs/Dog_2754.jpg,1
data/processed/dogs/Dog_2755.jpg,1
data/processed/dogs/Dog_2756.jpg,1
data/processed/dogs/Dog_2757.jpg,1
data/processed/dogs/Dog_2759.jpg,1
data/processed/dogs/Dog_276.jpg,1
data/processed/dogs/Dog_2760.jpg,1
data/processed/dogs/Dog_2761.jpg,1
data/processed/dogs/Dog_2763.jpg,1
data/processed/dogs/Dog_2764.jpg,1
data/processed/dogs/Dog_2765.jpg,1
data/processed/dogs/Dog_2766.jpg,1
data/processed/dogs/Dog_2767.jpg,1
data/processed/dogs/Dog_2768.jpg,1
data/processed/dogs/Dog_2769.jpg,1
data/processed/dogs/Dog_277.jpg,1
data/processed/dogs/Dog_2770.jpg,1
data/processed/dogs/Dog_2771.jpg,1
data/processed/dogs/Dog_2772.jpg,1
data/processed/dogs/Dog_2773.jpg,1
data/processed/dogs/Dog_2774.jpg,1
data/processed/dogs/Dog_2776.jpg,1
data/processed/dogs/Dog_2777.jpg,1
data/processed/dogs/Dog_2778.jpg,1
data/processed/dogs/Dog_2779.jpg,1
data/processed/dogs/Dog_2780.jpg,1
data/processed/dogs/Dog_2781.jpg,1
data/processed/dogs/Dog_2783.jpg,1
data/processed/dogs/Dog_2784.jpg,1
data/processed/dogs/Dog_2785.jpg,1
data/processed/dogs/Dog_2786.jpg,1
data/processed/dogs/Dog_2788.jpg,1
data/processed/dogs/Dog_2789.jpg,1
data/processed/dogs/Dog_279.jpg,1
data/processed/dogs/Dog_2790.jpg,1
data/processed/dogs/Dog_2793.jpg,1
data/processed/dogs/Dog_2794.jpg,1
data/processed/dogs/Dog_2795.jpg,1
data/processed/dogs/Dog_2796.jpg,1
data/processed/dogs/Dog_2797.jpg,1
data/processed/dogs/Dog_2798.jpg,1
data/processed/dogs/Dog_2799.jpg,1
data/processed/dogs/Dog_28.jpg,1
data/processed/dogs/Dog_280.jpg,1
data/processed/dogs/Dog_2801.jpg,1
data/processed/dogs/Dog_2802.jpg,1
data/processed/dogs/Dog_2803.jpg,1
data/processed/dogs/Dog_2805.jpg,1
data/processed/dogs/Dog_2806.jpg,1
data/processed/dogs/Dog_2807.jpg,1
data/processed/dogs/Dog_2808.jpg,1
data/processed/dogs/Dog_2809.jpg,1
data/processed/dogs/Dog_281.jpg,1
data/processed/dogs/Dog_2810.jpg,1
data/processed/dogs/Dog_2811.jpg,1
data/processed/dogs/Dog_2812.jpg,1
data/processed/dogs/Dog_2813.jpg,1
data/processed/dogs/Dog_2814.jpg,1
data/processed/dogs/Dog_2815.jpg,1
data/processed/dogs/Dog_2816.jpg,1
data/processed/dogs/Dog_2817.jpg,1
data/processed/dogs/Dog_2818.jpg,1
data/processed/dogs/Dog_2819.jpg,1
data/processed/dogs/Dog_282.jpg,1
data/processed/dogs/Dog_2820.jpg,1
data/processed/dogs/Dog_2821.jpg,1
data/processed/dogs/Dog_2822.jpg,1
data/processed/dogs/Dog_2823.jpg,1
data/processed/dogs/Dog_2824.jpg,1
data/processed/dogs/Dog_2825.jpg,1
data/processed/dogs/Dog_2826.jpg,1
data/processed/dogs/Dog_2827.jpg,1
data/processed/dogs/Dog_2828.jpg,1
data/processed/dogs/Dog_2829.jpg,1
data/processed/dogs/Dog_283.jpg,1
data/processed/dogs/Dog_2830.jpg,1
data/processed/dogs/Dog_2833.jpg,1
data/processed/dogs/Dog_2834.jpg,1
data/processed/dogs/Dog_2835.jpg,1
data/processed/dogs/Dog_2836.jpg,1
data/processed/dogs/Dog_2837.jpg,1
data/processed/dogs/Dog_2838.jpg,1
data/processed/dogs/Dog_2839.jpg,1
data/processed/dogs/Dog_284.jpg,1
data/processed/dogs/Dog_2840.jpg,1
data/processed/dogs/Dog_2841.jpg,1
data/processed/dogs/Dog_2842.jpg,1
data/processed/dogs/Dog_2844.jpg,1
data/processed/dogs/Dog_2845.jpg,1
data/processed/dogs/Dog_2846.jpg,1
data/processed/dogs/Dog_2849.jpg,1
data/processed/dogs/Dog_285.jpg,1
data/processed/dogs/Dog_2850.jpg,1
data/processed/dogs/Dog_2851.jpg,1
data/processed/dogs/Dog_2853.jpg,1
data/processed/dogs/Dog_2855.jpg,1
data/processed/dogs/Dog_2856.jpg,1
data/processed/dogs/Dog_2857.jpg,1
data/processed/dogs/Dog_2858.jpg,1
data/processed/dogs/Dog_2859.jpg,1
data/processed/dogs/Dog_286.jpg,1
data/processed/dogs/Dog_2860.jpg,1
data/processed/dogs/Dog_2861.jpg,1
data/processed/dogs/Dog_2863.jpg,1
data/processed/dogs/Dog_2864.jpg,1
data/processed/dogs/Dog_2865.jpg,1
data/processed/dogs/Dog_2866.jpg,1
data/processed/dogs/Dog_2867.jpg,1
data/processed/dogs/Dog_2868.jpg,1
data/processed/dogs/Dog_2869.jpg,1
data/processed/dogs/Dog_287.jpg,1
data/processed/dogs/Dog_2870.jpg,1
data/processed/dogs/Dog_2871.jpg,1
data/processed/dogs/Dog_2872.jpg,1
data/processed/dogs/Dog_2873.jpg,1
data/processed/dogs/Dog_2874.jpg,1
data/processed/dogs/Dog_2875.jpg,1
data/processed/dogs/Dog_2876.jpg,1
data/processed/dogs/Dog_2877.jpg,1
data/processed/dogs/Dog_2878.jpg,1
data/processed/dogs/Dog_2880.jpg,1
data/processed/dogs/Dog_2881.jpg,1
data/processed/dogs/Dog_2883.jpg,1
data/processed/dogs/Dog_2884.jpg,1
data/processed/dogs/Dog_2886.jpg,1
data/processed/dogs/Dog_2888.jpg,1
data/processed/dogs/Dog_289.jpg,1
data/processed/dogs/Dog_2890.jpg,1
data/processed/dogs/Dog_2891.jpg,1
data/processed/dogs/Dog_2892.jpg,1
data/processed/dogs/Dog_2894.jpg,1
data/processed/dogs/Dog_2896.jpg,1
data/processed/dogs/Dog_2897.jpg,1
data/processed/dogs/Dog_2898.jpg,1
data/processed/dogs/Dog_2899.jpg,1
data/processed/dogs/Dog_29.jpg,1
data/processed/dogs/Dog_290.jpg,1
data/processed/dogs/Dog_2900.jpg,1
data/processed/dogs/Dog_2901.jpg,1
data/processed/dogs/Dog_2902.jpg,1
data/processed/dogs/Dog_2903.jpg,1
data/processed/dogs/Dog_2904.jpg,1
data/processed/dogs/Dog_2905.jpg,1
data/processed/dogs/Dog_2906.jpg,1
data/processed/dogs/Dog_2908.jpg,1
data/processed/dogs/Dog_2909.jpg,1
data/processed/dogs/Dog_291.jpg,1
data/processed/dogs/Dog_2910.jpg,1
data/processed/dogs/Dog_2911.jpg,1
data/processed/dogs/Dog_2912.jpg,1
data/processed/dogs/Dog_2913.jpg,1
data/processed/dogs/Dog_2914.jpg,1
data/processed/dogs/Dog_2915.jpg,1
data/processed/dogs/Dog_2916.jpg,1
data/processed/dogs/Dog_2917.jpg,1
data/processed/dogs/Dog_2918.jpg,1
data/processed/dogs/Dog_2919.jpg,1
data/processed/dogs/Dog_292.jpg,1
data/processed/dogs/Dog_2920.jpg,1
data/processed/dogs/Dog_2922.jpg,1
data/processed/dogs/Dog_2924.jpg,1
data/processed/dogs/Dog_2925.jpg,1
data/processed/dogs/Dog_2926.jpg,1
data/processed/dogs/Dog_2927.jpg,1
data/processed/dogs/Dog_2929.jpg,1
data/processed/dogs/Dog_293.jpg,1
data/processed/dogs/Dog_2930.jpg,1
data/processed/dogs/Dog_2931.jpg,1
data/processed/dogs/Dog_2934.jpg,1
data/processed/dogs/Dog_2935.jpg,1
data/processed/dogs/Dog_2936.jpg,1
data/processed/dogs/Dog_2937.jpg,1
data/processed/dogs/Dog_2939.jpg,1
data/processed/dogs/Dog_294.jpg,1
data/processed/dogs/Dog_2940.jpg,1
data/processed/dogs/Dog_2941.jpg,1
data/processed/dogs/Dog_2942.jpg,1
data/processed/dogs/Dog_2943.jpg,1
data/processed/dogs/Dog_2944.jpg,1
data/processed/dogs/Dog_2945.jpg,1
data/processed/dogs/Dog_2946.jpg,1
data/processed/dogs/Dog_295.jpg,1
data/processed/dogs/Dog_2951.jpg,1
data/processed/dogs/Dog_2952.jpg,1
data/processed/dogs/Dog_2953.jpg,1
data/processed/dogs/Dog_2954.jpg,1
data/processed/dogs/Dog_2955.jpg,1
data/processed/dogs/Dog_2959.jpg,1
data/processed/dogs/Dog_296.jpg,1
data/processed/dogs/Dog_2960.jpg,1
data/processed/dogs/Dog_2961.jpg,1
data/processed/dogs/Dog_2962.jpg,1
data/processed/dogs/Dog_2964.jpg,1
data/processed/dogs/Dog_2965.jpg,1
data/processed/dogs/Dog_2966.jpg,1
data/processed/dogs/Dog_2967.jpg,1
data/processed/dogs/Dog_2969.jpg,1
data/processed/dogs/Dog_297.jpg,1
data/processed/dogs/Dog_2970.jpg,1
data/processed/dogs/Dog_2971.jpg,1
data/processed/dogs/Dog_2972.jpg,1
data/processed/dogs/Dog_2973.jpg,1
data/processed/dogs/Dog_2974.jpg,1
data/processed/dogs/Dog_2975.jpg,1
data/processed/dogs/Dog_2976.jpg,1
data/processed/dogs/Dog_2977.jpg,1
data/processed/dogs/Dog_2978.jpg,1
data/processed/dogs/Dog_2979.jpg,1
data/processed/dogs/Dog_298.jpg,1
data/processed/dogs/Dog_2980.jpg,1
data/processed/dogs/Dog_2981.jpg,1
data/processed/dogs/Dog_2983.jpg,1
data/processed/dogs/Dog_2984.jpg,1
data/processed/dogs/Dog_2985.jpg,1
data/processed/dogs/Dog_2986.jpg,1
data/processed/dogs/Dog_2988.jpg,1
data/processed/dogs/Dog_2989.jpg,1
data/processed/dogs/Dog_299.jpg,1
data/processed/dogs/Dog_2990.jpg,1
data/processed/dogs/Dog_2991.jpg,1
data/processed/dogs/Dog_2992.jpg,1
data/processed/dogs/Dog_2993.jpg,1
data/processed/dogs/Dog_2995.jpg,1
data/processed/dogs/Dog_2998.jpg,1
data/processed/dogs/Dog_300.jpg,1
data/processed/dogs/Dog_3000.jpg,1
data/processed/dogs/Dog_3001.jpg,1
data/processed/dogs/Dog_3002.jpg,1
data/processed/dogs/Dog_3003.jpg,1
data/processed/dogs/Dog_3005.jpg,1
data/processed/dogs/Dog_3006.jpg,1
data/processed/dogs/Dog_3007.jpg,1
data/processed/dogs/Dog_3008.jpg,1
data/processed/dogs/Dog_3009.jpg,1
data/processed/dogs/Dog_301.jpg,1
data/processed/dogs/Dog_3010.jpg,1
data/processed/dogs/Dog_3011.jpg,1
data/processed/dogs/Dog_3012.jpg,1
data/processed/dogs/Dog_3013.jpg,1
data/processed/dogs/Dog_3014.jpg,1
data/processed/dogs/Dog_3015.jpg,1
data/processed/dogs/Dog_3016.jpg,1
data/processed/dogs/Dog_3017.jpg,1
data/processed/dogs/Dog_3018.jpg,1
data/processed/dogs/Dog_3019.jpg,1
data/processed/dogs/Dog_302.jpg,1
data/processed/dogs/Dog_3022.jpg,1
data/processed/dogs/Dog_3023.jpg,1
data/processed/dogs/Dog_3024.jpg,1
data/processed/dogs/Dog_3025.jpg,1
data/processed/dogs/Dog_3026.jpg,1
data/processed/dogs/Dog_3028.jpg,1
data/processed/dogs/Dog_3029.jpg,1
data/processed/dogs/Dog_303.jpg,1
data/processed/dogs/Dog_3030.jpg,1
data/processed/dogs/Dog_3031.jpg,1
data/processed/dogs/Dog_3032.jpg,1
data/processed/dogs/Dog_3033.jpg,1
data/processed/dogs/Dog_3035.jpg,1
data/processed/dogs/Dog_3037.jpg,1
data/processed/dogs/Dog_3038.jpg,1
data/processed/dogs/Dog_3039.jpg,1
data/processed/dogs/Dog_304.jpg,1
data/processed/dogs/Dog_3040.jpg,1
data/processed/dogs/Dog_3041.jpg,1
data/processed/dogs/Dog_3042.jpg,1
data/processed/dogs/Dog_3043.jpg,1
data/processed/dogs/Dog_3044.jpg,1
data/processed/dogs/Dog_3045.jpg,1
data/processed/dogs/Dog_3046.jpg,1
data/processed/dogs/Dog_3048.jpg,1
data/processed/dogs/Dog_305.jpg,1
data/processed/dogs/Dog_3050.jpg,1
data/processed/dogs/Dog_3052.jpg,1
data/processed/dogs/Dog_3053.jpg,1
data/processed/dogs/Dog_3054.jpg,1
data/processed/dogs/Dog_3055.jpg,1
data/processed/dogs/Dog_3056.jpg,1
data/processed/dogs/Dog_3057.jpg,1
data/processed/dogs/Dog_3058.jpg,1
data/processed/dogs/Dog_306.jpg,1
data/processed/dogs/Dog_3060.jpg,1
data/processed/dogs/Dog_3061.jpg,1
data/processed/dogs/Dog_3062.jpg,1
data/processed/dogs/Dog_3063.jpg,1
data/processed/dogs/Dog_3064.jpg,1
data/processed/dogs/Dog_3065.jpg,1
data/processed/dogs/Dog_3066.jpg,1
data/processed/dogs/Dog_3068.jpg,1
data/processed/dogs/Dog_3069.jpg,1
data/processed/dogs/Dog_3071.jpg,1
data/processed/dogs/Dog_3072.jpg,1
data/processed/dogs/Dog_3073.jpg,1
data/processed/dogs/Dog_3074.jpg,1
data/processed/dogs/Dog_3075.jpg,1
data/processed/dogs/Dog_3076.jpg,1
data/processed/dogs/Dog_3077.jpg,1
data/processed/dogs/Dog_3078.jpg,1
data/processed/dogs/Dog_3079.jpg,1
data/processed/dogs/Dog_3080.jpg,1
data/processed/dogs/Dog_3081.jpg,1
data/processed/dogs/Dog_3082.jpg,1
data/processed/dogs/Dog_3083.jpg,1
data/processed/dogs/Dog_3084.jpg,1
data/processed/dogs/Dog_3085.jpg,1
data/processed/dogs/Dog_3086.jpg,1
data/processed/dogs/Dog_3088.jpg,1
data/processed/dogs/Dog_3089.jpg,1
data/processed/dogs/Dog_309.jpg,1
data/processed/dogs/Dog_3090.jpg,1
data/processed/dogs/Dog_3091.jpg,1
data/processed/dogs/Dog_3093.jpg,1
data/processed/dogs/Dog_3094.jpg,1
data/processed/dogs/Dog_3095.jpg,1
data/processed/dogs/Dog_3096.jpg,1
data/processed/dogs/Dog_3097.jpg,1
data/processed/dogs/Dog_3098.jpg,1
data/processed/dogs/Dog_3099.jpg,1
data/processed/dogs/Dog_31.jpg,1
data/processed/dogs/Dog_3100.jpg,1
data/processed/dogs/Dog_3101.jpg,1
data/processed/dogs/Dog_3102.jpg,1
data/processed/dogs/Dog_3103.jpg,1
data/processed/dogs/Dog_3104.jpg,1
data/processed/dogs/Dog_3106.jpg,1
data/processed/dogs/Dog_3107.jpg,1
data/processed/dogs/Dog_3108.jpg,1
data/processed/dogs/Dog_3109.jpg,1
data/processed/dogs/Dog_3110.jpg,1
data/processed/dogs/Dog_3111.jpg,1
data/processed/dogs/Dog_3113.jpg,1
data/processed/dogs/Dog_3114.jpg,1
data/processed/dogs/Dog_3115.jpg,1
data/processed/dogs/Dog_3116.jpg,1
data/processed/dogs/Dog_3117.jpg,1
data/processed/dogs/Dog_3118.jpg,1
data/processed/dogs/Dog_312.jpg,1
data/processed/dogs/Dog_3120.jpg,1
data/processed/dogs/Dog_3121.jpg,1
data/processed/dogs/Dog_3123.jpg,1
data/processed/dogs/Dog_3125.jpg,1
data/processed/dogs/Dog_3126.jpg,1
data/processed/dogs/Dog_3129.jpg,1
data/processed/dogs/Dog_313.jpg,1
data/processed/dogs/Dog_3132.jpg,1
data/processed/dogs/Dog_3133.jpg,1
data/processed/dogs/Dog_3134.jpg,1
data/processed/dogs/Dog_3135.jpg,1
data/processed/dogs/Dog_3136.jpg,1
data/processed/dogs/Dog_3138.jpg,1
data/processed/dogs/Dog_3139.jpg,1
data/processed/dogs/Dog_314.jpg,1
data/processed/dogs/Dog_3140.jpg,1
data/processed/dogs/Dog_3141.jpg,1
data/processed/dogs/Dog_3142.jpg,1
data/processed/dogs/Dog_3144.jpg,1
data/processed/dogs/Dog_3145.jpg,1
data/processed/dogs/Dog_3148.jpg,1
data/processed/dogs/Dog_315.jpg,1
data/processed/dogs/Dog_3150.jpg,1
data/processed/dogs/Dog_3151.jpg,1
data/processed/dogs/Dog_3153.jpg,1
data/processed/dogs/Dog_3154.jpg,1
data/processed/dogs/Dog_3155.jpg,1
data/processed/dogs/Dog_3156.jpg,1
data/processed/dogs/Dog_3157.jpg,1
data/processed/dogs/Dog_3159.jpg,1
data/processed/dogs/Dog_316.jpg,1
data/processed/dogs/Dog_3160.jpg,1
data/processed/dogs/Dog_3161.jpg,1
data/processed/dogs/Dog_3162.jpg,1
data/processed/dogs/Dog_3164.jpg,1
data/processed/dogs/Dog_3167.jpg,1
data/processed/dogs/Dog_3168.jpg,1
data/processed/dogs/Dog_3169.jpg,1
data/processed/dogs/Dog_317.jpg,1
data/processed/dogs/Dog_3170.jpg,1
data/processed/dogs/Dog_3171.jpg,1
data/processed/dogs/Dog_3172.jpg,1
data/processed/dogs/Dog_3175.jpg,1
data/processed/dogs/Dog_3177.jpg,1
data/processed/dogs/Dog_3178.jpg,1
data/processed/dogs/Dog_3179.jpg,1
data/processed/dogs/Dog_318.jpg,1
data/processed/dogs/Dog_3180.jpg,1
data/processed/dogs/Dog_3182.jpg,1
data/processed/dogs/Dog_3184.jpg,1
data/processed/dogs/Dog_3186.jpg,1
data/processed/dogs/Dog_3187.jpg,1
data/processed/dogs/Dog_3188.jpg,1
data/processed/dogs/Dog_3189.jpg,1
data/processed/dogs/Dog_319.jpg,1
data/processed/dogs/Dog_3190.jpg,1
data/processed/dogs/Dog_3191.jpg,1
data/processed/dogs/Dog_3192.jpg,1
data/processed/dogs/Dog_3193.jpg,1
data/processed/dogs/Dog_3195.jpg,1
data/processed/dogs/Dog_3196.jpg,1
data/processed/dogs/Dog_3198.jpg,1
data/processed/dogs/Dog_3199.jpg,1
data/processed/dogs/Dog_32.jpg,1
data/processed/dogs/Dog_3200.jpg,1
data/processed/dogs/Dog_3202.jpg,1
data/processed/dogs/Dog_3203.jpg,1
data/processed/dogs/Dog_3204.jpg,1
data/processed/dogs/Dog_3205.jpg,1
data/processed/dogs/Dog_3206.jpg,1
data/processed/dogs/Dog_3207.jpg,1
data/processed/dogs/Dog_3208.jpg,1
data/processed/dogs/Dog_3209.jpg,1
data/processed/dogs/Dog_321.jpg,1
data/processed/dogs/Dog_3210.jpg,1
data/processed/dogs/Dog_3212.jpg,1
data/processed/dogs/Dog_3213.jpg,1
data/processed/dogs/Dog_3215.jpg,1
data/processed/dogs/Dog_3217.jpg,1
data/processed/dogs/Dog_3218.jpg,1
data/processed/dogs/Dog_3219.jpg,1
data/processed/dogs/Dog_3220.jpg,1
data/processed/dogs/Dog_3221.jpg,1
data/processed/dogs/Dog_3223.jpg,1
data/processed/dogs/Dog_3224.jpg,1
data/processed/dogs/Dog_3225.jpg,1
data/processed/dogs/Dog_3226.jpg,1
data/processed/dogs/Dog_3227.jpg,1
data/processed/dogs/Dog_3228.jpg,1
data/processed/dogs/Dog_3229.jpg,1
data/processed/dogs/Dog_323.jpg,1
data/processed/dogs/Dog_3230.jpg,1
data/processed/dogs/Dog_3231.jpg,1
data/processed/dogs/Dog_3232.jpg,1
data/processed/dogs/Dog_3233.jpg,1
data/processed/dogs/Dog_3234.jpg,1
data/processed/dogs/Dog_3235.jpg,1
data/processed/dogs/Dog_3236.jpg,1
data/processed/dogs/Dog_3237.jpg,1
data/processed/dogs/Dog_3238.jpg,1
data/processed/dogs/Dog_3239.jpg,1
data/processed/dogs/Dog_324.jpg,1
data/processed/dogs/Dog_3240.jpg,1
data/processed/dogs/Dog_3241.jpg,1
data/processed/dogs/Dog_3243.jpg,1
data/processed/dogs/Dog_3244.jpg,1
data/processed/dogs/Dog_3246.jpg,1
data/processed/dogs/Dog_3247.jpg,1
data/processed/dogs/Dog_3248.jpg,1
data/processed/dogs/Dog_3249.jpg,1
data/processed/dogs/Dog_325.jpg,1
data/processed/dogs/Dog_3250.jpg,1
data/processed/dogs/Dog_3251.jpg,1
data/processed/dogs/Dog_3253.jpg,1
data/processed/dogs/Dog_3254.jpg,1
data/processed/dogs/Dog_3255.jpg,1
data/processed/dogs/Dog_3257.jpg,1
data/processed/dogs/Dog_3258.jpg,1
data/processed/dogs/Dog_3260.jpg,1
data/processed/dogs/Dog_3261.jpg,1
data/processed/dogs/Dog_3262.jpg,1
data/processed/dogs/Dog_3263.jpg,1
data/processed/dogs/Dog_3264.jpg,1
data/processed/dogs/Dog_3265.jpg,1
data/processed/dogs/Dog_3266.jpg,1
data/processed/dogs/Dog_3267.jpg,1
data/processed/dogs/Dog_3268.jpg,1
data/processed/dogs/Dog_3269.jpg,1
data/processed/dogs/Dog_327.jpg,1
data/processed/dogs/Dog_3272.jpg,1
data/processed/dogs/Dog_3273.jpg,1
data/processed/dogs/Dog_3275.jpg,1
data/processed/dogs/Dog_3277.jpg,1
data/processed/dogs/Dog_3278.jpg,1
data/processed/dogs/Dog_3279.jpg,1
data/processed/dogs/Dog_328.jpg,1
data/processed/dogs/Dog_3280.jpg,1
data/processed/dogs/Dog_3281.jpg,1
data/processed/dogs/Dog_3282.jpg,1
data/processed/dogs/Dog_3283.jpg,1
data/processed/dogs/Dog_3285.jpg,1
data/processed/dogs/Dog_3286.jpg,1
data/processed/dogs/Dog_3287.jpg,1
data/processed/dogs/Dog_3288.jpg,1
data/processed/dogs/Dog_3289.jpg,1
data/processed/dogs/Dog_329.jpg,1
data/processed/dogs/Dog_3290.jpg,1
data/processed/dogs/Dog_3291.jpg,1
data/processed/dogs/Dog_3292.jpg,1
data/processed/dogs/Dog_3293.jpg,1
data/processed/dogs/Dog_3294.jpg,1
data/processed/dogs/Dog_3296.jpg,1
data/processed/dogs/Dog_3297.jpg,1
data/processed/dogs/Dog_3299.jpg,1
data/processed/dogs/Dog_330.jpg,1
data/processed/dogs/Dog_3301.jpg,1
data/processed/dogs/Dog_3302.jpg,1
data/processed/dogs/Dog_3303.jpg,1
data/processed/dogs/Dog_3305.jpg,1
data/processed/dogs/Dog_3306.jpg,1
data/processed/dogs/Dog_3307.jpg,1
data/processed/dogs/Dog_331.jpg,1
data/processed/dogs/Dog_3311.jpg,1
data/processed/dogs/Dog_3312.jpg,1
data/processed/dogs/Dog_3313.jpg,1
data/processed/dogs/Dog_3314.jpg,1
data/processed/dogs/Dog_3315.jpg,1
data/processed/dogs/Dog_3316.jpg,1
data/processed/dogs/Dog_3317.jpg,1
data/processed/dogs/Dog_3318.jpg,1
data/processed/dogs/Dog_3319.jpg,1
data/processed/dogs/Dog_3320.jpg,1
data/processed/dogs/Dog_3321.jpg,1
data/processed/dogs/Dog_3322.jpg,1
data/processed/dogs/Dog_3323.jpg,1
data/processed/dogs/Dog_3324.jpg,1
data/processed/dogs/Dog_3325.jpg,1
data/processed/dogs/Dog_3326.jpg,1
data/processed/dogs/Dog_3327.jpg,1
data/processed/dogs/Dog_333.jpg,1
data/processed/dogs/Dog_3330.jpg,1
data/processed/dogs/Dog_3331.jpg,1
data/processed/dogs/Dog_3332.jpg,1
data/processed/dogs/Dog_3333.jpg,1
data/processed/dogs/Dog_3335.jpg,1
data/processed/dogs/Dog_3336.jpg,1
data/processed/dogs/Dog_3337.jpg,1
data/processed/dogs/Dog_3338.jpg,1
data/processed/dogs/Dog_3339.jpg,1
data/processed/dogs/Dog_3340.jpg,1
data/processed/dogs/Dog_3341.jpg,1
data/processed/dogs/Dog_3342.jpg,1
data/processed/dogs/Dog_3343.jpg,1
data/processed/dogs/Dog_3344.jpg,1
data/processed/dogs/Dog_3345.jpg,1
data/processed/dogs/Dog_3346.jpg,1
data/processed/dogs/Dog_3349.jpg,1
data/processed/dogs/Dog_335.jpg,1
data/processed/dogs/Dog_3350.jpg,1
data/processed/dogs/Dog_3351.jpg,1
data/processed/dogs/Dog_3352.jpg,1
data/processed/dogs/Dog_3353.jpg,1
data/processed/dogs/Dog_3354.jpg,1
data/processed/dogs/Dog_3356.jpg,1
data/processed/dogs/Dog_3357.jpg,1
data/processed/dogs/Dog_3358.jpg,1
data/processed/dogs/Dog_3360.jpg,1
data/processed/dogs/Dog_3362.jpg,1
data/processed/dogs/Dog_3364.jpg,1
data/processed/dogs/Dog_3365.jpg,1
data/processed/dogs/Dog_3366.jpg,1
data/processed/dogs/Dog_3367.jpg,1
data/processed/dogs/Dog_3368.jpg,1
data/processed/dogs/Dog_337.jpg,1
data/processed/dogs/Dog_3370.jpg,1
data/processed/dogs/Dog_3371.jpg,1
data/processed/dogs/Dog_3372.jpg,1
data/processed/dogs/Dog_3373.jpg,1
data/processed/dogs/Dog_3374.jpg,1
data/processed/dogs/Dog_3375.jpg,1
data/processed/dogs/Dog_3376.jpg,1
data/processed/dogs/Dog_3378.jpg,1
data/processed/dogs/Dog_3379.jpg,1
data/processed/dogs/Dog_338.jpg,1
data/processed/dogs/Dog_3380.jpg,1
data/processed/dogs/Dog_3381.jpg,1
data/processed/dogs/Dog_3382.jpg,1
data/processed/dogs/Dog_3383.jpg,1
data/processed/dogs/Dog_3385.jpg,1
data/processed/dogs/Dog_3386.jpg,1
data/processed/dogs/Dog_3387.jpg,1
data/processed/dogs/Dog_3388.jpg,1
data/processed/dogs/Dog_3389.jpg,1
data/processed/dogs/Dog_339.jpg,1
data/processed/dogs/Dog_3390.jpg,1
data/processed/dogs/Dog_3392.jpg,1
data/processed/dogs/Dog_3393.jpg,1
data/processed/dogs/Dog_3396.jpg,1
data/processed/dogs/Dog_3398.jpg,1
data/processed/dogs/Dog_3399.jpg,1
data/processed/dogs/Dog_34.jpg,1
data/processed/dogs/Dog_340.jpg,1
data/processed/dogs/Dog_3400.jpg,1
data/processed/dogs/Dog_3401.jpg,1
data/processed/dogs/Dog_3403.jpg,1
data/processed/dogs/Dog_3404.jpg,1
data/processed/dogs/Dog_3405.jpg,1
data/processed/dogs/Dog_3407.jpg,1
data/processed/dogs/Dog_3408.jpg,1
data/processed/dogs/Dog_3409.jpg,1
data/processed/dogs/Dog_3410.jpg,1
data/processed/dogs/Dog_3412.jpg,1
data/processed/dogs/Dog_3413.jpg,1
data/processed/dogs/Dog_3414.jpg,1
data/processed/dogs/Dog_3415.jpg,1
data/processed/dogs/Dog_3416.jpg,1
data/processed/dogs/Dog_3417.jpg,1
data/processed/dogs/Dog_3419.jpg,1
data/processed/dogs/Dog_3420.jpg,1
data/processed/dogs/Dog_3421.jpg,1
data/processed/dogs/Dog_3422.jpg,1
data/processed/dogs/Dog_3423.jpg,1
data/processed/dogs/Dog_3424.jpg,1
data/processed/dogs/Dog_3426.jpg,1
data/processed/dogs/Dog_3427.jpg,1
data/processed/dogs/Dog_3428.jpg,1
data/processed/dogs/Dog_3429.jpg,1
data/processed/dogs/Dog_343.jpg,1
data/processed/dogs/Dog_3430.jpg,1
data/processed/dogs/Dog_3431.jpg,1
data/processed/dogs/Dog_3432.jpg,1
data/processed/dogs/Dog_3433.jpg,1
data/processed/dogs/Dog_3435.jpg,1
data/processed/dogs/Dog_3436.jpg,1
data/processed/dogs/Dog_3437.jpg,1
data/processed/dogs/Dog_3438.jpg,1
data/processed/dogs/Dog_3439.jpg,1
data/processed/dogs/Dog_344.jpg,1
data/processed/dogs/Dog_3441.jpg,1
data/processed/dogs/Dog_3442.jpg,1
data/processed/dogs/Dog_3443.jpg,1
data/processed/dogs/Dog_3444.jpg,1
data/processed/dogs/Dog_3445.jpg,1
data/processed/dogs/Dog_3446.jpg,1
data/processed/dogs/Dog_3447.jpg,1
data/processed/dogs/Dog_3448.jpg,1
data/processed/dogs/Dog_3449.jpg,1
data/processed/dogs/Dog_345.jpg,1
data/processed/dogs/Dog_3450.jpg,1
data/processed/dogs/Dog_3451.jpg,1
data/processed/dogs/Dog_3452.jpg,1
data/processed/dogs/Dog_3453.jpg,1
data/processed/dogs/Dog_3456.jpg,1
data/processed/dogs/Dog_3457.jpg,1
data/processed/dogs/Dog_3458.jpg,1
data/processed/dogs/Dog_3459.jpg,1
data/processed/dogs/Dog_346.jpg,1
data/processed/dogs/Dog_3460.jpg,1
data/processed/dogs/Dog_3461.jpg,1
data/processed/dogs/Dog_3462.jpg,1
data/processed/dogs/Dog_3463.jpg,1
data/processed/dogs/Dog_3464.jpg,1
data/processed/dogs/Dog_3465.jpg,1
data/processed/dogs/Dog_3466.jpg,1
data/processed/dogs/Dog_3467.jpg,1
data/processed/dogs/Dog_3468.jpg,1
data/processed/dogs/Dog_3469.jpg,1
data/processed/dogs/Dog_347.jpg,1
data/processed/dogs/Dog_3470.jpg,1
data/processed/dogs/Dog_3473.jpg,1
data/processed/dogs/Dog_3474.jpg,1
data/processed/dogs/Dog_3475.jpg,1
data/processed/dogs/Dog_3476.jpg,1
data/processed/dogs/Dog_3477.jpg,1
data/processed/dogs/Dog_3478.jpg,1
data/processed/dogs/Dog_348.jpg,1
data/processed/dogs/Dog_3480.jpg,1
data/processed/dogs/Dog_3481.jpg,1
data/processed/dogs/Dog_3482.jpg,1
data/processed/dogs/Dog_3483.jpg,1
data/processed/dogs/Dog_3484.jpg,1
data/processed/dogs/Dog_3485.jpg,1
data/processed/dogs/Dog_3486.jpg,1
data/processed/dogs/Dog_3487.jpg,1
data/processed/dogs/Dog_3490.jpg,1
data/processed/dogs/Dog_3491.jpg,1
data/processed/dogs/Dog_3494.jpg,1
data/processed/dogs/Dog_3496.jpg,1
data/processed/dogs/Dog_3497.jpg,1
data/processed/dogs/Dog_3498.jpg,1
data/processed/dogs/Dog_3499.jpg,1
data/processed/dogs/Dog_350.jpg,1
data/processed/dogs/Dog_3502.jpg,1
data/processed/dogs/Dog_3504.jpg,1
data/processed/dogs/Dog_3506.jpg,1
data/processed/dogs/Dog_3508.jpg,1
data/processed/dogs/Dog_3509.jpg,1
data/processed/dogs/Dog_351.jpg,1
data/processed/dogs/Dog_3511.jpg,1
data/processed/dogs/Dog_3512.jpg,1
data/processed/dogs/Dog_3514.jpg,1
data/processed/dogs/Dog_3515.jpg,1
data/processed/dogs/Dog_3516.jpg,1
data/processed/dogs/Dog_3519.jpg,1
data/processed/dogs/Dog_3521.jpg,1
data/processed/dogs/Dog_3522.jpg,1
data/processed/dogs/Dog_3523.jpg,1
data/processed/dogs/Dog_3524.jpg,1
data/processed/dogs/Dog_3525.jpg,1
data/processed/dogs/Dog_3526.jpg,1
data/processed/dogs/Dog_3529.jpg,1
data/processed/dogs/Dog_353.jpg,1
data/processed/dogs/Dog_3530.jpg,1
data/processed/dogs/Dog_3531.jpg,1
data/processed/dogs/Dog_3533.jpg,1
data/processed/dogs/Dog_3534.jpg,1
data/processed/dogs/Dog_3535.jpg,1
data/processed/dogs/Dog_3536.jpg,1
data/processed/dogs/Dog_3537.jpg,1
data/processed/dogs/Dog_3538.jpg,1
data/processed/dogs/Dog_354.jpg,1
data/processed/dogs/Dog_3540.jpg,1
data/processed/dogs/Dog_3541.jpg,1
data/processed/dogs/Dog_3542.jpg,1
data/processed/dogs/Dog_3544.jpg,1
data/processed/dogs/Dog_3545.jpg,1
data/processed/dogs/Dog_3546.jpg,1
data/processed/dogs/Dog_3547.jpg,1
data/processed/dogs/Dog_3548.jpg,1
data/processed/dogs/Dog_3549.jpg,1
data/processed/dogs/Dog_355.jpg,1
data/processed/dogs/Dog_3550.jpg,1
data/processed/dogs/Dog_3551.jpg,1
data/processed/dogs/Dog_3552.jpg,1
data/processed/dogs/Dog_3553.jpg,1
data/processed/dogs/Dog_3554.jpg,1
data/processed/dogs/Dog_3555.jpg,1
data/processed/dogs/Dog_3557.jpg,1
data/processed/dogs/Dog_3558.jpg,1
data/processed/dogs/Dog_3559.jpg,1
data/processed/dogs/Dog_356.jpg,1
data/processed/dogs/Dog_3562.jpg,1
data/processed/dogs/Dog_3564.jpg,1
data/processed/dogs/Dog_3565.jpg,1
data/processed/dogs/Dog_3566.jpg,1
data/processed/dogs/Dog_3568.jpg,1
data/processed/dogs/Dog_3569.jpg,1
data/processed/dogs/Dog_357.jpg,1
data/processed/dogs/Dog_3570.jpg,1
data/processed/dogs/Dog_3572.jpg,1
data/processed/dogs/Dog_3573.jpg,1
data/processed/dogs/Dog_3575.jpg,1
data/processed/dogs/Dog_3576.jpg,1
data/processed/dogs/Dog_3577.jpg,1
data/processed/dogs/Dog_3578.jpg,1
data/processed/dogs/Dog_3580.jpg,1
data/processed/dogs/Dog_3581.jpg,1
data/processed/dogs/Dog_3582.jpg,1
data/processed/dogs/Dog_3583.jpg,1
data/processed/dogs/Dog_3584.jpg,1
data/processed/dogs/Dog_3585.jpg,1
data/processed/dogs/Dog_3586.jpg,1
data/processed/dogs/Dog_3588.jpg,1
data/processed/dogs/Dog_3589.jpg,1
data/processed/dogs/Dog_3590.jpg,1
data/processed/dogs/Dog_3591.jpg,1
data/processed/dogs/Dog_3592.jpg,1
data/processed/dogs/Dog_3593.jpg,1
data/processed/dogs/Dog_3594.jpg,1
data/processed/dogs/Dog_3595.jpg,1
data/processed/dogs/Dog_3596.jpg,1
data/processed/dogs/Dog_3598.jpg,1
data/processed/dogs/Dog_3599.jpg,1
data/processed/dogs/Dog_36.jpg,1
data/processed/dogs/Dog_360.jpg,1
data/processed/dogs/Dog_3600.jpg,1
data/processed/dogs/Dog_3601.jpg,1
data/processed/dogs/Dog_3602.jpg,1
data/processed/dogs/Dog_3603.jpg,1
data/processed/dogs/Dog_3604.jpg,1
data/processed/dogs/Dog_3605.jpg,1
data/processed/dogs/Dog_3606.jpg,1
data/processed/dogs/Dog_3607.jpg,1
data/processed/dogs/Dog_361.jpg,1
data/processed/dogs/Dog_3610.jpg,1
data/processed/dogs/Dog_3611.jpg,1
data/processed/dogs/Dog_3612.jpg,1
data/processed/dogs/Dog_3613.jpg,1
data/processed/dogs/Dog_3615.jpg,1
data/processed/dogs/Dog_3616.jpg,1
data/processed/dogs/Dog_3618.jpg,1
data/processed/dogs/Dog_3619.jpg,1
data/processed/dogs/Dog_362.jpg,1
data/processed/dogs/Dog_3621.jpg,1
data/processed/dogs/Dog_3623.jpg,1
data/processed/dogs/Dog_3625.jpg,1
data/processed/dogs/Dog_3628.jpg,1
data/processed/dogs/Dog_3630.jpg,1
data/processed/dogs/Dog_3631.jpg,1
data/processed/dogs/Dog_3632.jpg,1
data/processed/dogs/Dog_3633.jpg,1
data/processed/dogs/Dog_3634.jpg,1
data/processed/dogs/Dog_3636.jpg,1
data/processed/dogs/Dog_3638.jpg,1
data/processed/dogs/Dog_3639.jpg,1
data/processed/dogs/Dog_364.jpg,1
data/processed/dogs/Dog_3640.jpg,1
data/processed/dogs/Dog_3641.jpg,1
data/processed/dogs/Dog_3642.jpg,1
data/processed/dogs/Dog_3643.jpg,1
data/processed/dogs/Dog_3644.jpg,1
data/processed/dogs/Dog_3647.jpg,1
data/processed/dogs/Dog_365.jpg,1
data/processed/dogs/Dog_3650.jpg,1
data/processed/dogs/Dog_3651.jpg,1
data/processed/dogs/Dog_3653.jpg,1
data/processed/dogs/Dog_3654.jpg,1
data/processed/dogs/Dog_3655.jpg,1
data/processed/dogs/Dog_3657.jpg,1
data/processed/dogs/Dog_3658.jpg,1
data/processed/dogs/Dog_366.jpg,1
data/processed/dogs/Dog_3660.jpg,1
data/processed/dogs/Dog_3661.jpg,1
data/processed/dogs/Dog_3662.jpg,1
data/processed/dogs/Dog_3663.jpg,1
data/processed/dogs/Dog_3664.jpg,1
data/processed/dogs/Dog_3665.jpg,1
data/processed/dogs/Dog_3666.jpg,1
data/processed/dogs/Dog_3667.jpg,1
data/processed/dogs/Dog_3669.jpg,1
data/processed/dogs/Dog_3670.jpg,1
data/processed/dogs/Dog_3671.jpg,1
data/processed/dogs/Dog_3672.jpg,1
data/processed/dogs/Dog_3673.jpg,1
data/processed/dogs/Dog_3674.jpg,1
data/processed/dogs/Dog_3675.jpg,1
data/processed/dogs/Dog_3676.jpg,1
data/processed/dogs/Dog_3677.jpg,1
data/processed/dogs/Dog_3679.jpg,1
data/processed/dogs/Dog_368.jpg,1
data/processed/dogs/Dog_3681.jpg,1
data/processed/dogs/Dog_3682.jpg,1
data/processed/dogs/Dog_3683.jpg,1
data/processed/dogs/Dog_3684.jpg,1
data/processed/dogs/Dog_3685.jpg,1
data/processed/dogs/Dog_3686.jpg,1
data/processed/dogs/Dog_3689.jpg,1
data/processed/dogs/Dog_369.jpg,1
data/processed/dogs/Dog_3690.jpg,1
data/processed/dogs/Dog_3693.jpg,1
data/processed/dogs/Dog_3694.jpg,1
data/processed/dogs/Dog_3695.jpg,1
data/processed/dogs/Dog_3696.jpg,1
data/processed/dogs/Dog_3698.jpg,1
data/processed/dogs/Dog_3699.jpg,1
data/processed/dogs/Dog_37.jpg,1
data/processed/dogs/Dog_370.jpg,1
data/processed/dogs/Dog_3700.jpg,1
data/processed/dogs/Dog_3701.jpg,1
data/processed/dogs/Dog_3702.jpg,1
data/processed/dogs/Dog_3703.jpg,1
data/processed/dogs/Dog_3705.jpg,1
data/processed/dogs/Dog_3706.jpg,1
data/processed/dogs/Dog_3707.jpg,1
data/processed/dogs/Dog_3709.jpg,1
data/processed/dogs/Dog_371.jpg,1
data/processed/dogs/Dog_3710.jpg,1
data/processed/dogs/Dog_3711.jpg,1
data/processed/dogs/Dog_3712.jpg,1
data/processed/dogs/Dog_3713.jpg,1
data/processed/dogs/Dog_3714.jpg,1
data/processed/dogs/Dog_3715.jpg,1
data/processed/dogs/Dog_3716.jpg,1
data/processed/dogs/Dog_3717.jpg,1
data/processed/dogs/Dog_3719.jpg,1
data/processed/dogs/Dog_372.jpg,1
data/processed/dogs/Dog_3721.jpg,1
data/processed/dogs/Dog_3723.jpg,1
data/processed/dogs/Dog_3724.jpg,1
data/processed/dogs/Dog_3725.jpg,1
data/processed/dogs/Dog_3726.jpg,1
data/processed/dogs/Dog_3727.jpg,1
data/processed/dogs/Dog_3728.jpg,1
data/processed/dogs/Dog_3729.jpg,1
data/processed/dogs/Dog_373.jpg,1
data/processed/dogs/Dog_3730.jpg,1
data/processed/dogs/Dog_3731.jpg,1
data/processed/dogs/Dog_3732.jpg,1
data/processed/dogs/Dog_3734.jpg,1
data/processed/dogs/Dog_3735.jpg,1
data/processed/dogs/Dog_3737.jpg,1
data/processed/dogs/Dog_3739.jpg,1
data/processed/dogs/Dog_374.jpg,1
data/processed/dogs/Dog_3740.jpg,1
data/processed/dogs/Dog_3741.jpg,1
data/processed/dogs/Dog_3742.jpg,1
data/processed/dogs/Dog_3743.jpg,1
data/processed/dogs/Dog_3744.jpg,1
data/processed/dogs/Dog_3745.jpg,1
data/processed/dogs/Dog_3746.jpg,1
data/processed/dogs/Dog_3747.jpg,1
data/processed/dogs/Dog_3748.jpg,1
data/processed/dogs/Dog_3749.jpg,1
data/processed/dogs/Dog_375.jpg,1
data/processed/dogs/Dog_3750.jpg,1
data/processed/dogs/Dog_3752.jpg,1
data/processed/dogs/Dog_3753.jpg,1
data/processed/dogs/Dog_3754.jpg,1
data/processed/dogs/Dog_3757.jpg,1
data/processed/dogs/Dog_3758.jpg,1
data/processed/dogs/Dog_3759.jpg,1
data/processed/dogs/Dog_376.jpg,1
data/processed/dogs/Dog_3760.jpg,1
data/processed/dogs/Dog_3761.jpg,1
data/processed/dogs/Dog_3762.jpg,1
data/processed/dogs/Dog_3764.jpg,1
data/processed/dogs/Dog_3765.jpg,1
data/processed/dogs/Dog_3766.jpg,1
data/processed/dogs/Dog_3767.jpg,1
data/processed/dogs/Dog_3768.jpg,1
data/processed/dogs/Dog_3769.jpg,1
data/processed/dogs/Dog_377.jpg,1
data/processed/dogs/Dog_3770.jpg,1
data/processed/dogs/Dog_3772.jpg,1
data/processed/dogs/Dog_3773.jpg,1
data/processed/dogs/Dog_3774.jpg,1
data/processed/dogs/Dog_3775.jpg,1
data/processed/dogs/Dog_3776.jpg,1
data/processed/dogs/Dog_3777.jpg,1
data/processed/dogs/Dog_3778.jpg,1
data/processed/dogs/Dog_3779.jpg,1
data/processed/dogs/Dog_378.jpg,1
data/processed/dogs/Dog_3781.jpg,1
data/processed/dogs/Dog_3782.jpg,1
data/processed/dogs/Dog_3783.jpg,1
data/processed/dogs/Dog_3784.jpg,1
data/processed/dogs/Dog_3786.jpg,1
data/processed/dogs/Dog_3787.jpg,1
data/processed/dogs/Dog_3788.jpg,1
data/processed/dogs/Dog_3789.jpg,1
data/processed/dogs/Dog_379.jpg,1
data/processed/dogs/Dog_3790.jpg,1
data/processed/dogs/Dog_3791.jpg,1
data/processed/dogs/Dog_3792.jpg,1
data/processed/dogs/Dog_3793.jpg,1
data/processed/dogs/Dog_3794.jpg,1
data/processed/dogs/Dog_3795.jpg,1
data/processed/dogs/Dog_3796.jpg,1
data/processed/dogs/Dog_3798.jpg,1
data/processed/dogs/Dog_3799.jpg,1
data/processed/dogs/Dog_38.jpg,1
data/processed/dogs/Dog_3801.jpg,1
data/processed/dogs/Dog_3802.jpg,1
data/processed/dogs/Dog_3803.jpg,1
data/processed/dogs/Dog_3804.jpg,1
data/processed/dogs/Dog_3805.jpg,1
data/processed/dogs/Dog_3806.jpg,1
data/processed/dogs/Dog_3808.jpg,1
data/processed/dogs/Dog_3810.jpg,1
data/processed/dogs/Dog_3811.jpg,1
data/processed/dogs/Dog_3812.jpg,1
data/processed/dogs/Dog_3813.jpg,1
data/processed/dogs/Dog_3814.jpg,1
data/processed/dogs/Dog_3817.jpg,1
data/processed/dogs/Dog_3819.jpg,1
data/processed/dogs/Dog_382.jpg,1
data/processed/dogs/Dog_3820.jpg,1
data/processed/dogs/Dog_3821.jpg,1
data/processed/dogs/Dog_3822.jpg,1
data/processed/dogs/Dog_3823.jpg,1
data/processed/dogs/Dog_3825.jpg,1
data/processed/dogs/Dog_3827.jpg,1
data/processed/dogs/Dog_3830.jpg,1
data/processed/dogs/Dog_3831.jpg,1
data/processed/dogs/Dog_3833.jpg,1
data/processed/dogs/Dog_3834.jpg,1
data/processed/dogs/Dog_3836.jpg,1
data/processed/dogs/Dog_3837.jpg,1
data/processed/dogs/Dog_3838.jpg,1
data/processed/dogs/Dog_3839.jpg,1
data/processed/dogs/Dog_384.jpg,1
data/processed/dogs/Dog_3840.jpg,1
data/processed/dogs/Dog_3841.jpg,1
data/processed/dogs/Dog_3843.jpg,1
data/processed/dogs/Dog_3844.jpg,1
data/processed/dogs/Dog_3845.jpg,1
data/processed/dogs/Dog_3846.jpg,1
data/processed/dogs/Dog_3847.jpg,1
data/processed/dogs/Dog_3848.jpg,1
data/processed/dogs/Dog_3849.jpg,1
data/processed/dogs/Dog_385.jpg,1
data/processed/dogs/Dog_3850.jpg,1
data/processed/dogs/Dog_3851.jpg,1
data/processed/dogs/Dog_3852.jpg,1
data/processed/dogs/Dog_3853.jpg,1
data/processed/dogs/Dog_3855.jpg,1
data/processed/dogs/Dog_3857.jpg,1
data/processed/dogs/Dog_3858.jpg,1
data/processed/dogs/Dog_3859.jpg,1
data/processed/dogs/Dog_386.jpg,1
data/processed/dogs/Dog_3860.jpg,1
data/processed/dogs/Dog_3861.jpg,1
data/processed/dogs/Dog_3863.jpg,1
data/processed/dogs/Dog_3864.jpg,1
data/processed/dogs/Dog_3865.jpg,1
data/processed/dogs/Dog_3866.jpg,1
data/processed/dogs/Dog_3867.jpg,1
data/processed/dogs/Dog_3868.jpg,1
data/processed/dogs/Dog_3869.jpg,1
data/processed/dogs/Dog_387.jpg,1
data/processed/dogs/Dog_3870.jpg,1
data/processed/dogs/Dog_3871.jpg,1
data/processed/dogs/Dog_3872.jpg,1
data/processed/dogs/Dog_3873.jpg,1
data/processed/dogs/Dog_3874.jpg,1
data/processed/dogs/Dog_3875.jpg,1
data/processed/dogs/Dog_3876.jpg,1
data/processed/dogs/Dog_3877.jpg,1
data/processed/dogs/Dog_3879.jpg,1
data/processed/dogs/Dog_3880.jpg,1
data/processed/dogs/Dog_3881.jpg,1
data/processed/dogs/Dog_3882.jpg,1
data/processed/dogs/Dog_3883.jpg,1
data/processed/dogs/Dog_3884.jpg,1
data/processed/dogs/Dog_3885.jpg,1
data/processed/dogs/Dog_3887.jpg,1
data/processed/dogs/Dog_3888.jpg,1
data/processed/dogs/Dog_389.jpg,1
data/processed/dogs/Dog_3890.jpg,1
data/processed/dogs/Dog_3891.jpg,1
data/processed/dogs/Dog_3892.jpg,1
data/processed/dogs/Dog_3894.jpg,1
data/processed/dogs/Dog_3896.jpg,1
data/processed/dogs/Dog_3897.jpg,1
data/processed/dogs/Dog_3898.jpg,1
data/processed/dogs/Dog_3899.jpg,1
data/processed/dogs/Dog_390.jpg,1
data/processed/dogs/Dog_3900.jpg,1
data/processed/dogs/Dog_3902.jpg,1
data/processed/dogs/Dog_3903.jpg,1
data/processed/dogs/Dog_3904.jpg,1
data/processed/dogs/Dog_3905.jpg,1
data/processed/dogs/Dog_3906.jpg,1
data/processed/dogs/Dog_3907.jpg,1
data/processed/dogs/Dog_3908.jpg,1
data/processed/dogs/Dog_3909.jpg,1
data/processed/dogs/Dog_3910.jpg,1
data/processed/dogs/Dog_3911.jpg,1
data/processed/dogs/Dog_3912.jpg,1
data/processed/dogs/Dog_3915.jpg,1
data/processed/dogs/Dog_3916.jpg,1
data/processed/dogs/Dog_3917.jpg,1
data/processed/dogs/Dog_3918.jpg,1
data/processed/dogs/Dog_3919.jpg,1
data/processed/dogs/Dog_392.jpg,1
data/processed/dogs/Dog_3920.jpg,1
data/processed/dogs/Dog_3921.jpg,1
data/processed/dogs/Dog_3922.jpg,1
data/processed/dogs/Dog_3923.jpg,1
data/processed/dogs/Dog_3924.jpg,1
data/processed/dogs/Dog_3925.jpg,1
data/processed/dogs/Dog_3926.jpg,1
data/processed/dogs/Dog_3927.jpg,1
data/processed/dogs/Dog_3928.jpg,1
data/processed/dogs/Dog_393.jpg,1
data/processed/dogs/Dog_3930.jpg,1
data/processed/dogs/Dog_3933.jpg,1
data/processed/dogs/Dog_3935.jpg,1
data/processed/dogs/Dog_3936.jpg,1
data/processed/dogs/Dog_3937.jpg,1
data/processed/dogs/Dog_3942.jpg,1
data/processed/dogs/Dog_3943.jpg,1
data/processed/dogs/Dog_3944.jpg,1
data/processed/dogs/Dog_3947.jpg,1
data/processed/dogs/Dog_3948.jpg,1
data/processed/dogs/Dog_395.jpg,1
data/processed/dogs/Dog_3950.jpg,1
data/processed/dogs/Dog_3951.jpg,1
data/processed/dogs/Dog_3953.jpg,1
data/processed/dogs/Dog_3955.jpg,1
data/processed/dogs/Dog_3956.jpg,1
data/processed/dogs/Dog_3958.jpg,1
data/processed/dogs/Dog_3959.jpg,1
data/processed/dogs/Dog_396.jpg,1
data/processed/dogs/Dog_3960.jpg,1
data/processed/dogs/Dog_3961.jpg,1
data/processed/dogs/Dog_3962.jpg,1
data/processed/dogs/Dog_3963.jpg,1
data/processed/dogs/Dog_3964.jpg,1
data/processed/dogs/Dog_3965.jpg,1
data/processed/dogs/Dog_3966.jpg,1
data/processed/dogs/Dog_3967.jpg,1
data/processed/dogs/Dog_3968.jpg,1
data/processed/dogs/Dog_3969.jpg,1
data/processed/dogs/Dog_397.jpg,1
data/processed/dogs/Dog_3970.jpg,1
data/processed/dogs/Dog_3971.jpg,1
data/processed/dogs/Dog_3973.jpg,1
data/processed/dogs/Dog_3975.jpg,1
data/processed/dogs/Dog_3977.jpg,1
data/processed/dogs/Dog_3978.jpg,1
data/processed/dogs/Dog_3979.jpg,1
data/processed/dogs/Dog_398.jpg,1
data/processed/dogs/Dog_3980.jpg,1
data/processed/dogs/Dog_3981.jpg,1
data/processed/dogs/Dog_3982.jpg,1
data/processed/dogs/Dog_3983.jpg,1
data/processed/dogs/Dog_3984.jpg,1
data/processed/dogs/Dog_3985.jpg,1
data/processed/dogs/Dog_3986.jpg,1
data/processed/dogs/Dog_3988.jpg,1
data/processed/dogs/Dog_399.jpg,1
data/processed/dogs/Dog_3990.jpg,1
data/processed/dogs/Dog_3991.jpg,1
data/processed/dogs/Dog_3993.jpg,1
data/processed/dogs/Dog_3994.jpg,1
data/processed/dogs/Dog_3996.jpg,1
data/processed/dogs/Dog_3997.jpg,1
data/processed/dogs/Dog_3998.jpg,1
data/processed/dogs/Dog_3999.jpg,1
data/processed/dogs/Dog_4.jpg,1
data/processed/dogs/Dog_400.jpg,1
data/processed/dogs/Dog_4000.jpg,1
data/processed/dogs/Dog_4001.jpg,1
data/processed/dogs/Dog_4003.jpg,1
data/processed/dogs/Dog_4004.jpg,1
data/processed/dogs/Dog_4005.jpg,1
data/processed/dogs/Dog_4006.jpg,1
data/processed/dogs/Dog_4007.jpg,1
data/processed/dogs/Dog_4008.jpg,1
data/processed/dogs/Dog_4009.jpg,1
data/processed/dogs/Dog_401.jpg,1
data/processed/dogs/Dog_4010.jpg,1
data/processed/dogs/Dog_4011.jpg,1
data/processed/dogs/Dog_4012.jpg,1
data/processed/dogs/Dog_4013.jpg,1
data/processed/dogs/Dog_4014.jpg,1
data/processed/dogs/Dog_4015.jpg,1
data/processed/dogs/Dog_4016.jpg,1
data/processed/dogs/Dog_4018.jpg,1
data/processed/dogs/Dog_4019.jpg,1
data/processed/dogs/Dog_402.jpg,1
data/processed/dogs/Dog_4021.jpg,1
data/processed/dogs/Dog_4023.jpg,1
data/processed/dogs/Dog_4024.jpg,1
data/processed/dogs/Dog_4025.jpg,1
data/processed/dogs/Dog_4026.jpg,1
data/processed/dogs/Dog_4027.jpg,1
data/processed/dogs/Dog_4028.jpg,1
data/processed/dogs/Dog_4029.jpg,1
data/processed/dogs/Dog_403.jpg,1
data/processed/dogs/Dog_4031.jpg,1
data/processed/dogs/Dog_4032.jpg,1
data/processed/dogs/Dog_4033.jpg,1
data/processed/dogs/Dog_4034.jpg,1
data/processed/dogs/Dog_4035.jpg,1
data/processed/dogs/Dog_4036.jpg,1
data/processed/dogs/Dog_4037.jpg,1
data/processed/dogs/Dog_4038.jpg,1
data/processed/dogs/Dog_4039.jpg,1
data/processed/dogs/Dog_404.jpg,1
data/processed/dogs/Dog_4040.jpg,1
data/processed/dogs/Dog_4041.jpg,1
data/processed/dogs/Dog_4043.jpg,1
data/processed/dogs/Dog_4044.jpg,1
data/processed/dogs/Dog_4045.jpg,1
data/processed/dogs/Dog_4047.jpg,1
data/processed/dogs/Dog_4048.jpg,1
data/processed/dogs/Dog_405.jpg,1
data/processed/dogs/Dog_4050.jpg,1
data/processed/dogs/Dog_4052.jpg,1
data/processed/dogs/Dog_4054.jpg,1
data/processed/dogs/Dog_4055.jpg,1
data/processed/dogs/Dog_4056.jpg,1
data/processed/dogs/Dog_4057.jpg,1
data/processed/dogs/Dog_4058.jpg,1
data/processed/dogs/Dog_4059.jpg,1
data/processed/dogs/Dog_4060.jpg,1
data/processed/dogs/Dog_4062.jpg,1
data/processed/dogs/Dog_4063.jpg,1
data/processed/dogs/Dog_4064.jpg,1
data/processed/dogs/Dog_4066.jpg,1
data/processed/dogs/Dog_4067.jpg,1
data/processed/dogs/Dog_4068.jpg,1
data/processed/dogs/Dog_4069.jpg,1
data/processed/dogs/Dog_4070.jpg,1
data/processed/dogs/Dog_4071.jpg,1
data/processed/dogs/Dog_4072.jpg,1
data/processed/dogs/Dog_4073.jpg,1
data/processed/dogs/Dog_4074.jpg,1
data/processed/dogs/Dog_4075.jpg,1
data/processed/dogs/Dog_4076.jpg,1
data/processed/dogs/Dog_4077.jpg,1
data/processed/dogs/Dog_4078.jpg,1
data/processed/dogs/Dog_408.jpg,1
data/processed/dogs/Dog_4081.jpg,1
data/processed/dogs/Dog_4082.jpg,1
data/processed/dogs/Dog_4083.jpg,1
data/processed/dogs/Dog_4084.jpg,1
data/processed/dogs/Dog_4085.jpg,1
data/processed/dogs/Dog_4087.jpg,1
data/processed/dogs/Dog_4088.jpg,1
data/processed/dogs/Dog_4089.jpg,1
data/processed/dogs/Dog_409.jpg,1
data/processed/dogs/Dog_4092.jpg,1
data/processed/dogs/Dog_4093.jpg,1
data/processed/dogs/Dog_4094.jpg,1
data/processed/dogs/Dog_4095.jpg,1
data/processed/dogs/Dog_4096.jpg,1
data/processed/dogs/Dog_4097.jpg,1
data/processed/dogs/Dog_4098.jpg,1
data/processed/dogs/Dog_4099.jpg,1
data/processed/dogs/Dog_41.jpg,1
data/processed/dogs/Dog_410.jpg,1
data/processed/dogs/Dog_4100.jpg,1
data/processed/dogs/Dog_4101.jpg,1
data/processed/dogs/Dog_4105.jpg,1
data/processed/dogs/Dog_4106.jpg,1
data/processed/dogs/Dog_4107.jpg,1
data/processed/dogs/Dog_4108.jpg,1
data/processed/dogs/Dog_4109.jpg,1
data/processed/dogs/Dog_411.jpg,1
data/processed/dogs/Dog_4110.jpg,1
data/processed/dogs/Dog_4111.jpg,1
data/processed/dogs/Dog_4112.jpg,1
data/processed/dogs/Dog_4113.jpg,1
data/processed/dogs/Dog_4115.jpg,1
data/processed/dogs/Dog_4116.jpg,1
data/processed/dogs/Dog_4118.jpg,1
data/processed/dogs/Dog_412.jpg,1
data/processed/dogs/Dog_4121.jpg,1
data/processed/dogs/Dog_4122.jpg,1
data/processed/dogs/Dog_4123.jpg,1
data/processed/dogs/Dog_4125.jpg,1
data/processed/dogs/Dog_4126.jpg,1
data/processed/dogs/Dog_4127.jpg,1
data/processed/dogs/Dog_4129.jpg,1
data/processed/dogs/Dog_413.jpg,1
data/processed/dogs/Dog_4130.jpg,1
data/processed/dogs/Dog_4132.jpg,1
data/processed/dogs/Dog_4133.jpg,1
data/processed/dogs/Dog_4135.jpg,1
data/processed/dogs/Dog_4136.jpg,1
data/processed/dogs/Dog_4138.jpg,1
data/processed/dogs/Dog_414.jpg,1
data/processed/dogs/Dog_4140.jpg,1
data/processed/dogs/Dog_4141.jpg,1
data/processed/dogs/Dog_4142.jpg,1
data/processed/dogs/Dog_4143.jpg,1
data/processed/dogs/Dog_4144.jpg,1
data/processed/dogs/Dog_4145.jpg,1
data/processed/dogs/Dog_4146.jpg,1
data/processed/dogs/Dog_4147.jpg,1
data/processed/dogs/Dog_4148.jpg,1
data/processed/dogs/Dog_415.jpg,1
data/processed/dogs/Dog_4150.jpg,1
data/processed/dogs/Dog_4151.jpg,1
data/processed/dogs/Dog_4153.jpg,1
data/processed/dogs/Dog_4154.jpg,1
data/processed/dogs/Dog_4156.jpg,1
data/processed/dogs/Dog_4157.jpg,1
data/processed/dogs/Dog_4158.jpg,1
data/processed/dogs/Dog_4159.jpg,1
data/processed/dogs/Dog_4160.jpg,1
data/processed/dogs/Dog_4161.jpg,1
data/processed/dogs/Dog_4162.jpg,1
data/processed/dogs/Dog_4163.jpg,1
data/processed/dogs/Dog_4164.jpg,1
data/processed/dogs/Dog_4166.jpg,1
data/processed/dogs/Dog_4167.jpg,1
data/processed/dogs/Dog_4168.jpg,1
data/processed/dogs/Dog_4169.jpg,1
data/processed/dogs/Dog_417.jpg,1
data/processed/dogs/Dog_4170.jpg,1
data/processed/dogs/Dog_4171.jpg,1
data/processed/dogs/Dog_4173.jpg,1
data/processed/dogs/Dog_4175.jpg,1
data/processed/dogs/Dog_4177.jpg,1
data/processed/dogs/Dog_4178.jpg,1
data/processed/dogs/Dog_4179.jpg,1
data/processed/dogs/Dog_418.jpg,1
data/processed/dogs/Dog_4180.jpg,1
data/processed/dogs/Dog_4181.jpg,1
data/processed/dogs/Dog_4182.jpg,1
data/processed/dogs/Dog_4183.jpg,1
data/processed/dogs/Dog_4184.jpg,1
data/processed/dogs/Dog_4185.jpg,1
data/processed/dogs/Dog_4186.jpg,1
data/processed/dogs/Dog_4187.jpg,1
data/processed/dogs/Dog_4188.jpg,1
data/processed/dogs/Dog_4189.jpg,1
data/processed/dogs/Dog_419.jpg,1
data/processed/dogs/Dog_4190.jpg,1
data/processed/dogs/Dog_4193.jpg,1
data/processed/dogs/Dog_4194.jpg,1
data/processed/dogs/Dog_4195.jpg,1
data/processed/dogs/Dog_4196.jpg,1
data/processed/dogs/Dog_4197.jpg,1
data/processed/dogs/Dog_4198.jpg,1
data/processed/dogs/Dog_42.jpg,1
data/processed/dogs/Dog_4200.jpg,1
data/processed/dogs/Dog_4201.jpg,1
data/processed/dogs/Dog_4203.jpg,1
data/processed/dogs/Dog_4204.jpg,1
data/processed/dogs/Dog_4205.jpg,1
data/processed/dogs/Dog_4206.jpg,1
data/processed/dogs/Dog_4207.jpg,1
data/processed/dogs/Dog_4209.jpg,1
data/processed/dogs/Dog_421.jpg,1
data/processed/dogs/Dog_4210.jpg,1
data/processed/dogs/Dog_4211.jpg,1
data/processed/dogs/Dog_4213.jpg,1
data/processed/dogs/Dog_4214.jpg,1
data/processed/dogs/Dog_4215.jpg,1
data/processed/dogs/Dog_4216.jpg,1
data/processed/dogs/Dog_4217.jpg,1
data/processed/dogs/Dog_4218.jpg,1
data/processed/dogs/Dog_4219.jpg,1
data/processed/dogs/Dog_4220.jpg,1
data/processed/dogs/Dog_4222.jpg,1
data/processed/dogs/Dog_4224.jpg,1
data/processed/dogs/Dog_4225.jpg,1
data/processed/dogs/Dog_4227.jpg,1
data/processed/dogs/Dog_4229.jpg,1
data/processed/dogs/Dog_423.jpg,1
data/processed/dogs/Dog_4230.jpg,1
data/processed/dogs/Dog_4231.jpg,1
data/processed/dogs/Dog_4232.jpg,1
data/processed/dogs/Dog_4234.jpg,1
data/processed/dogs/Dog_4236.jpg,1
data/processed/dogs/Dog_4237.jpg,1
data/processed/dogs/Dog_4238.jpg,1
data/processed/dogs/Dog_4239.jpg,1
data/processed/dogs/Dog_4240.jpg,1
data/processed/dogs/Dog_4241.jpg,1
data/processed/dogs/Dog_4242.jpg,1
data/processed/dogs/Dog_4243.jpg,1
data/processed/dogs/Dog_4244.jpg,1
data/processed/dogs/Dog_4245.jpg,1
data/processed/dogs/Dog_4246.jpg,1
data/processed/dogs/Dog_4247.jpg,1
data/processed/dogs/Dog_4249.jpg,1
data/processed/dogs/Dog_425.jpg,1
data/processed/dogs/Dog_4252.jpg,1
data/processed/dogs/Dog_4254.jpg,1
data/processed/dogs/Dog_4256.jpg,1
data/processed/dogs/Dog_4257.jpg,1
data/processed/dogs/Dog_4258.jpg,1
data/processed/dogs/Dog_4259.jpg,1
data/processed/dogs/Dog_426.jpg,1
data/processed/dogs/Dog_4260.jpg,1
data/processed/dogs/Dog_4262.jpg,1
data/processed/dogs/Dog_4263.jpg,1
data/processed/dogs/Dog_4264.jpg,1
data/processed/dogs/Dog_4265.jpg,1
data/processed/dogs/Dog_4266.jpg,1
data/processed/dogs/Dog_4267.jpg,1
data/processed/dogs/Dog_4268.jpg,1
data/processed/dogs/Dog_4269.jpg,1
data/processed/dogs/Dog_427.jpg,1
data/processed/dogs/Dog_4270.jpg,1
data/processed/dogs/Dog_4271.jpg,1
data/processed/dogs/Dog_4272.jpg,1
data/processed/dogs/Dog_4273.jpg,1
data/processed/dogs/Dog_4275.jpg,1
data/processed/dogs/Dog_4276.jpg,1
data/processed/dogs/Dog_4277.jpg,1
data/processed/dogs/Dog_4278.jpg,1
data/processed/dogs/Dog_4279.jpg,1
data/processed/dogs/Dog_428.jpg,1
data/processed/dogs/Dog_4280.jpg,1
data/processed/dogs/Dog_4282.jpg,1
data/processed/dogs/Dog_4283.jpg,1
data/processed/dogs/Dog_4284.jpg,1
data/processed/dogs/Dog_4285.jpg,1
data/processed/dogs/Dog_4286.jpg,1
data/processed/dogs/Dog_4287.jpg,1
data/processed/dogs/Dog_4288.jpg,1
data/processed/dogs/Dog_4289.jpg,1
data/processed/dogs/Dog_4292.jpg,1
data/processed/dogs/Dog_4293.jpg,1
data/processed/dogs/Dog_4294.jpg,1
data/processed/dogs/Dog_4295.jpg,1
data/processed/dogs/Dog_4296.jpg,1
data/processed/dogs/Dog_4297.jpg,1
data/processed/dogs/Dog_4298.jpg,1
data/processed/dogs/Dog_4299.jpg,1
data/processed/dogs/Dog_430.jpg,1
data/processed/dogs/Dog_4300.jpg,1
data/processed/dogs/Dog_4301.jpg,1
data/processed/dogs/Dog_4302.jpg,1
data/processed/dogs/Dog_4303.jpg,1
data/processed/dogs/Dog_4304.jpg,1
data/processed/dogs/Dog_4306.jpg,1
data/processed/dogs/Dog_4309.jpg,1
data/processed/dogs/Dog_431.jpg,1
data/processed/dogs/Dog_4311.jpg,1
data/processed/dogs/Dog_4313.jpg,1
data/processed/dogs/Dog_4314.jpg,1
data/processed/dogs/Dog_4315.jpg,1
data/processed/dogs/Dog_4316.jpg,1
data/processed/dogs/Dog_4317.jpg,1
data/processed/dogs/Dog_4318.jpg,1
data/processed/dogs/Dog_4319.jpg,1
data/processed/dogs/Dog_4320.jpg,1
data/processed/dogs/Dog_4321.jpg,1
data/processed/dogs/Dog_4322.jpg,1
data/processed/dogs/Dog_4324.jpg,1
data/processed/dogs/Dog_4326.jpg,1
data/processed/dogs/Dog_4327.jpg,1
data/processed/dogs/Dog_4328.jpg,1
data/processed/dogs/Dog_4329.jpg,1
data/processed/dogs/Dog_433.jpg,1
data/processed/dogs/Dog_4330.jpg,1
data/processed/dogs/Dog_4331.jpg,1
data/processed/dogs/Dog_4332.jpg,1
data/processed/dogs/Dog_4334.jpg,1
data/processed/dogs/Dog_4335.jpg,1
data/processed/dogs/Dog_4337.jpg,1
data/processed/dogs/Dog_4338.jpg,1
data/processed/dogs/Dog_434.jpg,1
data/processed/dogs/Dog_4340.jpg,1
data/processed/dogs/Dog_4341.jpg,1
data/processed/dogs/Dog_4342.jpg,1
data/processed/dogs/Dog_4343.jpg,1
data/processed/dogs/Dog_4344.jpg,1
data/processed/dogs/Dog_4345.jpg,1
data/processed/dogs/Dog_4347.jpg,1
data/processed/dogs/Dog_4349.jpg,1
data/processed/dogs/Dog_435.jpg,1
data/processed/dogs/Dog_4350.jpg,1
data/processed/dogs/Dog_4351.jpg,1
data/processed/dogs/Dog_4352.jpg,1
data/processed/dogs/Dog_4354.jpg,1
data/processed/dogs/Dog_4356.jpg,1
data/processed/dogs/Dog_4357.jpg,1
data/processed/dogs/Dog_4358.jpg,1
data/processed/dogs/Dog_4359.jpg,1
data/processed/dogs/Dog_436.jpg,1
data/processed/dogs/Dog_4360.jpg,1
data/processed/dogs/Dog_4361.jpg,1
data/processed/dogs/Dog_4362.jpg,1
data/processed/dogs/Dog_4364.jpg,1
data/processed/dogs/Dog_4365.jpg,1
data/processed/dogs/Dog_4366.jpg,1
data/processed/dogs/Dog_4367.jpg,1
data/processed/dogs/Dog_4368.jpg,1
data/processed/dogs/Dog_4369.jpg,1
data/processed/dogs/Dog_437.jpg,1
data/processed/dogs/Dog_4370.jpg,1
data/processed/dogs/Dog_4372.jpg,1
data/processed/dogs/Dog_4374.jpg,1
data/processed/dogs/Dog_4375.jpg,1
data/processed/dogs/Dog_4376.jpg,1
data/processed/dogs/Dog_4377.jpg,1
data/processed/dogs/Dog_4378.jpg,1
data/processed/dogs/Dog_438.jpg,1
data/processed/dogs/Dog_4380.jpg,1
data/processed/dogs/Dog_4381.jpg,1
data/processed/dogs/Dog_4382.jpg,1
data/processed/dogs/Dog_4385.jpg,1
data/processed/dogs/Dog_4387.jpg,1
data/processed/dogs/Dog_4388.jpg,1
data/processed/dogs/Dog_439.jpg,1
data/processed/dogs/Dog_4391.jpg,1
data/processed/dogs/Dog_4392.jpg,1
data/processed/dogs/Dog_4393.jpg,1
data/processed/dogs/Dog_4394.jpg,1
data/processed/dogs/Dog_4395.jpg,1
data/processed/dogs/Dog_4397.jpg,1
data/processed/dogs/Dog_4398.jpg,1
data/processed/dogs/Dog_4399.jpg,1
data/processed/dogs/Dog_440.jpg,1
data/processed/dogs/Dog_4400.jpg,1
data/processed/dogs/Dog_4401.jpg,1
data/processed/dogs/Dog_4402.jpg,1
data/processed/dogs/Dog_4403.jpg,1
data/processed/dogs/Dog_4404.jpg,1
data/processed/dogs/Dog_4405.jpg,1
data/processed/dogs/Dog_4406.jpg,1
data/processed/dogs/Dog_4407.jpg,1
data/processed/dogs/Dog_4408.jpg,1
data/processed/dogs/Dog_4409.jpg,1
data/processed/dogs/Dog_441.jpg,1
data/processed/dogs/Dog_4411.jpg,1
data/processed/dogs/Dog_4412.jpg,1
data/processed/dogs/Dog_4413.jpg,1
data/processed/dogs/Dog_4414.jpg,1
data/processed/dogs/Dog_4415.jpg,1
data/processed/dogs/Dog_4416.jpg,1
data/processed/dogs/Dog_4417.jpg,1
data/processed/dogs/Dog_4419.jpg,1
data/processed/dogs/Dog_442.jpg,1
data/processed/dogs/Dog_4420.jpg,1
data/processed/dogs/Dog_4421.jpg,1
data/processed/dogs/Dog_4422.jpg,1
data/processed/dogs/Dog_4423.jpg,1
data/processed/dogs/Dog_4424.jpg,1
data/processed/dogs/Dog_4425.jpg,1
data/processed/dogs/Dog_4426.jpg,1
data/processed/dogs/Dog_4427.jpg,1
data/processed/dogs/Dog_4428.jpg,1
data/processed/dogs/Dog_4429.jpg,1
data/processed/dogs/Dog_443.jpg,1
data/processed/dogs/Dog_4430.jpg,1
data/processed/dogs/Dog_4431.jpg,1
data/processed/dogs/Dog_4432.jpg,1
data/processed/dogs/Dog_4433.jpg,1
data/processed/dogs/Dog_4434.jpg,1
data/processed/dogs/Dog_4436.jpg,1
data/processed/dogs/Dog_4437.jpg,1
data/processed/dogs/Dog_444.jpg,1
data/processed/dogs/Dog_4441.jpg,1
data/processed/dogs/Dog_4442.jpg,1
data/processed/dogs/Dog_4443.jpg,1
data/processed/dogs/Dog_4444.jpg,1
data/processed/dogs/Dog_4445.jpg,1
data/processed/dogs/Dog_4446.jpg,1
data/processed/dogs/Dog_4447.jpg,1
data/processed/dogs/Dog_4448.jpg,1
data/processed/dogs/Dog_4449.jpg,1
data/processed/dogs/Dog_445.jpg,1
data/processed/dogs/Dog_4450.jpg,1
data/processed/dogs/Dog_4453.jpg,1
data/processed/dogs/Dog_4455.jpg,1
data/processed/dogs/Dog_4456.jpg,1
data/processed/dogs/Dog_4458.jpg,1
data/processed/dogs/Dog_4459.jpg,1
data/processed/dogs/Dog_446.jpg,1
data/processed/dogs/Dog_4460.jpg,1
data/processed/dogs/Dog_4462.jpg,1
data/processed/dogs/Dog_4464.jpg,1
data/processed/dogs/Dog_4465.jpg,1
data/processed/dogs/Dog_4466.jpg,1
data/processed/dogs/Dog_4467.jpg,1
data/processed/dogs/Dog_4468.jpg,1
data/processed/dogs/Dog_4469.jpg,1
data/processed/dogs/Dog_447.jpg,1
data/processed/dogs/Dog_4470.jpg,1
data/processed/dogs/Dog_4471.jpg,1
data/processed/dogs/Dog_4472.jpg,1
data/processed/dogs/Dog_4473.jpg,1
data/processed/dogs/Dog_4475.jpg,1
data/processed/dogs/Dog_4476.jpg,1
data/processed/dogs/Dog_4477.jpg,1
data/processed/dogs/Dog_4478.jpg,1
data/processed/dogs/Dog_4479.jpg,1
data/processed/dogs/Dog_4480.jpg,1
data/processed/dogs/Dog_4481.jpg,1
data/processed/dogs/Dog_4483.jpg,1
data/processed/dogs/Dog_4484.jpg,1
data/processed/dogs/Dog_4485.jpg,1
data/processed/dogs/Dog_4487.jpg,1
data/processed/dogs/Dog_4488.jpg,1
data/processed/dogs/Dog_4489.jpg,1
data/processed/dogs/Dog_449.jpg,1
data/processed/dogs/Dog_4490.jpg,1
data/processed/dogs/Dog_4491.jpg,1
data/processed/dogs/Dog_4492.jpg,1
data/processed/dogs/Dog_4493.jpg,1
data/processed/dogs/Dog_4495.jpg,1
data/processed/dogs/Dog_4496.jpg,1
data/processed/dogs/Dog_4497.jpg,1
data/processed/dogs/Dog_4499.jpg,1
data/processed/dogs/Dog_45.jpg,1
data/processed/dogs/Dog_450.jpg,1
data/processed/dogs/Dog_4501.jpg,1
data/processed/dogs/Dog_4502.jpg,1
data/processed/dogs/Dog_4503.jpg,1
data/processed/dogs/Dog_4504.jpg,1
data/processed/dogs/Dog_4505.jpg,1
data/processed/dogs/Dog_4506.jpg,1
data/processed/dogs/Dog_4507.jpg,1
data/processed/dogs/Dog_4508.jpg,1
data/processed/dogs/Dog_4509.jpg,1
data/processed/dogs/Dog_451.jpg,1
data/processed/dogs/Dog_4510.jpg,1
data/processed/dogs/Dog_4512.jpg,1
data/processed/dogs/Dog_4513.jpg,1
data/processed/dogs/Dog_4515.jpg,1
data/processed/dogs/Dog_4517.jpg,1
data/processed/dogs/Dog_4518.jpg,1
data/processed/dogs/Dog_4519.jpg,1
data/processed/dogs/Dog_4522.jpg,1
data/processed/dogs/Dog_4523.jpg,1
data/processed/dogs/Dog_4524.jpg,1
data/processed/dogs/Dog_4525.jpg,1
data/processed/dogs/Dog_4526.jpg,1
data/processed/dogs/Dog_4527.jpg,1
data/processed/dogs/Dog_4528.jpg,1
data/processed/dogs/Dog_4529.jpg,1
data/processed/dogs/Dog_453.jpg,1
data/processed/dogs/Dog_4530.jpg,1
data/processed/dogs/Dog_4531.jpg,1
data/processed/dogs/Dog_4532.jpg,1
data/processed/dogs/Dog_4533.jpg,1
data/processed/dogs/Dog_4534.jpg,1
data/processed/dogs/Dog_4535.jpg,1
data/processed/dogs/Dog_4536.jpg,1
data/processed/dogs/Dog_4537.jpg,1
data/processed/dogs/Dog_4538.jpg,1
data/processed/dogs/Dog_4539.jpg,1
data/processed/dogs/Dog_454.jpg,1
data/processed/dogs/Dog_4540.jpg,1
data/processed/dogs/Dog_4541.jpg,1
data/processed/dogs/Dog_4543.jpg,1
data/processed/dogs/Dog_4545.jpg,1
data/processed/dogs/Dog_4546.jpg,1
data/processed/dogs/Dog_4547.jpg,1
data/processed/dogs/Dog_4548.jpg,1
data/processed/dogs/Dog_4549.jpg,1
data/processed/dogs/Dog_455.jpg,1
data/processed/dogs/Dog_4551.jpg,1
data/processed/dogs/Dog_4552.jpg,1
data/processed/dogs/Dog_4553.jpg,1
data/processed/dogs/Dog_4554.jpg,1
data/processed/dogs/Dog_4555.jpg,1
data/processed/dogs/Dog_4556.jpg,1
data/processed/dogs/Dog_4557.jpg,1
data/processed/dogs/Dog_4559.jpg,1
data/processed/dogs/Dog_456.jpg,1
data/processed/dogs/Dog_4561.jpg,1
data/processed/dogs/Dog_4563.jpg,1
data/processed/dogs/Dog_4564.jpg,1
data/processed/dogs/Dog_4565.jpg,1
data/processed/dogs/Dog_4566.jpg,1
data/processed/dogs/Dog_4567.jpg,1
data/processed/dogs/Dog_4568.jpg,1
data/processed/dogs/Dog_4569.jpg,1
data/processed/dogs/Dog_457.jpg,1
data/processed/dogs/Dog_4570.jpg,1
data/processed/dogs/Dog_4571.jpg,1
data/processed/dogs/Dog_4572.jpg,1
data/processed/dogs/Dog_4575.jpg,1
data/processed/dogs/Dog_4577.jpg,1
data/processed/dogs/Dog_4578.jpg,1
data/processed/dogs/Dog_4579.jpg,1
data/processed/dogs/Dog_458.jpg,1
data/processed/dogs/Dog_4580.jpg,1
data/processed/dogs/Dog_4581.jpg,1
data/processed/dogs/Dog_4582.jpg,1
data/processed/dogs/Dog_4583.jpg,1
data/processed/dogs/Dog_4584.jpg,1
data/processed/dogs/Dog_4585.jpg,1
data/processed/dogs/Dog_4586.jpg,1
data/processed/dogs/Dog_4587.jpg,1
data/processed/dogs/Dog_4589.jpg,1
data/processed/dogs/Dog_4590.jpg,1
data/processed/dogs/Dog_4591.jpg,1
data/processed/dogs/Dog_4592.jpg,1
data/processed/dogs/Dog_4593.jpg,1
data/processed/dogs/Dog_4594.jpg,1
data/processed/dogs/Dog_4595.jpg,1
data/processed/dogs/Dog_4596.jpg,1
data/processed/dogs/Dog_4597.jpg,1
data/processed/dogs/Dog_4598.jpg,1
data/processed/dogs/Dog_4599.jpg,1
data/processed/dogs/Dog_46.jpg,1
data/processed/dogs/Dog_460.jpg,1
data/processed/dogs/Dog_4600.jpg,1
data/processed/dogs/Dog_4601.jpg,1
data/processed/dogs/Dog_4602.jpg,1
data/processed/dogs/Dog_4604.jpg,1
data/processed/dogs/Dog_4605.jpg,1
data/processed/dogs/Dog_4606.jpg,1
data/processed/dogs/Dog_4607.jpg,1
data/processed/dogs/Dog_4608.jpg,1
data/processed/dogs/Dog_4609.jpg,1
data/processed/dogs/Dog_4610.jpg,1
data/processed/dogs/Dog_4611.jpg,1
data/processed/dogs/Dog_4612.jpg,1
data/processed/dogs/Dog_4613.jpg,1
data/processed/dogs/Dog_4614.jpg,1
data/processed/dogs/Dog_4615.jpg,1
data/processed/dogs/Dog_4616.jpg,1
data/processed/dogs/Dog_4617.jpg,1
data/processed/dogs/Dog_4618.jpg,1
data/processed/dogs/Dog_4619.jpg,1
data/processed/dogs/Dog_462.jpg,1
data/processed/dogs/Dog_4620.jpg,1
data/processed/dogs/Dog_4622.jpg,1
data/processed/dogs/Dog_4623.jpg,1
data/processed/dogs/Dog_4624.jpg,1
data/processed/dogs/Dog_4625.jpg,1
data/processed/dogs/Dog_4626.jpg,1
data/processed/dogs/Dog_4627.jpg,1
data/processed/dogs/Dog_4628.jpg,1
data/processed/dogs/Dog_463.jpg,1
data/processed/dogs/Dog_4630.jpg,1
data/processed/dogs/Dog_4631.jpg,1
data/processed/dogs/Dog_4632.jpg,1
data/processed/dogs/Dog_4633.jpg,1
data/processed/dogs/Dog_4634.jpg,1
data/processed/dogs/Dog_4637.jpg,1
data/processed/dogs/Dog_4638.jpg,1
data/processed/dogs/Dog_4639.jpg,1
data/processed/dogs/Dog_464.jpg,1
data/processed/dogs/Dog_4640.jpg,1
data/processed/dogs/Dog_4641.jpg,1
data/processed/dogs/Dog_4642.jpg,1
data/processed/dogs/Dog_4643.jpg,1
data/processed/dogs/Dog_4644.jpg,1
data/processed/dogs/Dog_4645.jpg,1
data/processed/dogs/Dog_4646.jpg,1
data/processed/dogs/Dog_4648.jpg,1
data/processed/dogs/Dog_4649.jpg,1
data/processed/dogs/Dog_4650.jpg,1
data/processed/dogs/Dog_4652.jpg,1
data/processed/dogs/Dog_4654.jpg,1
data/processed/dogs/Dog_4655.jpg,1
data/processed/dogs/Dog_4656.jpg,1
data/processed/dogs/Dog_4657.jpg,1
data/processed/dogs/Dog_4659.jpg,1
data/processed/dogs/Dog_466.jpg,1
data/processed/dogs/Dog_4660.jpg,1
data/processed/dogs/Dog_4662.jpg,1
data/processed/dogs/Dog_4664.jpg,1
data/processed/dogs/Dog_4665.jpg,1
data/processed/dogs/Dog_4668.jpg,1
data/processed/dogs/Dog_4669.jpg,1
data/processed/dogs/Dog_467.jpg,1
data/processed/dogs/Dog_4671.jpg,1
data/processed/dogs/Dog_4672.jpg,1
data/processed/dogs/Dog_4673.jpg,1
data/processed/dogs/Dog_4676.jpg,1
data/processed/dogs/Dog_4677.jpg,1
data/processed/dogs/Dog_4678.jpg,1
data/processed/dogs/Dog_4679.jpg,1
data/processed/dogs/Dog_468.jpg,1
data/processed/dogs/Dog_4680.jpg,1
data/processed/dogs/Dog_4681.jpg,1
data/processed/dogs/Dog_4682.jpg,1
data/processed/dogs/Dog_4683.jpg,1
data/processed/dogs/Dog_4685.jpg,1
data/processed/dogs/Dog_4687.jpg,1
data/processed/dogs/Dog_4688.jpg,1
data/processed/dogs/Dog_4689.jpg,1
data/processed/dogs/Dog_469.jpg,1
data/processed/dogs/Dog_4691.jpg,1
data/processed/dogs/Dog_4692.jpg,1
data/processed/dogs/Dog_4693.jpg,1
data/processed/dogs/Dog_4695.jpg,1
data/processed/dogs/Dog_4696.jpg,1
data/processed/dogs/Dog_4699.jpg,1
data/processed/dogs/Dog_470.jpg,1
data/processed/dogs/Dog_4700.jpg,1
data/processed/dogs/Dog_4701.jpg,1
data/processed/dogs/Dog_4703.jpg,1
data/processed/dogs/Dog_4706.jpg,1
data/processed/dogs/Dog_4707.jpg,1
data/processed/dogs/Dog_4709.jpg,1
data/processed/dogs/Dog_471.jpg,1
data/processed/dogs/Dog_4710.jpg,1
data/processed/dogs/Dog_4711.jpg,1
data/processed/dogs/Dog_4712.jpg,1
data/processed/dogs/Dog_4714.jpg,1
data/processed/dogs/Dog_4715.jpg,1
data/processed/dogs/Dog_4716.jpg,1
data/processed/dogs/Dog_4717.jpg,1
data/processed/dogs/Dog_4719.jpg,1
data/processed/dogs/Dog_472.jpg,1
data/processed/dogs/Dog_4720.jpg,1
data/processed/dogs/Dog_4721.jpg,1
data/processed/dogs/Dog_4722.jpg,1
data/processed/dogs/Dog_4723.jpg,1
data/processed/dogs/Dog_4724.jpg,1
data/processed/dogs/Dog_4725.jpg,1
data/processed/dogs/Dog_4728.jpg,1
data/processed/dogs/Dog_4729.jpg,1
data/processed/dogs/Dog_473.jpg,1
data/processed/dogs/Dog_4730.jpg,1
data/processed/dogs/Dog_4731.jpg,1
data/processed/dogs/Dog_4732.jpg,1
data/processed/dogs/Dog_4733.jpg,1
data/processed/dogs/Dog_4734.jpg,1
data/processed/dogs/Dog_4735.jpg,1
data/processed/dogs/Dog_4737.jpg,1
data/processed/dogs/Dog_4738.jpg,1
data/processed/dogs/Dog_4740.jpg,1
data/processed/dogs/Dog_4742.jpg,1
data/processed/dogs/Dog_4743.jpg,1
data/processed/dogs/Dog_4745.jpg,1
data/processed/dogs/Dog_4746.jpg,1
data/processed/dogs/Dog_4747.jpg,1
data/processed/dogs/Dog_4749.jpg,1
data/processed/dogs/Dog_475.jpg,1
data/processed/dogs/Dog_4750.jpg,1
data/processed/dogs/Dog_4751.jpg,1
data/processed/dogs/Dog_4752.jpg,1
data/processed/dogs/Dog_4753.jpg,1
data/processed/dogs/Dog_4754.jpg,1
data/processed/dogs/Dog_4755.jpg,1
data/processed/dogs/Dog_4756.jpg,1
data/processed/dogs/Dog_4757.jpg,1
data/processed/dogs/Dog_4758.jpg,1
data/processed/dogs/Dog_4759.jpg,1
data/processed/dogs/Dog_476.jpg,1
data/processed/dogs/Dog_4760.jpg,1
data/processed/dogs/Dog_4761.jpg,1
data/processed/dogs/Dog_4762.jpg,1
data/processed/dogs/Dog_4763.jpg,1
data/processed/dogs/Dog_4765.jpg,1
data/processed/dogs/Dog_4766.jpg,1
data/processed/dogs/Dog_4767.jpg,1
data/processed/dogs/Dog_4768.jpg,1
data/processed/dogs/Dog_4769.jpg,1
data/processed/dogs/Dog_477.jpg,1
data/processed/dogs/Dog_4771.jpg,1
data/processed/dogs/Dog_4772.jpg,1
data/processed/dogs/Dog_4774.jpg,1
data/processed/dogs/Dog_4776.jpg,1
data/processed/dogs/Dog_4777.jpg,1
data/processed/dogs/Dog_4778.jpg,1
data/processed/dogs/Dog_4779.jpg,1
data/processed/dogs/Dog_478.jpg,1
data/processed/dogs/Dog_4780.jpg,1
data/processed/dogs/Dog_4782.jpg,1
data/processed/dogs/Dog_4784.jpg,1
data/processed/dogs/Dog_4785.jpg,1
data/processed/dogs/Dog_4786.jpg,1
data/processed/dogs/Dog_4787.jpg,1
data/processed/dogs/Dog_4788.jpg,1
data/processed/dogs/Dog_4789.jpg,1
data/processed/dogs/Dog_479.jpg,1
data/processed/dogs/Dog_4790.jpg,1
data/processed/dogs/Dog_4791.jpg,1
data/processed/dogs/Dog_4792.jpg,1
data/processed/dogs/Dog_4793.jpg,1
data/processed/dogs/Dog_4794.jpg,1
data/processed/dogs/Dog_4795.jpg,1
data/processed/dogs/Dog_4796.jpg,1
data/processed/dogs/Dog_4797.jpg,1
data/processed/dogs/Dog_4798.jpg,1
data/processed/dogs/Dog_48.jpg,1
data/processed/dogs/Dog_480.jpg,1
data/processed/dogs/Dog_4801.jpg,1
data/processed/dogs/Dog_4802.jpg,1
data/processed/dogs/Dog_4803.jpg,1
data/processed/dogs/Dog_4804.jpg,1
data/processed/dogs/Dog_4805.jpg,1
data/processed/dogs/Dog_4806.jpg,1
data/processed/dogs/Dog_4807.jpg,1
data/processed/dogs/Dog_4808.jpg,1
data/processed/dogs/Dog_481.jpg,1
data/processed/dogs/Dog_4810.jpg,1
data/processed/dogs/Dog_4811.jpg,1
data/processed/dogs/Dog_4812.jpg,1
data/processed/dogs/Dog_4813.jpg,1
data/processed/dogs/Dog_4814.jpg,1
data/processed/dogs/Dog_4815.jpg,1
data/processed/dogs/Dog_4816.jpg,1
data/processed/dogs/Dog_4817.jpg,1
data/processed/dogs/Dog_4818.jpg,1
data/processed/dogs/Dog_4819.jpg,1
data/processed/dogs/Dog_482.jpg,1
data/processed/dogs/Dog_4821.jpg,1
data/processed/dogs/Dog_4824.jpg,1
data/processed/dogs/Dog_4825.jpg,1
data/processed/dogs/Dog_4827.jpg,1
data/processed/dogs/Dog_4828.jpg,1
data/processed/dogs/Dog_4829.jpg,1
data/processed/dogs/Dog_483.jpg,1
data/processed/dogs/Dog_4830.jpg,1
data/processed/dogs/Dog_4831.jpg,1
data/processed/dogs/Dog_4832.jpg,1
data/processed/dogs/Dog_4833.jpg,1
data/processed/dogs/Dog_4839.jpg,1
data/processed/dogs/Dog_484.jpg,1
data/processed/dogs/Dog_4841.jpg,1
data/processed/dogs/Dog_4842.jpg,1
data/processed/dogs/Dog_4843.jpg,1
data/processed/dogs/Dog_4844.jpg,1
data/processed/dogs/Dog_4845.jpg,1
data/processed/dogs/Dog_4846.jpg,1
data/processed/dogs/Dog_4847.jpg,1
data/processed/dogs/Dog_4848.jpg,1
data/processed/dogs/Dog_4849.jpg,1
data/processed/dogs/Dog_485.jpg,1
data/processed/dogs/Dog_4850.jpg,1
data/processed/dogs/Dog_4851.jpg,1
data/processed/dogs/Dog_4852.jpg,1
data/processed/dogs/Dog_4853.jpg,1
data/processed/dogs/Dog_4854.jpg,1
data/processed/dogs/Dog_4855.jpg,1
data/processed/dogs/Dog_4856.jpg,1
data/processed/dogs/Dog_4859.jpg,1
data/processed/dogs/Dog_486.jpg,1
data/processed/dogs/Dog_4860.jpg,1
data/processed/dogs/Dog_4861.jpg,1
data/processed/dogs/Dog_4864.jpg,1
data/processed/dogs/Dog_4865.jpg,1
data/processed/dogs/Dog_4866.jpg,1
data/processed/dogs/Dog_4867.jpg,1
data/processed/dogs/Dog_4868.jpg,1
data/processed/dogs/Dog_4869.jpg,1
data/processed/dogs/Dog_487.jpg,1
data/processed/dogs/Dog_4870.jpg,1
data/processed/dogs/Dog_4871.jpg,1
data/processed/dogs/Dog_4872.jpg,1
data/processed/dogs/Dog_4874.jpg,1
data/processed/dogs/Dog_4875.jpg,1
data/processed/dogs/Dog_4876.jpg,1
data/processed/dogs/Dog_4877.jpg,1
data/processed/dogs/Dog_4878.jpg,1
data/processed/dogs/Dog_4879.jpg,1
data/processed/dogs/Dog_488.jpg,1
data/processed/dogs/Dog_4880.jpg,1
data/processed/dogs/Dog_4882.jpg,1
data/processed/dogs/Dog_4883.jpg,1
data/processed/dogs/Dog_4884.jpg,1
data/processed/dogs/Dog_4885.jpg,1
data/processed/dogs/Dog_4887.jpg,1
data/processed/dogs/Dog_4888.jpg,1
data/processed/dogs/Dog_4890.jpg,1
data/processed/dogs/Dog_4891.jpg,1
data/processed/dogs/Dog_4893.jpg,1
data/processed/dogs/Dog_4895.jpg,1
data/processed/dogs/Dog_4897.jpg,1
data/processed/dogs/Dog_4899.jpg,1
data/processed/dogs/Dog_49.jpg,1
data/processed/dogs/Dog_4900.jpg,1
data/processed/dogs/Dog_4901.jpg,1
data/processed/dogs/Dog_4903.jpg,1
data/processed/dogs/Dog_4904.jpg,1
data/processed/dogs/Dog_4906.jpg,1
data/processed/dogs/Dog_4907.jpg,1
data/processed/dogs/Dog_4908.jpg,1
data/processed/dogs/Dog_4909.jpg,1
data/processed/dogs/Dog_491.jpg,1
data/processed/dogs/Dog_4910.jpg,1
data/processed/dogs/Dog_4911.jpg,1
data/processed/dogs/Dog_4912.jpg,1
data/processed/dogs/Dog_4913.jpg,1
data/processed/dogs/Dog_4914.jpg,1
data/processed/dogs/Dog_4916.jpg,1
data/processed/dogs/Dog_4917.jpg,1
data/processed/dogs/Dog_4918.jpg,1
data/processed/dogs/Dog_4919.jpg,1
data/processed/dogs/Dog_4920.jpg,1
data/processed/dogs/Dog_4922.jpg,1
data/processed/dogs/Dog_4923.jpg,1
data/processed/dogs/Dog_4924.jpg,1
data/processed/dogs/Dog_4926.jpg,1
data/processed/dogs/Dog_4927.jpg,1
data/processed/dogs/Dog_4928.jpg,1
data/processed/dogs/Dog_4929.jpg,1
data/processed/dogs/Dog_4930.jpg,1
data/processed/dogs/Dog_4931.jpg,1
data/processed/dogs/Dog_4932.jpg,1
data/processed/dogs/Dog_4933.jpg,1
data/processed/dogs/Dog_4934.jpg,1
data/processed/dogs/Dog_4935.jpg,1
data/processed/dogs/Dog_4936.jpg,1
data/processed/dogs/Dog_4938.jpg,1
data/processed/dogs/Dog_4939.jpg,1
data/processed/dogs/Dog_494.jpg,1
data/processed/dogs/Dog_4940.jpg,1
data/processed/dogs/Dog_4941.jpg,1
data/processed/dogs/Dog_4942.jpg,1
data/processed/dogs/Dog_4943.jpg,1
data/processed/dogs/Dog_4944.jpg,1
data/processed/dogs/Dog_4945.jpg,1
data/processed/dogs/Dog_4946.jpg,1
data/processed/dogs/Dog_4948.jpg,1
data/processed/dogs/Dog_4949.jpg,1
data/processed/dogs/Dog_495.jpg,1
data/processed/dogs/Dog_4950.jpg,1
data/processed/dogs/Dog_4951.jpg,1
data/processed/dogs/Dog_4952.jpg,1
data/processed/dogs/Dog_4953.jpg,1
data/processed/dogs/Dog_4954.jpg,1
data/processed/dogs/Dog_4956.jpg,1
data/processed/dogs/Dog_4958.jpg,1
data/processed/dogs/Dog_4959.jpg,1
data/processed/dogs/Dog_496.jpg,1
data/processed/dogs/Dog_4960.jpg,1
data/processed/dogs/Dog_4961.jpg,1
data/processed/dogs/Dog_4962.jpg,1
data/processed/dogs/Dog_4963.jpg,1
data/processed/dogs/Dog_4964.jpg,1
data/processed/dogs/Dog_4965.jpg,1
data/processed/dogs/Dog_4967.jpg,1
data/processed/dogs/Dog_4968.jpg,1
data/processed/dogs/Dog_4969.jpg,1
data/processed/dogs/Dog_4970.jpg,1
data/processed/dogs/Dog_4971.jpg,1
data/processed/dogs/Dog_4972.jpg,1
data/processed/dogs/Dog_4973.jpg,1
data/processed/dogs/Dog_4974.jpg,1
data/processed/dogs/Dog_4976.jpg,1
data/processed/dogs/Dog_4977.jpg,1
data/processed/dogs/Dog_4978.jpg,1
data/processed/dogs/Dog_4979.jpg,1
data/processed/dogs/Dog_498.jpg,1
data/processed/dogs/Dog_4980.jpg,1
data/processed/dogs/Dog_4981.jpg,1
data/processed/dogs/Dog_4982.jpg,1
data/processed/dogs/Dog_4983.jpg,1
data/processed/dogs/Dog_4984.jpg,1
data/processed/dogs/Dog_4986.jpg,1
data/processed/dogs/Dog_4987.jpg,1
data/processed/dogs/Dog_4989.jpg,1
data/processed/dogs/Dog_499.jpg,1
data/processed/dogs/Dog_4990.jpg,1
data/processed/dogs/Dog_4992.jpg,1
data/processed/dogs/Dog_4993.jpg,1
data/processed/dogs/Dog_4994.jpg,1
data/processed/dogs/Dog_4995.jpg,1
data/processed/dogs/Dog_4996.jpg,1
data/processed/dogs/Dog_4997.jpg,1
data/processed/dogs/Dog_4999.jpg,1
data/processed/dogs/Dog_5.jpg,1
data/processed/dogs/Dog_50.jpg,1
data/processed/dogs/Dog_500.jpg,1
data/processed/dogs/Dog_5000.jpg,1
data/processed/dogs/Dog_5001.jpg,1
data/processed/dogs/Dog_5002.jpg,1
data/processed/dogs/Dog_5003.jpg,1
data/processed/dogs/Dog_5004.jpg,1
data/processed/dogs/Dog_5005.jpg,1
data/processed/dogs/Dog_5006.jpg,1
data/processed/dogs/Dog_5007.jpg,1
data/processed/dogs/Dog_5009.jpg,1
data/processed/dogs/Dog_501.jpg,1
data/processed/dogs/Dog_5010.jpg,1
data/processed/dogs/Dog_5011.jpg,1
data/processed/dogs/Dog_5012.jpg,1
data/processed/dogs/Dog_5015.jpg,1
data/processed/dogs/Dog_5016.jpg,1
data/processed/dogs/Dog_5017.jpg,1
data/processed/dogs/Dog_5018.jpg,1
data/processed/dogs/Dog_5019.jpg,1
data/processed/dogs/Dog_5020.jpg,1
data/processed/dogs/Dog_5021.jpg,1
data/processed/dogs/Dog_5022.jpg,1
data/processed/dogs/Dog_5023.jpg,1
data/processed/dogs/Dog_5024.jpg,1
data/processed/dogs/Dog_5025.jpg,1
data/processed/dogs/Dog_5026.jpg,1
data/processed/dogs/Dog_5027.jpg,1
data/processed/dogs/Dog_5028.jpg,1
data/processed/dogs/Dog_5029.jpg,1
data/processed/dogs/Dog_503.jpg,1
data/processed/dogs/Dog_5031.jpg,1
data/processed/dogs/Dog_5032.jpg,1
data/processed/dogs/Dog_5033.jpg,1
data/processed/dogs/Dog_5035.jpg,1
data/processed/dogs/Dog_5036.jpg,1
data/processed/dogs/Dog_5037.jpg,1
data/processed/dogs/Dog_5038.jpg,1
data/processed/dogs/Dog_504.jpg,1
data/processed/dogs/Dog_5040.jpg,1
data/processed/dogs/Dog_5041.jpg,1
data/processed/dogs/Dog_5042.jpg,1
data/processed/dogs/Dog_5044.jpg,1
data/processed/dogs/Dog_5045.jpg,1
data/processed/dogs/Dog_5048.jpg,1
data/processed/dogs/Dog_505.jpg,1
data/processed/dogs/Dog_5050.jpg,1
data/processed/dogs/Dog_5051.jpg,1
data/processed/dogs/Dog_5052.jpg,1
data/processed/dogs/Dog_5053.jpg,1
data/processed/dogs/Dog_5054.jpg,1
data/processed/dogs/Dog_5055.jpg,1
data/processed/dogs/Dog_5057.jpg,1
data/processed/dogs/Dog_5058.jpg,1
data/processed/dogs/Dog_5059.jpg,1
data/processed/dogs/Dog_506.jpg,1
data/processed/dogs/Dog_5061.jpg,1
data/processed/dogs/Dog_5062.jpg,1
data/processed/dogs/Dog_5063.jpg,1
data/processed/dogs/Dog_5066.jpg,1
data/processed/dogs/Dog_5067.jpg,1
data/processed/dogs/Dog_5069.jpg,1
data/processed/dogs/Dog_507.jpg,1
data/processed/dogs/Dog_5070.jpg,1
data/processed/dogs/Dog_5071.jpg,1
data/processed/dogs/Dog_5072.jpg,1
data/processed/dogs/Dog_5073.jpg,1
data/processed/dogs/Dog_5074.jpg,1
data/processed/dogs/Dog_5075.jpg,1
data/processed/dogs/Dog_5076.jpg,1
data/processed/dogs/Dog_5077.jpg,1
data/processed/dogs/Dog_5078.jpg,1
data/processed/dogs/Dog_5079.jpg,1
data/processed/dogs/Dog_5080.jpg,1
data/processed/dogs/Dog_5081.jpg,1
data/processed/dogs/Dog_5082.jpg,1
data/processed/dogs/Dog_5084.jpg,1
data/processed/dogs/Dog_5085.jpg,1
data/processed/dogs/Dog_5087.jpg,1
data/processed/dogs/Dog_5088.jpg,1
data/processed/dogs/Dog_5089.jpg,1
data/processed/dogs/Dog_509.jpg,1
data/processed/dogs/Dog_5090.jpg,1
data/processed/dogs/Dog_5091.jpg,1
data/processed/dogs/Dog_5092.jpg,1
data/processed/dogs/Dog_5093.jpg,1
data/processed/dogs/Dog_5095.jpg,1
data/processed/dogs/Dog_5096.jpg,1
data/processed/dogs/Dog_5098.jpg,1
data/processed/dogs/Dog_51.jpg,1
data/processed/dogs/Dog_510.jpg,1
data/processed/dogs/Dog_5100.jpg,1
data/processed/dogs/Dog_5102.jpg,1
data/processed/dogs/Dog_5104.jpg,1
data/processed/dogs/Dog_5105.jpg,1
data/processed/dogs/Dog_5106.jpg,1
data/processed/dogs/Dog_5107.jpg,1
data/processed/dogs/Dog_5109.jpg,1
data/processed/dogs/Dog_511.jpg,1
data/processed/dogs/Dog_5110.jpg,1
data/processed/dogs/Dog_5111.jpg,1
data/processed/dogs/Dog_5112.jpg,1
data/processed/dogs/Dog_5113.jpg,1
data/processed/dogs/Dog_5115.jpg,1
data/processed/dogs/Dog_5117.jpg,1
data/processed/dogs/Dog_5118.jpg,1
data/processed/dogs/Dog_512.jpg,1
data/processed/dogs/Dog_5123.jpg,1
data/processed/dogs/Dog_5124.jpg,1
data/processed/dogs/Dog_5125.jpg,1
data/processed/dogs/Dog_5126.jpg,1
data/processed/dogs/Dog_5127.jpg,1
data/processed/dogs/Dog_5128.jpg,1
data/processed/dogs/Dog_513.jpg,1
data/processed/dogs/Dog_5130.jpg,1
data/processed/dogs/Dog_5132.jpg,1
data/processed/dogs/Dog_5133.jpg,1
data/processed/dogs/Dog_5134.jpg,1
data/processed/dogs/Dog_5135.jpg,1
data/processed/dogs/Dog_5136.jpg,1
data/processed/dogs/Dog_5137.jpg,1
data/processed/dogs/Dog_5138.jpg,1
data/processed/dogs/Dog_5139.jpg,1
data/processed/dogs/Dog_514.jpg,1
data/processed/dogs/Dog_5140.jpg,1
data/processed/dogs/Dog_5142.jpg,1
data/processed/dogs/Dog_5145.jpg,1
data/processed/dogs/Dog_5146.jpg,1
data/processed/dogs/Dog_5147.jpg,1
data/processed/dogs/Dog_5148.jpg,1
data/processed/dogs/Dog_515.jpg,1
data/processed/dogs/Dog_5150.jpg,1
data/processed/dogs/Dog_5151.jpg,1
data/processed/dogs/Dog_5152.jpg,1
data/processed/dogs/Dog_5153.jpg,1
data/processed/dogs/Dog_5154.jpg,1
data/processed/dogs/Dog_5155.jpg,1
data/processed/dogs/Dog_5157.jpg,1
data/processed/dogs/Dog_5158.jpg,1
data/processed/dogs/Dog_5159.jpg,1
data/processed/dogs/Dog_516.jpg,1
data/processed/dogs/Dog_5160.jpg,1
data/processed/dogs/Dog_5161.jpg,1
data/processed/dogs/Dog_5162.jpg,1
data/processed/dogs/Dog_5163.jpg,1
data/processed/dogs/Dog_5164.jpg,1
data/processed/dogs/Dog_5166.jpg,1
data/processed/dogs/Dog_5167.jpg,1
data/processed/dogs/Dog_5168.jpg,1
data/processed/dogs/Dog_5169.jpg,1
data/processed/dogs/Dog_517.jpg,1
data/processed/dogs/Dog_5170.jpg,1
data/processed/dogs/Dog_5171.jpg,1
data/processed/dogs/Dog_5173.jpg,1
data/processed/dogs/Dog_5174.jpg,1
data/processed/dogs/Dog_5176.jpg,1
data/processed/dogs/Dog_5178.jpg,1
data/processed/dogs/Dog_5179.jpg,1
data/processed/dogs/Dog_518.jpg,1
data/processed/dogs/Dog_5180.jpg,1
data/processed/dogs/Dog_5181.jpg,1
data/processed/dogs/Dog_5182.jpg,1
data/processed/dogs/Dog_5183.jpg,1
data/processed/dogs/Dog_5185.jpg,1
data/processed/dogs/Dog_5186.jpg,1
data/processed/dogs/Dog_5187.jpg,1
data/processed/dogs/Dog_5188.jpg,1
data/processed/dogs/Dog_519.jpg,1
data/processed/dogs/Dog_5191.jpg,1
data/processed/dogs/Dog_5192.jpg,1
data/processed/dogs/Dog_5193.jpg,1
data/processed/dogs/Dog_5196.jpg,1
data/processed/dogs/Dog_5197.jpg,1
data/processed/dogs/Dog_5198.jpg,1
data/processed/dogs/Dog_5199.jpg,1
data/processed/dogs/Dog_52.jpg,1
data/processed/dogs/Dog_520.jpg,1
data/processed/dogs/Dog_5200.jpg,1
data/processed/dogs/Dog_5202.jpg,1
data/processed/dogs/Dog_5203.jpg,1
data/processed/dogs/Dog_5205.jpg,1
data/processed/dogs/Dog_5206.jpg,1
data/processed/dogs/Dog_5208.jpg,1
data/processed/dogs/Dog_5209.jpg,1
data/processed/dogs/Dog_521.jpg,1
data/processed/dogs/Dog_5213.jpg,1
data/processed/dogs/Dog_5214.jpg,1
data/processed/dogs/Dog_5215.jpg,1
data/processed/dogs/Dog_5216.jpg,1
data/processed/dogs/Dog_5217.jpg,1
data/processed/dogs/Dog_5220.jpg,1
data/processed/dogs/Dog_5221.jpg,1
data/processed/dogs/Dog_5222.jpg,1
data/processed/dogs/Dog_5223.jpg,1
data/processed/dogs/Dog_5226.jpg,1
data/processed/dogs/Dog_5227.jpg,1
data/processed/dogs/Dog_5228.jpg,1
data/processed/dogs/Dog_5229.jpg,1
data/processed/dogs/Dog_523.jpg,1
data/processed/dogs/Dog_5231.jpg,1
data/processed/dogs/Dog_5232.jpg,1
data/processed/dogs/Dog_5233.jpg,1
data/processed/dogs/Dog_5234.jpg,1
data/processed/dogs/Dog_5236.jpg,1
data/processed/dogs/Dog_5237.jpg,1
data/processed/dogs/Dog_5238.jpg,1
data/processed/dogs/Dog_5239.jpg,1
data/processed/dogs/Dog_524.jpg,1
data/processed/dogs/Dog_5240.jpg,1
data/processed/dogs/Dog_5241.jpg,1
data/processed/dogs/Dog_5243.jpg,1
data/processed/dogs/Dog_5244.jpg,1
data/processed/dogs/Dog_5246.jpg,1
data/processed/dogs/Dog_5247.jpg,1
data/processed/dogs/Dog_5248.jpg,1
data/processed/dogs/Dog_525.jpg,1
data/processed/dogs/Dog_5250.jpg,1
data/processed/dogs/Dog_5251.jpg,1
data/processed/dogs/Dog_5253.jpg,1
data/processed/dogs/Dog_5254.jpg,1
data/processed/dogs/Dog_5257.jpg,1
data/processed/dogs/Dog_5258.jpg,1
data/processed/dogs/Dog_5259.jpg,1
data/processed/dogs/Dog_526.jpg,1
data/processed/dogs/Dog_5261.jpg,1
data/processed/dogs/Dog_5263.jpg,1
data/processed/dogs/Dog_5264.jpg,1
data/processed/dogs/Dog_5266.jpg,1
data/processed/dogs/Dog_5267.jpg,1
data/processed/dogs/Dog_5268.jpg,1
data/processed/dogs/Dog_5270.jpg,1
data/processed/dogs/Dog_5271.jpg,1
data/processed/dogs/Dog_5273.jpg,1
data/processed/dogs/Dog_5274.jpg,1
data/processed/dogs/Dog_5275.jpg,1
data/processed/dogs/Dog_5276.jpg,1
data/processed/dogs/Dog_5278.jpg,1
data/processed/dogs/Dog_5279.jpg,1
data/processed/dogs/Dog_528.jpg,1
data/processed/dogs/Dog_5281.jpg,1
data/processed/dogs/Dog_5282.jpg,1
data/processed/dogs/Dog_5283.jpg,1
data/processed/dogs/Dog_5285.jpg,1
data/processed/dogs/Dog_5286.jpg,1
data/processed/dogs/Dog_5287.jpg,1
data/processed/dogs/Dog_5288.jpg,1
data/processed/dogs/Dog_5289.jpg,1
data/processed/dogs/Dog_529.jpg,1
data/processed/dogs/Dog_5290.jpg,1
data/processed/dogs/Dog_5292.jpg,1
data/processed/dogs/Dog_5293.jpg,1
data/processed/dogs/Dog_5294.jpg,1
data/processed/dogs/Dog_5295.jpg,1
data/processed/dogs/Dog_5297.jpg,1
data/processed/dogs/Dog_5299.jpg,1
data/processed/dogs/Dog_53.jpg,1
data/processed/dogs/Dog_5300.jpg,1
data/processed/dogs/Dog_5301.jpg,1
data/processed/dogs/Dog_5302.jpg,1
data/processed/dogs/Dog_5303.jpg,1
data/processed/dogs/Dog_5304.jpg,1
data/processed/dogs/Dog_5305.jpg,1
data/processed/dogs/Dog_5306.jpg,1
data/processed/dogs/Dog_5307.jpg,1
data/processed/dogs/Dog_5308.jpg,1
data/processed/dogs/Dog_5309.jpg,1
data/processed/dogs/Dog_531.jpg,1
data/processed/dogs/Dog_5310.jpg,1
data/processed/dogs/Dog_5312.jpg,1
data/processed/dogs/Dog_5313.jpg,1
data/processed/dogs/Dog_5314.jpg,1
data/processed/dogs/Dog_5315.jpg,1
data/processed/dogs/Dog_5316.jpg,1
data/processed/dogs/Dog_5317.jpg,1
data/processed/dogs/Dog_5318.jpg,1
data/processed/dogs/Dog_5319.jpg,1
data/processed/dogs/Dog_532.jpg,1
data/processed/dogs/Dog_5320.jpg,1
data/processed/dogs/Dog_5321.jpg,1
data/processed/dogs/Dog_5322.jpg,1
data/processed/dogs/Dog_5323.jpg,1
data/processed/dogs/Dog_5324.jpg,1
data/processed/dogs/Dog_5325.jpg,1
data/processed/dogs/Dog_5326.jpg,1
data/processed/dogs/Dog_5327.jpg,1
data/processed/dogs/Dog_5328.jpg,1
data/processed/dogs/Dog_5330.jpg,1
data/processed/dogs/Dog_5331.jpg,1
data/processed/dogs/Dog_5332.jpg,1
data/processed/dogs/Dog_5333.jpg,1
data/processed/dogs/Dog_5334.jpg,1
data/processed/dogs/Dog_5335.jpg,1
data/processed/dogs/Dog_5337.jpg,1
data/processed/dogs/Dog_5339.jpg,1
data/processed/dogs/Dog_534.jpg,1
data/processed/dogs/Dog_5340.jpg,1
data/processed/dogs/Dog_5341.jpg,1
data/processed/dogs/Dog_5342.jpg,1
data/processed/dogs/Dog_5344.jpg,1
data/processed/dogs/Dog_5345.jpg,1
data/processed/dogs/Dog_5346.jpg,1
data/processed/dogs/Dog_5349.jpg,1
data/processed/dogs/Dog_535.jpg,1
data/processed/dogs/Dog_5350.jpg,1
data/processed/dogs/Dog_5352.jpg,1
data/processed/dogs/Dog_5353.jpg,1
data/processed/dogs/Dog_5354.jpg,1
data/processed/dogs/Dog_5356.jpg,1
data/processed/dogs/Dog_5357.jpg,1
data/processed/dogs/Dog_5358.jpg,1
data/processed/dogs/Dog_536.jpg,1
data/processed/dogs/Dog_5360.jpg,1
data/processed/dogs/Dog_5361.jpg,1
data/processed/dogs/Dog_5362.jpg,1
data/processed/dogs/Dog_5363.jpg,1
data/processed/dogs/Dog_5364.jpg,1
data/processed/dogs/Dog_5365.jpg,1
data/processed/dogs/Dog_5366.jpg,1
data/processed/dogs/Dog_5367.jpg,1
data/processed/dogs/Dog_5368.jpg,1
data/processed/dogs/Dog_5369.jpg,1
data/processed/dogs/Dog_537.jpg,1
data/processed/dogs/Dog_5370.jpg,1
data/processed/dogs/Dog_5371.jpg,1
data/processed/dogs/Dog_5372.jpg,1
data/processed/dogs/Dog_5374.jpg,1
data/processed/dogs/Dog_5375.jpg,1
data/processed/dogs/Dog_5376.jpg,1
data/processed/dogs/Dog_5377.jpg,1
data/processed/dogs/Dog_538.jpg,1
data/processed/dogs/Dog_5380.jpg,1
data/processed/dogs/Dog_5381.jpg,1
data/processed/dogs/Dog_5383.jpg,1
data/processed/dogs/Dog_5384.jpg,1
data/processed/dogs/Dog_5385.jpg,1
data/processed/dogs/Dog_5386.jpg,1
data/processed/dogs/Dog_5387.jpg,1
data/processed/dogs/Dog_5388.jpg,1
data/processed/dogs/Dog_539.jpg,1
data/processed/dogs/Dog_5393.jpg,1
data/processed/dogs/Dog_5394.jpg,1
data/processed/dogs/Dog_5395.jpg,1
data/processed/dogs/Dog_5396.jpg,1
data/processed/dogs/Dog_5398.jpg,1
data/processed/dogs/Dog_5399.jpg,1
data/processed/dogs/Dog_54.jpg,1
data/processed/dogs/Dog_540.jpg,1
data/processed/dogs/Dog_5400.jpg,1
data/processed/dogs/Dog_5402.jpg,1
data/processed/dogs/Dog_5403.jpg,1
data/processed/dogs/Dog_5404.jpg,1
data/processed/dogs/Dog_5405.jpg,1
data/processed/dogs/Dog_5406.jpg,1
data/processed/dogs/Dog_5407.jpg,1
data/processed/dogs/Dog_5408.jpg,1
data/processed/dogs/Dog_5409.jpg,1
data/processed/dogs/Dog_5410.jpg,1
data/processed/dogs/Dog_5411.jpg,1
data/processed/dogs/Dog_5412.jpg,1
data/processed/dogs/Dog_5413.jpg,1
data/processed/dogs/Dog_5414.jpg,1
data/processed/dogs/Dog_5417.jpg,1
data/processed/dogs/Dog_5419.jpg,1
data/processed/dogs/Dog_542.jpg,1
data/processed/dogs/Dog_5420.jpg,1
data/processed/dogs/Dog_5421.jpg,1
data/processed/dogs/Dog_5422.jpg,1
data/processed/dogs/Dog_5423.jpg,1
data/processed/dogs/Dog_5424.jpg,1
data/processed/dogs/Dog_5425.jpg,1
data/processed/dogs/Dog_5426.jpg,1
data/processed/dogs/Dog_5427.jpg,1
data/processed/dogs/Dog_5428.jpg,1
data/processed/dogs/Dog_543.jpg,1
data/processed/dogs/Dog_5430.jpg,1
data/processed/dogs/Dog_5432.jpg,1
data/processed/dogs/Dog_5433.jpg,1
data/processed/dogs/Dog_5434.jpg,1
data/processed/dogs/Dog_5437.jpg,1
data/processed/dogs/Dog_5438.jpg,1
data/processed/dogs/Dog_5440.jpg,1
data/processed/dogs/Dog_5441.jpg,1
data/processed/dogs/Dog_5442.jpg,1
data/processed/dogs/Dog_5443.jpg,1
data/processed/dogs/Dog_5444.jpg,1
data/processed/dogs/Dog_5446.jpg,1
data/processed/dogs/Dog_5447.jpg,1
data/processed/dogs/Dog_5448.jpg,1
data/processed/dogs/Dog_5449.jpg,1
data/processed/dogs/Dog_545.jpg,1
data/processed/dogs/Dog_5450.jpg,1
data/processed/dogs/Dog_5451.jpg,1
data/processed/dogs/Dog_5452.jpg,1
data/processed/dogs/Dog_5453.jpg,1
data/processed/dogs/Dog_5455.jpg,1
data/processed/dogs/Dog_5456.jpg,1
data/processed/dogs/Dog_5458.jpg,1
data/processed/dogs/Dog_5459.jpg,1
data/processed/dogs/Dog_546.jpg,1
data/processed/dogs/Dog_5460.jpg,1
data/processed/dogs/Dog_5461.jpg,1
data/processed/dogs/Dog_5462.jpg,1
data/processed/dogs/Dog_5463.jpg,1
data/processed/dogs/Dog_5464.jpg,1
data/processed/dogs/Dog_5465.jpg,1
data/processed/dogs/Dog_5467.jpg,1
data/processed/dogs/Dog_5468.jpg,1
data/processed/dogs/Dog_5469.jpg,1
data/processed/dogs/Dog_547.jpg,1
data/processed/dogs/Dog_5470.jpg,1
data/processed/dogs/Dog_5471.jpg,1
data/processed/dogs/Dog_5475.jpg,1
data/processed/dogs/Dog_5476.jpg,1
data/processed/dogs/Dog_5477.jpg,1
data/processed/dogs/Dog_5478.jpg,1
data/processed/dogs/Dog_5479.jpg,1
data/processed/dogs/Dog_548.jpg,1
data/processed/dogs/Dog_5481.jpg,1
data/processed/dogs/Dog_5482.jpg,1
data/processed/dogs/Dog_5483.jpg,1
data/processed/dogs/Dog_5484.jpg,1
data/processed/dogs/Dog_5485.jpg,1
data/processed/dogs/Dog_5487.jpg,1
data/processed/dogs/Dog_5489.jpg,1
data/processed/dogs/Dog_549.jpg,1
data/processed/dogs/Dog_5490.jpg,1
data/processed/dogs/Dog_5491.jpg,1
data/processed/dogs/Dog_5492.jpg,1
data/processed/dogs/Dog_5494.jpg,1
data/processed/dogs/Dog_5495.jpg,1
data/processed/dogs/Dog_5496.jpg,1
data/processed/dogs/Dog_5497.jpg,1
data/processed/dogs/Dog_5498.jpg,1
data/processed/dogs/Dog_5499.jpg,1
data/processed/dogs/Dog_55.jpg,1
data/processed/dogs/Dog_5500.jpg,1
data/processed/dogs/Dog_5501.jpg,1
data/processed/dogs/Dog_5502.jpg,1
data/processed/dogs/Dog_5503.jpg,1
data/processed/dogs/Dog_5505.jpg,1
data/processed/dogs/Dog_5507.jpg,1
data/processed/dogs/Dog_5508.jpg,1
data/processed/dogs/Dog_551.jpg,1
data/processed/dogs/Dog_5510.jpg,1
data/processed/dogs/Dog_5512.jpg,1
data/processed/dogs/Dog_5513.jpg,1
data/processed/dogs/Dog_5515.jpg,1
data/processed/dogs/Dog_5516.jpg,1
data/processed/dogs/Dog_5517.jpg,1
data/processed/dogs/Dog_5518.jpg,1
data/processed/dogs/Dog_5519.jpg,1
data/processed/dogs/Dog_552.jpg,1
data/processed/dogs/Dog_5520.jpg,1
data/processed/dogs/Dog_5521.jpg,1
data/processed/dogs/Dog_5523.jpg,1
data/processed/dogs/Dog_5524.jpg,1
data/processed/dogs/Dog_5526.jpg,1
data/processed/dogs/Dog_5527.jpg,1
data/processed/dogs/Dog_5528.jpg,1
data/processed/dogs/Dog_5529.jpg,1
data/processed/dogs/Dog_553.jpg,1
data/processed/dogs/Dog_5531.jpg,1
data/processed/dogs/Dog_5532.jpg,1
data/processed/dogs/Dog_5533.jpg,1
data/processed/dogs/Dog_5534.jpg,1
data/processed/dogs/Dog_5537.jpg,1
data/processed/dogs/Dog_5539.jpg,1
data/processed/dogs/Dog_554.jpg,1
data/processed/dogs/Dog_5540.jpg,1
data/processed/dogs/Dog_5541.jpg,1
data/processed/dogs/Dog_5542.jpg,1
data/processed/dogs/Dog_5544.jpg,1
data/processed/dogs/Dog_5545.jpg,1
data/processed/dogs/Dog_5546.jpg,1
data/processed/dogs/Dog_5547.jpg,1
data/processed/dogs/Dog_5548.jpg,1
data/processed/dogs/Dog_5549.jpg,1
data/processed/dogs/Dog_5550.jpg,1
data/processed/dogs/Dog_5551.jpg,1
data/processed/dogs/Dog_5552.jpg,1
data/processed/dogs/Dog_5553.jpg,1
data/processed/dogs/Dog_5554.jpg,1
data/processed/dogs/Dog_5556.jpg,1
data/processed/dogs/Dog_5557.jpg,1
data/processed/dogs/Dog_5558.jpg,1
data/processed/dogs/Dog_5559.jpg,1
data/processed/dogs/Dog_556.jpg,1
data/processed/dogs/Dog_5560.jpg,1
data/processed/dogs/Dog_5561.jpg,1
data/processed/dogs/Dog_5562.jpg,1
data/processed/dogs/Dog_5563.jpg,1
data/processed/dogs/Dog_5564.jpg,1
data/processed/dogs/Dog_5565.jpg,1
data/processed/dogs/Dog_5566.jpg,1
data/processed/dogs/Dog_5567.jpg,1
data/processed/dogs/Dog_5568.jpg,1
data/processed/dogs/Dog_5569.jpg,1
data/processed/dogs/Dog_557.jpg,1
data/processed/dogs/Dog_5570.jpg,1
data/processed/dogs/Dog_5571.jpg,1
data/processed/dogs/Dog_5572.jpg,1
data/processed/dogs/Dog_5573.jpg,1
data/processed/dogs/Dog_5574.jpg,1
data/processed/dogs/Dog_5575.jpg,1
data/processed/dogs/Dog_5576.jpg,1
data/processed/dogs/Dog_5577.jpg,1
data/processed/dogs/Dog_5578.jpg,1
data/processed/dogs/Dog_5579.jpg,1
data/processed/dogs/Dog_558.jpg,1
data/processed/dogs/Dog_5581.jpg,1
data/processed/dogs/Dog_5582.jpg,1
data/processed/dogs/Dog_5583.jpg,1
data/processed/dogs/Dog_5585.jpg,1
data/processed/dogs/Dog_5587.jpg,1
data/processed/dogs/Dog_5588.jpg,1
data/processed/dogs/Dog_5589.jpg,1
data/processed/dogs/Dog_559.jpg,1
data/processed/dogs/Dog_5591.jpg,1
data/processed/dogs/Dog_5592.jpg,1
data/processed/dogs/Dog_5593.jpg,1
data/processed/dogs/Dog_5594.jpg,1
data/processed/dogs/Dog_5595.jpg,1
data/processed/dogs/Dog_5596.jpg,1
data/processed/dogs/Dog_5597.jpg,1
data/processed/dogs/Dog_5598.jpg,1
data/processed/dogs/Dog_5599.jpg,1
data/processed/dogs/Dog_5600.jpg,1
data/processed/dogs/Dog_5601.jpg,1
data/processed/dogs/Dog_5602.jpg,1
data/processed/dogs/Dog_5603.jpg,1
data/processed/dogs/Dog_5604.jpg,1
data/processed/dogs/Dog_5605.jpg,1
data/processed/dogs/Dog_5607.jpg,1
data/processed/dogs/Dog_5609.jpg,1
data/processed/dogs/Dog_561.jpg,1
data/processed/dogs/Dog_5610.jpg,1
data/processed/dogs/Dog_5611.jpg,1
data/processed/dogs/Dog_5612.jpg,1
data/processed/dogs/Dog_5613.jpg,1
data/processed/dogs/Dog_5614.jpg,1
data/processed/dogs/Dog_5615.jpg,1
data/processed/dogs/Dog_5617.jpg,1
data/processed/dogs/Dog_5619.jpg,1
data/processed/dogs/Dog_562.jpg,1
data/processed/dogs/Dog_5621.jpg,1
data/processed/dogs/Dog_5623.jpg,1
data/processed/dogs/Dog_5624.jpg,1
data/processed/dogs/Dog_5625.jpg,1
data/processed/dogs/Dog_5627.jpg,1
data/processed/dogs/Dog_5628.jpg,1
data/processed/dogs/Dog_5629.jpg,1
data/processed/dogs/Dog_563.jpg,1
data/processed/dogs/Dog_5630.jpg,1
data/processed/dogs/Dog_5631.jpg,1
data/processed/dogs/Dog_5632.jpg,1
data/processed/dogs/Dog_5633.jpg,1
data/processed/dogs/Dog_5634.jpg,1
data/processed/dogs/Dog_5635.jpg,1
data/processed/dogs/Dog_5636.jpg,1
data/processed/dogs/Dog_5637.jpg,1
data/processed/dogs/Dog_5638.jpg,1
data/processed/dogs/Dog_5639.jpg,1
data/processed/dogs/Dog_564.jpg,1
data/processed/dogs/Dog_5640.jpg,1
data/processed/dogs/Dog_5641.jpg,1
data/processed/dogs/Dog_5642.jpg,1
data/processed/dogs/Dog_5643.jpg,1
data/processed/dogs/Dog_5644.jpg,1
data/processed/dogs/Dog_5645.jpg,1
data/processed/dogs/Dog_5646.jpg,1
data/processed/dogs/Dog_5648.jpg,1
data/processed/dogs/Dog_565.jpg,1
data/processed/dogs/Dog_5650.jpg,1
data/processed/dogs/Dog_5651.jpg,1
data/processed/dogs/Dog_5653.jpg,1
data/processed/dogs/Dog_5654.jpg,1
data/processed/dogs/Dog_5655.jpg,1
data/processed/dogs/Dog_5656.jpg,1
data/processed/dogs/Dog_5657.jpg,1
data/processed/dogs/Dog_5658.jpg,1
data/processed/dogs/Dog_5659.jpg,1
data/processed/dogs/Dog_566.jpg,1
data/processed/dogs/Dog_5660.jpg,1
data/processed/dogs/Dog_5661.jpg,1
data/processed/dogs/Dog_5662.jpg,1
data/processed/dogs/Dog_5663.jpg,1
data/processed/dogs/Dog_5664.jpg,1
data/processed/dogs/Dog_5665.jpg,1
data/processed/dogs/Dog_5666.jpg,1
data/processed/dogs/Dog_5668.jpg,1
data/processed/dogs/Dog_5669.jpg,1
data/processed/dogs/Dog_567.jpg,1
data/processed/dogs/Dog_5670.jpg,1
data/processed/dogs/Dog_5671.jpg,1
data/processed/dogs/Dog_5672.jpg,1
data/processed/dogs/Dog_5673.jpg,1
data/processed/dogs/Dog_5674.jpg,1
data/processed/dogs/Dog_5675.jpg,1
data/processed/dogs/Dog_5677.jpg,1
data/processed/dogs/Dog_5678.jpg,1
data/processed/dogs/Dog_5679.jpg,1
data/processed/dogs/Dog_568.jpg,1
data/processed/dogs/Dog_5680.jpg,1
data/processed/dogs/Dog_5682.jpg,1
data/processed/dogs/Dog_5684.jpg,1
data/processed/dogs/Dog_5685.jpg,1
data/processed/dogs/Dog_5686.jpg,1
data/processed/dogs/Dog_5687.jpg,1
data/processed/dogs/Dog_5688.jpg,1
data/processed/dogs/Dog_5689.jpg,1
data/processed/dogs/Dog_5690.jpg,1
data/processed/dogs/Dog_5691.jpg,1
data/processed/dogs/Dog_5692.jpg,1
data/processed/dogs/Dog_5695.jpg,1
data/processed/dogs/Dog_5697.jpg,1
data/processed/dogs/Dog_5699.jpg,1
data/processed/dogs/Dog_57.jpg,1
data/processed/dogs/Dog_5700.jpg,1
data/processed/dogs/Dog_5701.jpg,1
data/processed/dogs/Dog_5702.jpg,1
data/processed/dogs/Dog_5705.jpg,1
data/processed/dogs/Dog_5707.jpg,1
data/processed/dogs/Dog_5708.jpg,1
data/processed/dogs/Dog_5709.jpg,1
data/processed/dogs/Dog_571.jpg,1
data/processed/dogs/Dog_5710.jpg,1
data/processed/dogs/Dog_5711.jpg,1
data/processed/dogs/Dog_5712.jpg,1
data/processed/dogs/Dog_5713.jpg,1
data/processed/dogs/Dog_5714.jpg,1
data/processed/dogs/Dog_5715.jpg,1
data/processed/dogs/Dog_5716.jpg,1
data/processed/dogs/Dog_5717.jpg,1
data/processed/dogs/Dog_5718.jpg,1
data/processed/dogs/Dog_5719.jpg,1
data/processed/dogs/Dog_572.jpg,1
data/processed/dogs/Dog_5721.jpg,1
data/processed/dogs/Dog_5722.jpg,1
data/processed/dogs/Dog_5725.jpg,1
data/processed/dogs/Dog_5726.jpg,1
data/processed/dogs/Dog_5727.jpg,1
data/processed/dogs/Dog_5728.jpg,1
data/processed/dogs/Dog_5729.jpg,1
data/processed/dogs/Dog_573.jpg,1
data/processed/dogs/Dog_5730.jpg,1
data/processed/dogs/Dog_5732.jpg,1
data/processed/dogs/Dog_5733.jpg,1
data/processed/dogs/Dog_5734.jpg,1
data/processed/dogs/Dog_5736.jpg,1
data/processed/dogs/Dog_5737.jpg,1
data/processed/dogs/Dog_5738.jpg,1
data/processed/dogs/Dog_5739.jpg,1
data/processed/dogs/Dog_574.jpg,1
data/processed/dogs/Dog_5740.jpg,1
data/processed/dogs/Dog_5744.jpg,1
data/processed/dogs/Dog_5745.jpg,1
data/processed/dogs/Dog_5746.jpg,1
data/processed/dogs/Dog_5747.jpg,1
data/processed/dogs/Dog_5748.jpg,1
data/processed/dogs/Dog_5749.jpg,1
data/processed/dogs/Dog_5750.jpg,1
data/processed/dogs/Dog_5751.jpg,1
data/processed/dogs/Dog_5752.jpg,1
data/processed/dogs/Dog_5753.jpg,1
data/processed/dogs/Dog_5754.jpg,1
data/processed/dogs/Dog_5755.jpg,1
data/processed/dogs/Dog_5756.jpg,1
data/processed/dogs/Dog_5757.jpg,1
data/processed/dogs/Dog_5758.jpg,1
data/processed/dogs/Dog_5759.jpg,1
data/processed/dogs/Dog_576.jpg,1
data/processed/dogs/Dog_5760.jpg,1
data/processed/dogs/Dog_5762.jpg,1
data/processed/dogs/Dog_5763.jpg,1
data/processed/dogs/Dog_5764.jpg,1
data/processed/dogs/Dog_5765.jpg,1
data/processed/dogs/Dog_5766.jpg,1
data/processed/dogs/Dog_5767.jpg,1
data/processed/dogs/Dog_5769.jpg,1
data/processed/dogs/Dog_577.jpg,1
data/processed/dogs/Dog_5770.jpg,1
data/processed/dogs/Dog_5773.jpg,1
data/processed/dogs/Dog_5774.jpg,1
data/processed/dogs/Dog_5775.jpg,1
data/processed/dogs/Dog_5776.jpg,1
data/processed/dogs/Dog_5777.jpg,1
data/processed/dogs/Dog_5778.jpg,1
data/processed/dogs/Dog_578.jpg,1
data/processed/dogs/Dog_5782.jpg,1
data/processed/dogs/Dog_5783.jpg,1
data/processed/dogs/Dog_5785.jpg,1
data/processed/dogs/Dog_5786.jpg,1
data/processed/dogs/Dog_5787.jpg,1
data/processed/dogs/Dog_5788.jpg,1
data/processed/dogs/Dog_5789.jpg,1
data/processed/dogs/Dog_579.jpg,1
data/processed/dogs/Dog_5790.jpg,1
data/processed/dogs/Dog_5792.jpg,1
data/processed/dogs/Dog_5793.jpg,1
data/processed/dogs/Dog_5794.jpg,1
data/processed/dogs/Dog_5795.jpg,1
data/processed/dogs/Dog_5796.jpg,1
data/processed/dogs/Dog_5798.jpg,1
data/processed/dogs/Dog_5799.jpg,1
data/processed/dogs/Dog_58.jpg,1
data/processed/dogs/Dog_580.jpg,1
data/processed/dogs/Dog_5802.jpg,1
data/processed/dogs/Dog_5803.jpg,1
data/processed/dogs/Dog_5804.jpg,1
data/processed/dogs/Dog_5805.jpg,1
data/processed/dogs/Dog_5806.jpg,1
data/processed/dogs/Dog_5807.jpg,1
data/processed/dogs/Dog_5808.jpg,1
data/processed/dogs/Dog_5809.jpg,1
data/processed/dogs/Dog_581.jpg,1
data/processed/dogs/Dog_5810.jpg,1
data/processed/dogs/Dog_5811.jpg,1
data/processed/dogs/Dog_5812.jpg,1
data/processed/dogs/Dog_5814.jpg,1
data/processed/dogs/Dog_5815.jpg,1
data/processed/dogs/Dog_5817.jpg,1
data/processed/dogs/Dog_5819.jpg,1
data/processed/dogs/Dog_582.jpg,1
data/processed/dogs/Dog_5821.jpg,1
data/processed/dogs/Dog_5823.jpg,1
data/processed/dogs/Dog_5824.jpg,1
data/processed/dogs/Dog_5825.jpg,1
data/processed/dogs/Dog_5826.jpg,1
data/processed/dogs/Dog_5827.jpg,1
data/processed/dogs/Dog_5829.jpg,1
data/processed/dogs/Dog_5830.jpg,1
data/processed/dogs/Dog_5831.jpg,1
data/processed/dogs/Dog_5832.jpg,1
data/processed/dogs/Dog_5833.jpg,1
data/processed/dogs/Dog_5834.jpg,1
data/processed/dogs/Dog_5835.jpg,1
data/processed/dogs/Dog_5836.jpg,1
data/processed/dogs/Dog_5837.jpg,1
data/processed/dogs/Dog_5838.jpg,1
data/processed/dogs/Dog_5839.jpg,1
data/processed/dogs/Dog_5841.jpg,1
data/processed/dogs/Dog_5843.jpg,1
data/processed/dogs/Dog_5844.jpg,1
data/processed/dogs/Dog_5845.jpg,1
data/processed/dogs/Dog_5846.jpg,1
data/processed/dogs/Dog_5847.jpg,1
data/processed/dogs/Dog_5848.jpg,1
data/processed/dogs/Dog_5849.jpg,1
data/processed/dogs/Dog_585.jpg,1
data/processed/dogs/Dog_5851.jpg,1
data/processed/dogs/Dog_5853.jpg,1
data/processed/dogs/Dog_5854.jpg,1
data/processed/dogs/Dog_5855.jpg,1
data/processed/dogs/Dog_5858.jpg,1
data/processed/dogs/Dog_586.jpg,1
data/processed/dogs/Dog_5860.jpg,1
data/processed/dogs/Dog_5861.jpg,1
data/processed/dogs/Dog_5864.jpg,1
data/processed/dogs/Dog_5865.jpg,1
data/processed/dogs/Dog_5866.jpg,1
data/processed/dogs/Dog_5867.jpg,1
data/processed/dogs/Dog_5868.jpg,1
data/processed/dogs/Dog_5869.jpg,1
data/processed/dogs/Dog_587.jpg,1
data/processed/dogs/Dog_5870.jpg,1
data/processed/dogs/Dog_5872.jpg,1
data/processed/dogs/Dog_5873.jpg,1
data/processed/dogs/Dog_5874.jpg,1
data/processed/dogs/Dog_5875.jpg,1
data/processed/dogs/Dog_5876.jpg,1
data/processed/dogs/Dog_5877.jpg,1
data/processed/dogs/Dog_5878.jpg,1
data/processed/dogs/Dog_5879.jpg,1
data/processed/dogs/Dog_588.jpg,1
data/processed/dogs/Dog_5880.jpg,1
data/processed/dogs/Dog_5881.jpg,1
data/processed/dogs/Dog_5882.jpg,1
data/processed/dogs/Dog_5884.jpg,1
data/processed/dogs/Dog_5886.jpg,1
data/processed/dogs/Dog_5887.jpg,1
data/processed/dogs/Dog_5888.jpg,1
data/processed/dogs/Dog_5889.jpg,1
data/processed/dogs/Dog_5890.jpg,1
data/processed/dogs/Dog_5891.jpg,1
data/processed/dogs/Dog_5892.jpg,1
data/processed/dogs/Dog_5893.jpg,1
data/processed/dogs/Dog_5894.jpg,1
data/processed/dogs/Dog_5895.jpg,1
data/processed/dogs/Dog_5896.jpg,1
data/processed/dogs/Dog_5897.jpg,1
data/processed/dogs/Dog_5898.jpg,1
data/processed/dogs/Dog_5899.jpg,1
data/processed/dogs/Dog_59.jpg,1
data/processed/dogs/Dog_590.jpg,1
data/processed/dogs/Dog_5900.jpg,1
data/processed/dogs/Dog_5902.jpg,1
data/processed/dogs/Dog_5903.jpg,1
data/processed/dogs/Dog_5904.jpg,1
data/processed/dogs/Dog_5905.jpg,1
data/processed/dogs/Dog_5906.jpg,1
data/processed/dogs/Dog_5907.jpg,1
data/processed/dogs/Dog_5908.jpg,1
data/processed/dogs/Dog_5909.jpg,1
data/processed/dogs/Dog_5911.jpg,1
data/processed/dogs/Dog_5912.jpg,1
data/processed/dogs/Dog_5914.jpg,1
data/processed/dogs/Dog_5916.jpg,1
data/processed/dogs/Dog_5917.jpg,1
data/processed/dogs/Dog_5919.jpg,1
data/processed/dogs/Dog_592.jpg,1
data/processed/dogs/Dog_5920.jpg,1
data/processed/dogs/Dog_5921.jpg,1
data/processed/dogs/Dog_5923.jpg,1
data/processed/dogs/Dog_5924.jpg,1
data/processed/dogs/Dog_5925.jpg,1
data/processed/dogs/Dog_5926.jpg,1
data/processed/dogs/Dog_5928.jpg,1
data/processed/dogs/Dog_5929.jpg,1
data/processed/dogs/Dog_593.jpg,1
data/processed/dogs/Dog_5930.jpg,1
data/processed/dogs/Dog_5931.jpg,1
data/processed/dogs/Dog_5933.jpg,1
data/processed/dogs/Dog_5934.jpg,1
data/processed/dogs/Dog_5935.jpg,1
data/processed/dogs/Dog_5936.jpg,1
data/processed/dogs/Dog_5937.jpg,1
data/processed/dogs/Dog_5938.jpg,1
data/processed/dogs/Dog_594.jpg,1
data/processed/dogs/Dog_5941.jpg,1
data/processed/dogs/Dog_5942.jpg,1
data/processed/dogs/Dog_5943.jpg,1
data/processed/dogs/Dog_5944.jpg,1
data/processed/dogs/Dog_5945.jpg,1
data/processed/dogs/Dog_5946.jpg,1
data/processed/dogs/Dog_5947.jpg,1
data/processed/dogs/Dog_5948.jpg,1
data/processed/dogs/Dog_5949.jpg,1
data/processed/dogs/Dog_595.jpg,1
data/processed/dogs/Dog_5951.jpg,1
data/processed/dogs/Dog_5952.jpg,1
data/processed/dogs/Dog_5953.jpg,1
data/processed/dogs/Dog_5954.jpg,1
data/processed/dogs/Dog_5956.jpg,1
data/processed/dogs/Dog_5957.jpg,1
data/processed/dogs/Dog_5958.jpg,1
data/processed/dogs/Dog_5959.jpg,1
data/processed/dogs/Dog_596.jpg,1
data/processed/dogs/Dog_5960.jpg,1
data/processed/dogs/Dog_5961.jpg,1
data/processed/dogs/Dog_5964.jpg,1
data/processed/dogs/Dog_5965.jpg,1
data/processed/dogs/Dog_5966.jpg,1
data/processed/dogs/Dog_5967.jpg,1
data/processed/dogs/Dog_5968.jpg,1
data/processed/dogs/Dog_5969.jpg,1
data/processed/dogs/Dog_597.jpg,1
data/processed/dogs/Dog_5970.jpg,1
data/processed/dogs/Dog_5972.jpg,1
data/processed/dogs/Dog_5973.jpg,1
data/processed/dogs/Dog_5974.jpg,1
data/processed/dogs/Dog_5975.jpg,1
data/processed/dogs/Dog_5976.jpg,1
data/processed/dogs/Dog_5977.jpg,1
data/processed/dogs/Dog_5979.jpg,1
data/processed/dogs/Dog_598.jpg,1
data/processed/dogs/Dog_5980.jpg,1
data/processed/dogs/Dog_5982.jpg,1
data/processed/dogs/Dog_5983.jpg,1
data/processed/dogs/Dog_5984.jpg,1
data/processed/dogs/Dog_5985.jpg,1
data/processed/dogs/Dog_5986.jpg,1
data/processed/dogs/Dog_5987.jpg,1
data/processed/dogs/Dog_5988.jpg,1
data/processed/dogs/Dog_5989.jpg,1
data/processed/dogs/Dog_599.jpg,1
data/processed/dogs/Dog_5990.jpg,1
data/processed/dogs/Dog_5992.jpg,1
data/processed/dogs/Dog_5993.jpg,1
data/processed/dogs/Dog_5994.jpg,1
data/processed/dogs/Dog_5996.jpg,1
data/processed/dogs/Dog_5999.jpg,1
data/processed/dogs/Dog_6.jpg,1
data/processed/dogs/Dog_60.jpg,1
data/processed/dogs/Dog_600.jpg,1
data/processed/dogs/Dog_6000.jpg,1
data/processed/dogs/Dog_6001.jpg,1
data/processed/dogs/Dog_6002.jpg,1
data/processed/dogs/Dog_6003.jpg,1
data/processed/dogs/Dog_6006.jpg,1
data/processed/dogs/Dog_6007.jpg,1
data/processed/dogs/Dog_6008.jpg,1
data/processed/dogs/Dog_601.jpg,1
data/processed/dogs/Dog_6010.jpg,1
data/processed/dogs/Dog_6011.jpg,1
data/processed/dogs/Dog_6012.jpg,1
data/processed/dogs/Dog_6013.jpg,1
data/processed/dogs/Dog_6014.jpg,1
data/processed/dogs/Dog_6015.jpg,1
data/processed/dogs/Dog_6018.jpg,1
data/processed/dogs/Dog_602.jpg,1
data/processed/dogs/Dog_6021.jpg,1
data/processed/dogs/Dog_6022.jpg,1
data/processed/dogs/Dog_6023.jpg,1
data/processed/dogs/Dog_6024.jpg,1
data/processed/dogs/Dog_6025.jpg,1
data/processed/dogs/Dog_6026.jpg,1
data/processed/dogs/Dog_6027.jpg,1
data/processed/dogs/Dog_6028.jpg,1
data/processed/dogs/Dog_6029.jpg,1
data/processed/dogs/Dog_6030.jpg,1
data/processed/dogs/Dog_6031.jpg,1
data/processed/dogs/Dog_6032.jpg,1
data/processed/dogs/Dog_6033.jpg,1
data/processed/dogs/Dog_6034.jpg,1
data/processed/dogs/Dog_6037.jpg,1
data/processed/dogs/Dog_6038.jpg,1
data/processed/dogs/Dog_6039.jpg,1
data/processed/dogs/Dog_604.jpg,1
data/processed/dogs/Dog_6041.jpg,1
data/processed/dogs/Dog_6042.jpg,1
data/processed/dogs/Dog_6043.jpg,1
data/processed/dogs/Dog_6044.jpg,1
data/processed/dogs/Dog_6045.jpg,1
data/processed/dogs/Dog_6047.jpg,1
data/processed/dogs/Dog_6048.jpg,1
data/processed/dogs/Dog_6050.jpg,1
data/processed/dogs/Dog_6051.jpg,1
data/processed/dogs/Dog_6053.jpg,1
data/processed/dogs/Dog_6054.jpg,1
data/processed/dogs/Dog_6055.jpg,1
data/processed/dogs/Dog_6056.jpg,1
data/processed/dogs/Dog_6058.jpg,1
data/processed/dogs/Dog_6059.jpg,1
data/processed/dogs/Dog_606.jpg,1
data/processed/dogs/Dog_6060.jpg,1
data/processed/dogs/Dog_6062.jpg,1
data/processed/dogs/Dog_6063.jpg,1
data/processed/dogs/Dog_6064.jpg,1
data/processed/dogs/Dog_6065.jpg,1
data/processed/dogs/Dog_6066.jpg,1
data/processed/dogs/Dog_6068.jpg,1
data/processed/dogs/Dog_6069.jpg,1
data/processed/dogs/Dog_607.jpg,1
data/processed/dogs/Dog_6071.jpg,1
data/processed/dogs/Dog_6072.jpg,1
data/processed/dogs/Dog_6073.jpg,1
data/processed/dogs/Dog_6074.jpg,1
data/processed/dogs/Dog_6076.jpg,1
data/processed/dogs/Dog_6079.jpg,1
data/processed/dogs/Dog_608.jpg,1
data/processed/dogs/Dog_6080.jpg,1
data/processed/dogs/Dog_6081.jpg,1
data/processed/dogs/Dog_6082.jpg,1
data/processed/dogs/Dog_6083.jpg,1
data/processed/dogs/Dog_6084.jpg,1
data/processed/dogs/Dog_6085.jpg,1
data/processed/dogs/Dog_6086.jpg,1
data/processed/dogs/Dog_6088.jpg,1
data/processed/dogs/Dog_609.jpg,1
data/processed/dogs/Dog_6090.jpg,1
data/processed/dogs/Dog_6091.jpg,1
data/processed/dogs/Dog_6093.jpg,1
data/processed/dogs/Dog_6094.jpg,1
data/processed/dogs/Dog_6095.jpg,1
data/processed/dogs/Dog_6096.jpg,1
data/processed/dogs/Dog_6097.jpg,1
data/processed/dogs/Dog_6098.jpg,1
data/processed/dogs/Dog_6099.jpg,1
data/processed/dogs/Dog_610.jpg,1
data/processed/dogs/Dog_6100.jpg,1
data/processed/dogs/Dog_6101.jpg,1
data/processed/dogs/Dog_6102.jpg,1
data/processed/dogs/Dog_6104.jpg,1
data/processed/dogs/Dog_6105.jpg,1
data/processed/dogs/Dog_6106.jpg,1
data/processed/dogs/Dog_6107.jpg,1
data/processed/dogs/Dog_6108.jpg,1
data/processed/dogs/Dog_6109.jpg,1
data/processed/dogs/Dog_611.jpg,1
data/processed/dogs/Dog_6110.jpg,1
data/processed/dogs/Dog_6111.jpg,1
data/processed/dogs/Dog_6112.jpg,1
data/processed/dogs/Dog_6113.jpg,1
data/processed/dogs/Dog_6114.jpg,1
data/processed/dogs/Dog_6115.jpg,1
data/processed/dogs/Dog_6116.jpg,1
data/processed/dogs/Dog_6117.jpg,1
data/processed/dogs/Dog_6118.jpg,1
data/processed/dogs/Dog_6119.jpg,1
data/processed/dogs/Dog_612.jpg,1
data/processed/dogs/Dog_6120.jpg,1
data/processed/dogs/Dog_6121.jpg,1
data/processed/dogs/Dog_6122.jpg,1
data/processed/dogs/Dog_6124.jpg,1
data/processed/dogs/Dog_6125.jpg,1
data/processed/dogs/Dog_6126.jpg,1
data/processed/dogs/Dog_6127.jpg,1
data/processed/dogs/Dog_6128.jpg,1
data/processed/dogs/Dog_6129.jpg,1
data/processed/dogs/Dog_613.jpg,1
data/processed/dogs/Dog_6130.jpg,1
data/processed/dogs/Dog_6131.jpg,1
data/processed/dogs/Dog_6133.jpg,1
data/processed/dogs/Dog_6134.jpg,1
data/processed/dogs/Dog_6135.jpg,1
data/processed/dogs/Dog_6136.jpg,1
data/processed/dogs/Dog_6137.jpg,1
data/processed/dogs/Dog_6138.jpg,1
data/processed/dogs/Dog_6139.jpg,1
data/processed/dogs/Dog_6140.jpg,1
data/processed/dogs/Dog_6141.jpg,1
data/processed/dogs/Dog_6142.jpg,1
data/processed/dogs/Dog_6143.jpg,1
data/processed/dogs/Dog_6144.jpg,1
data/processed/dogs/Dog_6145.jpg,1
data/processed/dogs/Dog_6146.jpg,1
data/processed/dogs/Dog_6147.jpg,1
data/processed/dogs/Dog_6149.jpg,1
data/processed/dogs/Dog_615.jpg,1
data/processed/dogs/Dog_6150.jpg,1
data/processed/dogs/Dog_6151.jpg,1
data/processed/dogs/Dog_6152.jpg,1
data/processed/dogs/Dog_6153.jpg,1
data/processed/dogs/Dog_6154.jpg,1
data/processed/dogs/Dog_6155.jpg,1
data/processed/dogs/Dog_6156.jpg,1
data/processed/dogs/Dog_6157.jpg,1
data/processed/dogs/Dog_6158.jpg,1
data/processed/dogs/Dog_6159.jpg,1
data/processed/dogs/Dog_616.jpg,1
data/processed/dogs/Dog_6160.jpg,1
data/processed/dogs/Dog_6161.jpg,1
data/processed/dogs/Dog_6163.jpg,1
data/processed/dogs/Dog_6164.jpg,1
data/processed/dogs/Dog_6165.jpg,1
data/processed/dogs/Dog_6166.jpg,1
data/processed/dogs/Dog_6167.jpg,1
data/processed/dogs/Dog_6168.jpg,1
data/processed/dogs/Dog_6169.jpg,1
data/processed/dogs/Dog_617.jpg,1
data/processed/dogs/Dog_6170.jpg,1
data/processed/dogs/Dog_6171.jpg,1
data/processed/dogs/Dog_6172.jpg,1
data/processed/dogs/Dog_6173.jpg,1
data/processed/dogs/Dog_6175.jpg,1
data/processed/dogs/Dog_6176.jpg,1
data/processed/dogs/Dog_6179.jpg,1
data/processed/dogs/Dog_618.jpg,1
data/processed/dogs/Dog_6180.jpg,1
data/processed/dogs/Dog_6184.jpg,1
data/processed/dogs/Dog_6185.jpg,1
data/processed/dogs/Dog_6187.jpg,1
data/processed/dogs/Dog_6188.jpg,1
data/processed/dogs/Dog_619.jpg,1
data/processed/dogs/Dog_6190.jpg,1
data/processed/dogs/Dog_6191.jpg,1
data/processed/dogs/Dog_6192.jpg,1
data/processed/dogs/Dog_6194.jpg,1
data/processed/dogs/Dog_6196.jpg,1
data/processed/dogs/Dog_6199.jpg,1
data/processed/dogs/Dog_62.jpg,1
data/processed/dogs/Dog_620.jpg,1
data/processed/dogs/Dog_6200.jpg,1
data/processed/dogs/Dog_6201.jpg,1
data/processed/dogs/Dog_6202.jpg,1
data/processed/dogs/Dog_6204.jpg,1
data/processed/dogs/Dog_6205.jpg,1
data/processed/dogs/Dog_6206.jpg,1
data/processed/dogs/Dog_6208.jpg,1
data/processed/dogs/Dog_6209.jpg,1
data/processed/dogs/Dog_621.jpg,1
data/processed/dogs/Dog_6210.jpg,1
data/processed/dogs/Dog_6211.jpg,1
data/processed/dogs/Dog_6212.jpg,1
data/processed/dogs/Dog_6213.jpg,1
data/processed/dogs/Dog_6214.jpg,1
data/processed/dogs/Dog_6216.jpg,1
data/processed/dogs/Dog_6217.jpg,1
data/processed/dogs/Dog_6218.jpg,1
data/processed/dogs/Dog_6219.jpg,1
data/processed/dogs/Dog_622.jpg,1
data/processed/dogs/Dog_6222.jpg,1
data/processed/dogs/Dog_6223.jpg,1
data/processed/dogs/Dog_6224.jpg,1
data/processed/dogs/Dog_6225.jpg,1
data/processed/dogs/Dog_6226.jpg,1
data/processed/dogs/Dog_6227.jpg,1
data/processed/dogs/Dog_6228.jpg,1
data/processed/dogs/Dog_6229.jpg,1
data/processed/dogs/Dog_623.jpg,1
data/processed/dogs/Dog_6230.jpg,1
data/processed/dogs/Dog_6231.jpg,1
data/processed/dogs/Dog_6232.jpg,1
data/processed/dogs/Dog_6233.jpg,1
data/processed/dogs/Dog_6234.jpg,1
data/processed/dogs/Dog_6235.jpg,1
data/processed/dogs/Dog_6236.jpg,1
data/processed/dogs/Dog_6237.jpg,1
data/processed/dogs/Dog_6238.jpg,1
data/processed/dogs/Dog_6239.jpg,1
data/processed/dogs/Dog_624.jpg,1
data/processed/dogs/Dog_6240.jpg,1
data/processed/dogs/Dog_6242.jpg,1
data/processed/dogs/Dog_6243.jpg,1
data/processed/dogs/Dog_6244.jpg,1
data/processed/dogs/Dog_6245.jpg,1
data/processed/dogs/Dog_6246.jpg,1
data/processed/dogs/Dog_6247.jpg,1
data/processed/dogs/Dog_6248.jpg,1
data/processed/dogs/Dog_6249.jpg,1
data/processed/dogs/Dog_625.jpg,1
data/processed/dogs/Dog_6250.jpg,1
data/processed/dogs/Dog_6251.jpg,1
data/processed/dogs/Dog_6252.jpg,1
data/processed/dogs/Dog_6253.jpg,1
data/processed/dogs/Dog_6254.jpg,1
data/processed/dogs/Dog_6256.jpg,1
data/processed/dogs/Dog_6257.jpg,1
data/processed/dogs/Dog_6258.jpg,1
data/processed/dogs/Dog_6259.jpg,1
data/processed/dogs/Dog_626.jpg,1
data/processed/dogs/Dog_6260.jpg,1
data/processed/dogs/Dog_6261.jpg,1
data/processed/dogs/Dog_6262.jpg,1
data/processed/dogs/Dog_6263.jpg,1
data/processed/dogs/Dog_6264.jpg,1
data/processed/dogs/Dog_6265.jpg,1
data/processed/dogs/Dog_6266.jpg,1
data/processed/dogs/Dog_6267.jpg,1
data/processed/dogs/Dog_6268.jpg,1
data/processed/dogs/Dog_6269.jpg,1
data/processed/dogs/Dog_627.jpg,1
data/processed/dogs/Dog_6270.jpg,1
data/processed/dogs/Dog_6271.jpg,1
data/processed/dogs/Dog_6272.jpg,1
data/processed/dogs/Dog_6273.jpg,1
data/processed/dogs/Dog_6274.jpg,1
data/processed/dogs/Dog_6275.jpg,1
data/processed/dogs/Dog_6276.jpg,1
data/processed/dogs/Dog_6277.jpg,1
data/processed/dogs/Dog_6278.jpg,1
data/processed/dogs/Dog_6279.jpg,1
data/processed/dogs/Dog_6280.jpg,1
data/processed/dogs/Dog_6282.jpg,1
data/processed/dogs/Dog_6283.jpg,1
data/processed/dogs/Dog_6284.jpg,1
data/processed/dogs/Dog_6285.jpg,1
data/processed/dogs/Dog_6286.jpg,1
data/processed/dogs/Dog_6287.jpg,1
data/processed/dogs/Dog_6289.jpg,1
data/processed/dogs/Dog_629.jpg,1
data/processed/dogs/Dog_6291.jpg,1
data/processed/dogs/Dog_6292.jpg,1
data/processed/dogs/Dog_6296.jpg,1
data/processed/dogs/Dog_6297.jpg,1
data/processed/dogs/Dog_6299.jpg,1
data/processed/dogs/Dog_63.jpg,1
data/processed/dogs/Dog_630.jpg,1
data/processed/dogs/Dog_6301.jpg,1
data/processed/dogs/Dog_6302.jpg,1
data/processed/dogs/Dog_6303.jpg,1
data/processed/dogs/Dog_6304.jpg,1
data/processed/dogs/Dog_6305.jpg,1
data/processed/dogs/Dog_6306.jpg,1
data/processed/dogs/Dog_6307.jpg,1
data/processed/dogs/Dog_6308.jpg,1
data/processed/dogs/Dog_6310.jpg,1
data/processed/dogs/Dog_6311.jpg,1
data/processed/dogs/Dog_6312.jpg,1
data/processed/dogs/Dog_6313.jpg,1
data/processed/dogs/Dog_6314.jpg,1
data/processed/dogs/Dog_6315.jpg,1
data/processed/dogs/Dog_6317.jpg,1
data/processed/dogs/Dog_6318.jpg,1
data/processed/dogs/Dog_6319.jpg,1
data/processed/dogs/Dog_6320.jpg,1
data/processed/dogs/Dog_6321.jpg,1
data/processed/dogs/Dog_6322.jpg,1
data/processed/dogs/Dog_6323.jpg,1
data/processed/dogs/Dog_6324.jpg,1
data/processed/dogs/Dog_6325.jpg,1
data/processed/dogs/Dog_6326.jpg,1
data/processed/dogs/Dog_6327.jpg,1
data/processed/dogs/Dog_6329.jpg,1
data/processed/dogs/Dog_633.jpg,1
data/processed/dogs/Dog_6330.jpg,1
data/processed/dogs/Dog_6331.jpg,1
data/processed/dogs/Dog_6332.jpg,1
data/processed/dogs/Dog_6333.jpg,1
data/processed/dogs/Dog_6334.jpg,1
data/processed/dogs/Dog_6335.jpg,1
data/processed/dogs/Dog_6336.jpg,1
data/processed/dogs/Dog_6338.jpg,1
data/processed/dogs/Dog_6339.jpg,1
data/processed/dogs/Dog_634.jpg,1
data/processed/dogs/Dog_6340.jpg,1
data/processed/dogs/Dog_6341.jpg,1
data/processed/dogs/Dog_6343.jpg,1
data/processed/dogs/Dog_6344.jpg,1
data/processed/dogs/Dog_6346.jpg,1
data/processed/dogs/Dog_6347.jpg,1
data/processed/dogs/Dog_6348.jpg,1
data/processed/dogs/Dog_6349.jpg,1
data/processed/dogs/Dog_635.jpg,1
data/processed/dogs/Dog_6350.jpg,1
data/processed/dogs/Dog_6351.jpg,1
data/processed/dogs/Dog_6352.jpg,1
data/processed/dogs/Dog_6353.jpg,1
data/processed/dogs/Dog_6354.jpg,1
data/processed/dogs/Dog_6355.jpg,1
data/processed/dogs/Dog_6356.jpg,1
data/processed/dogs/Dog_6357.jpg,1
data/processed/dogs/Dog_6358.jpg,1
data/processed/dogs/Dog_636.jpg,1
data/processed/dogs/Dog_6360.jpg,1
data/processed/dogs/Dog_6361.jpg,1
data/processed/dogs/Dog_6362.jpg,1
data/processed/dogs/Dog_6363.jpg,1
data/processed/dogs/Dog_6364.jpg,1
data/processed/dogs/Dog_6365.jpg,1
data/processed/dogs/Dog_6367.jpg,1
data/processed/dogs/Dog_6368.jpg,1
data/processed/dogs/Dog_6369.jpg,1
data/processed/dogs/Dog_6370.jpg,1
data/processed/dogs/Dog_6371.jpg,1
data/processed/dogs/Dog_6372.jpg,1
data/processed/dogs/Dog_6375.jpg,1
data/processed/dogs/Dog_6376.jpg,1
data/processed/dogs/Dog_6377.jpg,1
data/processed/dogs/Dog_6378.jpg,1
data/processed/dogs/Dog_6379.jpg,1
data/processed/dogs/Dog_638.jpg,1
data/processed/dogs/Dog_6380.jpg,1
data/processed/dogs/Dog_6381.jpg,1
data/processed/dogs/Dog_6383.jpg,1
data/processed/dogs/Dog_6384.jpg,1
data/processed/dogs/Dog_6385.jpg,1
data/processed/dogs/Dog_6386.jpg,1
data/processed/dogs/Dog_6387.jpg,1
data/processed/dogs/Dog_6388.jpg,1
data/processed/dogs/Dog_6389.jpg,1
data/processed/dogs/Dog_639.jpg,1
data/processed/dogs/Dog_6390.jpg,1
data/processed/dogs/Dog_6391.jpg,1
data/processed/dogs/Dog_6392.jpg,1
data/processed/dogs/Dog_6393.jpg,1
data/processed/dogs/Dog_6394.jpg,1
data/processed/dogs/Dog_6396.jpg,1
data/processed/dogs/Dog_6397.jpg,1
data/processed/dogs/Dog_6399.jpg,1
data/processed/dogs/Dog_64.jpg,1
data/processed/dogs/Dog_640.jpg,1
data/processed/dogs/Dog_6400.jpg,1
data/processed/dogs/Dog_6402.jpg,1
data/processed/dogs/Dog_6403.jpg,1
data/processed/dogs/Dog_6404.jpg,1
data/processed/dogs/Dog_6406.jpg,1
data/processed/dogs/Dog_6408.jpg,1
data/processed/dogs/Dog_641.jpg,1
data/processed/dogs/Dog_6410.jpg,1
data/processed/dogs/Dog_6411.jpg,1
data/processed/dogs/Dog_6412.jpg,1
data/processed/dogs/Dog_6413.jpg,1
data/processed/dogs/Dog_6414.jpg,1
data/processed/dogs/Dog_6415.jpg,1
data/processed/dogs/Dog_6416.jpg,1
data/processed/dogs/Dog_6418.jpg,1
data/processed/dogs/Dog_6419.jpg,1
data/processed/dogs/Dog_642.jpg,1
data/processed/dogs/Dog_6420.jpg,1
data/processed/dogs/Dog_6421.jpg,1
data/processed/dogs/Dog_6422.jpg,1
data/processed/dogs/Dog_6424.jpg,1
data/processed/dogs/Dog_6425.jpg,1
data/processed/dogs/Dog_6427.jpg,1
data/processed/dogs/Dog_6428.jpg,1
data/processed/dogs/Dog_6429.jpg,1
data/processed/dogs/Dog_643.jpg,1
data/processed/dogs/Dog_6430.jpg,1
data/processed/dogs/Dog_6431.jpg,1
data/processed/dogs/Dog_6433.jpg,1
data/processed/dogs/Dog_6435.jpg,1
data/processed/dogs/Dog_6436.jpg,1
data/processed/dogs/Dog_6437.jpg,1
data/processed/dogs/Dog_6438.jpg,1
data/processed/dogs/Dog_6439.jpg,1
data/processed/dogs/Dog_6440.jpg,1
data/processed/dogs/Dog_6441.jpg,1
data/processed/dogs/Dog_6442.jpg,1
data/processed/dogs/Dog_6443.jpg,1
data/processed/dogs/Dog_6444.jpg,1
data/processed/dogs/Dog_6445.jpg,1
data/processed/dogs/Dog_6447.jpg,1
data/processed/dogs/Dog_6448.jpg,1
data/processed/dogs/Dog_6449.jpg,1
data/processed/dogs/Dog_6450.jpg,1
data/processed/dogs/Dog_6451.jpg,1
data/processed/dogs/Dog_6453.jpg,1
data/processed/dogs/Dog_6456.jpg,1
data/processed/dogs/Dog_6457.jpg,1
data/processed/dogs/Dog_6458.jpg,1
data/processed/dogs/Dog_6460.jpg,1
data/processed/dogs/Dog_6461.jpg,1
data/processed/dogs/Dog_6462.jpg,1
data/processed/dogs/Dog_6463.jpg,1
data/processed/dogs/Dog_6464.jpg,1
data/processed/dogs/Dog_6465.jpg,1
data/processed/dogs/Dog_6466.jpg,1
data/processed/dogs/Dog_6467.jpg,1
data/processed/dogs/Dog_6468.jpg,1
data/processed/dogs/Dog_6469.jpg,1
data/processed/dogs/Dog_647.jpg,1
data/processed/dogs/Dog_6470.jpg,1
data/processed/dogs/Dog_6472.jpg,1
data/processed/dogs/Dog_6473.jpg,1
data/processed/dogs/Dog_6474.jpg,1
data/processed/dogs/Dog_6477.jpg,1
data/processed/dogs/Dog_6478.jpg,1
data/processed/dogs/Dog_6479.jpg,1
data/processed/dogs/Dog_648.jpg,1
data/processed/dogs/Dog_6480.jpg,1
data/processed/dogs/Dog_6482.jpg,1
data/processed/dogs/Dog_6483.jpg,1
data/processed/dogs/Dog_6484.jpg,1
data/processed/dogs/Dog_6485.jpg,1
data/processed/dogs/Dog_6487.jpg,1
data/processed/dogs/Dog_6488.jpg,1
data/processed/dogs/Dog_6490.jpg,1
data/processed/dogs/Dog_6491.jpg,1
data/processed/dogs/Dog_6492.jpg,1
data/processed/dogs/Dog_6493.jpg,1
data/processed/dogs/Dog_6495.jpg,1
data/processed/dogs/Dog_6496.jpg,1
data/processed/dogs/Dog_6497.jpg,1
data/processed/dogs/Dog_6498.jpg,1
data/processed/dogs/Dog_6499.jpg,1
data/processed/dogs/Dog_65.jpg,1
data/processed/dogs/Dog_650.jpg,1
data/processed/dogs/Dog_6500.jpg,1
data/processed/dogs/Dog_6501.jpg,1
data/processed/dogs/Dog_6502.jpg,1
data/processed/dogs/Dog_6503.jpg,1
data/processed/dogs/Dog_6504.jpg,1
data/processed/dogs/Dog_6505.jpg,1
data/processed/dogs/Dog_6509.jpg,1
data/processed/dogs/Dog_651.jpg,1
data/processed/dogs/Dog_6510.jpg,1
data/processed/dogs/Dog_6512.jpg,1
data/processed/dogs/Dog_6513.jpg,1
data/processed/dogs/Dog_6514.jpg,1
data/processed/dogs/Dog_6515.jpg,1
data/processed/dogs/Dog_6516.jpg,1
data/processed/dogs/Dog_6517.jpg,1
data/processed/dogs/Dog_6519.jpg,1
data/processed/dogs/Dog_652.jpg,1
data/processed/dogs/Dog_6523.jpg,1
data/processed/dogs/Dog_6524.jpg,1
data/processed/dogs/Dog_6525.jpg,1
data/processed/dogs/Dog_6526.jpg,1
data/processed/dogs/Dog_6527.jpg,1
data/processed/dogs/Dog_6528.jpg,1
data/processed/dogs/Dog_6529.jpg,1
data/processed/dogs/Dog_6530.jpg,1
data/processed/dogs/Dog_6531.jpg,1
data/processed/dogs/Dog_6532.jpg,1
data/processed/dogs/Dog_6534.jpg,1
data/processed/dogs/Dog_6535.jpg,1
data/processed/dogs/Dog_6536.jpg,1
data/processed/dogs/Dog_6538.jpg,1
data/processed/dogs/Dog_6539.jpg,1
data/processed/dogs/Dog_6540.jpg,1
data/processed/dogs/Dog_6541.jpg,1
data/processed/dogs/Dog_6542.jpg,1
data/processed/dogs/Dog_6544.jpg,1
data/processed/dogs/Dog_6546.jpg,1
data/processed/dogs/Dog_6548.jpg,1
data/processed/dogs/Dog_6549.jpg,1
data/processed/dogs/Dog_6550.jpg,1
data/processed/dogs/Dog_6551.jpg,1
data/processed/dogs/Dog_6552.jpg,1
data/processed/dogs/Dog_6553.jpg,1
data/processed/dogs/Dog_6554.jpg,1
data/processed/dogs/Dog_6555.jpg,1
data/processed/dogs/Dog_6556.jpg,1
data/processed/dogs/Dog_6557.jpg,1
data/processed/dogs/Dog_6558.jpg,1
data/processed/dogs/Dog_6559.jpg,1
data/processed/dogs/Dog_656.jpg,1
data/processed/dogs/Dog_6560.jpg,1
data/processed/dogs/Dog_6561.jpg,1
data/processed/dogs/Dog_6562.jpg,1
data/processed/dogs/Dog_6563.jpg,1
data/processed/dogs/Dog_6565.jpg,1
data/processed/dogs/Dog_6566.jpg,1
data/processed/dogs/Dog_6567.jpg,1
data/processed/dogs/Dog_6568.jpg,1
data/processed/dogs/Dog_6569.jpg,1
data/processed/dogs/Dog_6570.jpg,1
data/processed/dogs/Dog_6571.jpg,1
data/processed/dogs/Dog_6572.jpg,1
data/processed/dogs/Dog_6573.jpg,1
data/processed/dogs/Dog_6574.jpg,1
data/processed/dogs/Dog_6575.jpg,1
data/processed/dogs/Dog_6576.jpg,1
data/processed/dogs/Dog_6578.jpg,1
data/processed/dogs/Dog_6579.jpg,1
data/processed/dogs/Dog_658.jpg,1
data/processed/dogs/Dog_6582.jpg,1
data/processed/dogs/Dog_6583.jpg,1
data/processed/dogs/Dog_6584.jpg,1
data/processed/dogs/Dog_6585.jpg,1
data/processed/dogs/Dog_6586.jpg,1
data/processed/dogs/Dog_6588.jpg,1
data/processed/dogs/Dog_6589.jpg,1
data/processed/dogs/Dog_659.jpg,1
data/processed/dogs/Dog_6592.jpg,1
data/processed/dogs/Dog_6593.jpg,1
data/processed/dogs/Dog_6594.jpg,1
data/processed/dogs/Dog_6595.jpg,1
data/processed/dogs/Dog_6596.jpg,1
data/processed/dogs/Dog_6597.jpg,1
data/processed/dogs/Dog_6598.jpg,1
data/processed/dogs/Dog_6599.jpg,1
data/processed/dogs/Dog_6600.jpg,1
data/processed/dogs/Dog_6601.jpg,1
data/processed/dogs/Dog_6602.jpg,1
data/processed/dogs/Dog_6603.jpg,1
data/processed/dogs/Dog_6604.jpg,1
data/processed/dogs/Dog_6605.jpg,1
data/processed/dogs/Dog_6607.jpg,1
data/processed/dogs/Dog_6608.jpg,1
data/processed/dogs/Dog_661.jpg,1
data/processed/dogs/Dog_6610.jpg,1
data/processed/dogs/Dog_6612.jpg,1
data/processed/dogs/Dog_6614.jpg,1
data/processed/dogs/Dog_6615.jpg,1
data/processed/dogs/Dog_6616.jpg,1
data/processed/dogs/Dog_6617.jpg,1
data/processed/dogs/Dog_6618.jpg,1
data/processed/dogs/Dog_6619.jpg,1
data/processed/dogs/Dog_662.jpg,1
data/processed/dogs/Dog_6622.jpg,1
data/processed/dogs/Dog_6623.jpg,1
data/processed/dogs/Dog_6624.jpg,1
data/processed/dogs/Dog_6625.jpg,1
data/processed/dogs/Dog_6626.jpg,1
data/processed/dogs/Dog_6628.jpg,1
data/processed/dogs/Dog_6629.jpg,1
data/processed/dogs/Dog_6630.jpg,1
data/processed/dogs/Dog_6631.jpg,1
data/processed/dogs/Dog_6633.jpg,1
data/processed/dogs/Dog_6634.jpg,1
data/processed/dogs/Dog_6636.jpg,1
data/processed/dogs/Dog_6637.jpg,1
data/processed/dogs/Dog_6638.jpg,1
data/processed/dogs/Dog_6639.jpg,1
data/processed/dogs/Dog_6640.jpg,1
data/processed/dogs/Dog_6641.jpg,1
data/processed/dogs/Dog_6642.jpg,1
data/processed/dogs/Dog_6643.jpg,1
data/processed/dogs/Dog_6645.jpg,1
data/processed/dogs/Dog_6646.jpg,1
data/processed/dogs/Dog_6647.jpg,1
data/processed/dogs/Dog_6648.jpg,1
data/processed/dogs/Dog_6649.jpg,1
data/processed/dogs/Dog_665.jpg,1
data/processed/dogs/Dog_6650.jpg,1
data/processed/dogs/Dog_6651.jpg,1
data/processed/dogs/Dog_6652.jpg,1
data/processed/dogs/Dog_6653.jpg,1
data/processed/dogs/Dog_6657.jpg,1
data/processed/dogs/Dog_6658.jpg,1
data/processed/dogs/Dog_6659.jpg,1
data/processed/dogs/Dog_6660.jpg,1
data/processed/dogs/Dog_6661.jpg,1
data/processed/dogs/Dog_6663.jpg,1
data/processed/dogs/Dog_6664.jpg,1
data/processed/dogs/Dog_6665.jpg,1
data/processed/dogs/Dog_6666.jpg,1
data/processed/dogs/Dog_6667.jpg,1
data/processed/dogs/Dog_6668.jpg,1
data/processed/dogs/Dog_6669.jpg,1
data/processed/dogs/Dog_667.jpg,1
data/processed/dogs/Dog_6674.jpg,1
data/processed/dogs/Dog_6676.jpg,1
data/processed/dogs/Dog_6677.jpg,1
data/processed/dogs/Dog_6678.jpg,1
data/processed/dogs/Dog_6679.jpg,1
data/processed/dogs/Dog_668.jpg,1
data/processed/dogs/Dog_6680.jpg,1
data/processed/dogs/Dog_6681.jpg,1
data/processed/dogs/Dog_6682.jpg,1
data/processed/dogs/Dog_6683.jpg,1
data/processed/dogs/Dog_6684.jpg,1
data/processed/dogs/Dog_6685.jpg,1
data/processed/dogs/Dog_6686.jpg,1
data/processed/dogs/Dog_6687.jpg,1
data/processed/dogs/Dog_6688.jpg,1
data/processed/dogs/Dog_6689.jpg,1
data/processed/dogs/Dog_669.jpg,1
data/processed/dogs/Dog_6690.jpg,1
data/processed/dogs/Dog_6693.jpg,1
data/processed/dogs/Dog_6694.jpg,1
data/processed/dogs/Dog_6695.jpg,1
data/processed/dogs/Dog_6696.jpg,1
data/processed/dogs/Dog_6697.jpg,1
data/processed/dogs/Dog_6699.jpg,1
data/processed/dogs/Dog_67.jpg,1
data/processed/dogs/Dog_670.jpg,1
data/processed/dogs/Dog_6701.jpg,1
data/processed/dogs/Dog_6702.jpg,1
data/processed/dogs/Dog_6703.jpg,1
data/processed/dogs/Dog_6704.jpg,1
data/processed/dogs/Dog_6705.jpg,1
data/processed/dogs/Dog_6706.jpg,1
data/processed/dogs/Dog_6707.jpg,1
data/processed/dogs/Dog_6708.jpg,1
data/processed/dogs/Dog_6709.jpg,1
data/processed/dogs/Dog_671.jpg,1
data/processed/dogs/Dog_6710.jpg,1
data/processed/dogs/Dog_6711.jpg,1
data/processed/dogs/Dog_6712.jpg,1
data/processed/dogs/Dog_6713.jpg,1
data/processed/dogs/Dog_6715.jpg,1
data/processed/dogs/Dog_6716.jpg,1
data/processed/dogs/Dog_6717.jpg,1
data/processed/dogs/Dog_6718.jpg,1
data/processed/dogs/Dog_6719.jpg,1
data/processed/dogs/Dog_672.jpg,1
data/processed/dogs/Dog_6720.jpg,1
data/processed/dogs/Dog_6721.jpg,1
data/processed/dogs/Dog_6722.jpg,1
data/processed/dogs/Dog_6723.jpg,1
data/processed/dogs/Dog_6725.jpg,1
data/processed/dogs/Dog_6726.jpg,1
data/processed/dogs/Dog_673.jpg,1
data/processed/dogs/Dog_6730.jpg,1
data/processed/dogs/Dog_6731.jpg,1
data/processed/dogs/Dog_6732.jpg,1
data/processed/dogs/Dog_6734.jpg,1
data/processed/dogs/Dog_6735.jpg,1
data/processed/dogs/Dog_6736.jpg,1
data/processed/dogs/Dog_6738.jpg,1
data/processed/dogs/Dog_674.jpg,1
data/processed/dogs/Dog_6740.jpg,1
data/processed/dogs/Dog_6741.jpg,1
data/processed/dogs/Dog_6742.jpg,1
data/processed/dogs/Dog_6743.jpg,1
data/processed/dogs/Dog_6744.jpg,1
data/processed/dogs/Dog_6747.jpg,1
data/processed/dogs/Dog_6748.jpg,1
data/processed/dogs/Dog_675.jpg,1
data/processed/dogs/Dog_6751.jpg,1
data/processed/dogs/Dog_6752.jpg,1
data/processed/dogs/Dog_6753.jpg,1
data/processed/dogs/Dog_6755.jpg,1
data/processed/dogs/Dog_6756.jpg,1
data/processed/dogs/Dog_6757.jpg,1
data/processed/dogs/Dog_6758.jpg,1
data/processed/dogs/Dog_6759.jpg,1
data/processed/dogs/Dog_676.jpg,1
data/processed/dogs/Dog_6760.jpg,1
data/processed/dogs/Dog_6761.jpg,1
data/processed/dogs/Dog_6762.jpg,1
data/processed/dogs/Dog_6763.jpg,1
data/processed/dogs/Dog_6764.jpg,1
data/processed/dogs/Dog_6765.jpg,1
data/processed/dogs/Dog_6766.jpg,1
data/processed/dogs/Dog_6767.jpg,1
data/processed/dogs/Dog_6768.jpg,1
data/processed/dogs/Dog_6769.jpg,1
data/processed/dogs/Dog_677.jpg,1
data/processed/dogs/Dog_6770.jpg,1
data/processed/dogs/Dog_6771.jpg,1
data/processed/dogs/Dog_6774.jpg,1
data/processed/dogs/Dog_6776.jpg,1
data/processed/dogs/Dog_6777.jpg,1
data/processed/dogs/Dog_6778.jpg,1
data/processed/dogs/Dog_6779.jpg,1
data/processed/dogs/Dog_678.jpg,1
data/processed/dogs/Dog_6780.jpg,1
data/processed/dogs/Dog_6781.jpg,1
data/processed/dogs/Dog_6782.jpg,1
data/processed/dogs/Dog_6783.jpg,1
data/processed/dogs/Dog_6784.jpg,1
data/processed/dogs/Dog_6785.jpg,1
data/processed/dogs/Dog_6786.jpg,1
data/processed/dogs/Dog_6787.jpg,1
data/processed/dogs/Dog_6788.jpg,1
data/processed/dogs/Dog_6789.jpg,1
data/processed/dogs/Dog_679.jpg,1
data/processed/dogs/Dog_6790.jpg,1
data/processed/dogs/Dog_6791.jpg,1
data/processed/dogs/Dog_6792.jpg,1
data/processed/dogs/Dog_6793.jpg,1
data/processed/dogs/Dog_6795.jpg,1
data/processed/dogs/Dog_6796.jpg,1
data/processed/dogs/Dog_6797.jpg,1
data/processed/dogs/Dog_6798.jpg,1
data/processed/dogs/Dog_6799.jpg,1
data/processed/dogs/Dog_68.jpg,1
data/processed/dogs/Dog_680.jpg,1
data/processed/dogs/Dog_6800.jpg,1
data/processed/dogs/Dog_6801.jpg,1
data/processed/dogs/Dog_6803.jpg,1
data/processed/dogs/Dog_6805.jpg,1
data/processed/dogs/Dog_6806.jpg,1
data/processed/dogs/Dog_6807.jpg,1
data/processed/dogs/Dog_6808.jpg,1
data/processed/dogs/Dog_681.jpg,1
data/processed/dogs/Dog_6810.jpg,1
data/processed/dogs/Dog_6811.jpg,1
data/processed/dogs/Dog_6812.jpg,1
data/processed/dogs/Dog_6813.jpg,1
data/processed/dogs/Dog_6815.jpg,1
data/processed/dogs/Dog_6816.jpg,1
data/processed/dogs/Dog_6817.jpg,1
data/processed/dogs/Dog_6818.jpg,1
data/processed/dogs/Dog_6821.jpg,1
data/processed/dogs/Dog_6823.jpg,1
data/processed/dogs/Dog_6824.jpg,1
data/processed/dogs/Dog_6825.jpg,1
data/processed/dogs/Dog_6826.jpg,1
data/processed/dogs/Dog_6827.jpg,1
data/processed/dogs/Dog_6828.jpg,1
data/processed/dogs/Dog_6829.jpg,1
data/processed/dogs/Dog_6830.jpg,1
data/processed/dogs/Dog_6831.jpg,1
data/processed/dogs/Dog_6833.jpg,1
data/processed/dogs/Dog_6836.jpg,1
data/processed/dogs/Dog_6838.jpg,1
data/processed/dogs/Dog_6839.jpg,1
data/processed/dogs/Dog_684.jpg,1
data/processed/dogs/Dog_6841.jpg,1
data/processed/dogs/Dog_6843.jpg,1
data/processed/dogs/Dog_6844.jpg,1
data/processed/dogs/Dog_6845.jpg,1
data/processed/dogs/Dog_6846.jpg,1
data/processed/dogs/Dog_6847.jpg,1
data/processed/dogs/Dog_6849.jpg,1
data/processed/dogs/Dog_685.jpg,1
data/processed/dogs/Dog_6850.jpg,1
data/processed/dogs/Dog_6851.jpg,1
data/processed/dogs/Dog_6852.jpg,1
data/processed/dogs/Dog_6853.jpg,1
data/processed/dogs/Dog_6854.jpg,1
data/processed/dogs/Dog_6855.jpg,1
data/processed/dogs/Dog_6856.jpg,1
data/processed/dogs/Dog_6857.jpg,1
data/processed/dogs/Dog_6858.jpg,1
data/processed/dogs/Dog_6859.jpg,1
data/processed/dogs/Dog_6860.jpg,1
data/processed/dogs/Dog_6861.jpg,1
data/processed/dogs/Dog_6862.jpg,1
data/processed/dogs/Dog_6864.jpg,1
data/processed/dogs/Dog_6865.jpg,1
data/processed/dogs/Dog_6866.jpg,1
data/processed/dogs/Dog_6867.jpg,1
data/processed/dogs/Dog_6868.jpg,1
data/processed/dogs/Dog_6869.jpg,1
data/processed/dogs/Dog_687.jpg,1
data/processed/dogs/Dog_6871.jpg,1
data/processed/dogs/Dog_6873.jpg,1
data/processed/dogs/Dog_6874.jpg,1
data/processed/dogs/Dog_6875.jpg,1
data/processed/dogs/Dog_6876.jpg,1
data/processed/dogs/Dog_6877.jpg,1
data/processed/dogs/Dog_6878.jpg,1
data/processed/dogs/Dog_6879.jpg,1
data/processed/dogs/Dog_688.jpg,1
data/processed/dogs/Dog_6880.jpg,1
data/processed/dogs/Dog_6881.jpg,1
data/processed/dogs/Dog_6882.jpg,1
data/processed/dogs/Dog_6883.jpg,1
data/processed/dogs/Dog_6884.jpg,1
data/processed/dogs/Dog_6885.jpg,1
data/processed/dogs/Dog_6886.jpg,1
data/processed/dogs/Dog_6887.jpg,1
data/processed/dogs/Dog_6888.jpg,1
data/processed/dogs/Dog_6889.jpg,1
data/processed/dogs/Dog_689.jpg,1
data/processed/dogs/Dog_6890.jpg,1
data/processed/dogs/Dog_6891.jpg,1
data/processed/dogs/Dog_6892.jpg,1
data/processed/dogs/Dog_6893.jpg,1
data/processed/dogs/Dog_6894.jpg,1
data/processed/dogs/Dog_6895.jpg,1
data/processed/dogs/Dog_6896.jpg,1
data/processed/dogs/Dog_6897.jpg,1
data/processed/dogs/Dog_6898.jpg,1
data/processed/dogs/Dog_6899.jpg,1
data/processed/dogs/Dog_69.jpg,1
data/processed/dogs/Dog_690.jpg,1
data/processed/dogs/Dog_6900.jpg,1
data/processed/dogs/Dog_6902.jpg,1
data/processed/dogs/Dog_6903.jpg,1
data/processed/dogs/Dog_6904.jpg,1
data/processed/dogs/Dog_6905.jpg,1
data/processed/dogs/Dog_6907.jpg,1
data/processed/dogs/Dog_6908.jpg,1
data/processed/dogs/Dog_6909.jpg,1
data/processed/dogs/Dog_6910.jpg,1
data/processed/dogs/Dog_6911.jpg,1
data/processed/dogs/Dog_6912.jpg,1
data/processed/dogs/Dog_6913.jpg,1
data/processed/dogs/Dog_6914.jpg,1
data/processed/dogs/Dog_6915.jpg,1
data/processed/dogs/Dog_6916.jpg,1
data/processed/dogs/Dog_6918.jpg,1
data/processed/dogs/Dog_6919.jpg,1
data/processed/dogs/Dog_6920.jpg,1
data/processed/dogs/Dog_6921.jpg,1
data/processed/dogs/Dog_6923.jpg,1
data/processed/dogs/Dog_6925.jpg,1
data/processed/dogs/Dog_6926.jpg,1
data/processed/dogs/Dog_693.jpg,1
data/processed/dogs/Dog_6932.jpg,1
data/processed/dogs/Dog_6933.jpg,1
data/processed/dogs/Dog_6934.jpg,1
data/processed/dogs/Dog_6935.jpg,1
data/processed/dogs/Dog_6936.jpg,1
data/processed/dogs/Dog_6937.jpg,1
data/processed/dogs/Dog_6938.jpg,1
data/processed/dogs/Dog_6939.jpg,1
data/processed/dogs/Dog_694.jpg,1
data/processed/dogs/Dog_6940.jpg,1
data/processed/dogs/Dog_6941.jpg,1
data/processed/dogs/Dog_6942.jpg,1
data/processed/dogs/Dog_6943.jpg,1
data/processed/dogs/Dog_6944.jpg,1
data/processed/dogs/Dog_6948.jpg,1
data/processed/dogs/Dog_6949.jpg,1
data/processed/dogs/Dog_6950.jpg,1
data/processed/dogs/Dog_6951.jpg,1
data/processed/dogs/Dog_6953.jpg,1
data/processed/dogs/Dog_6954.jpg,1
data/processed/dogs/Dog_6957.jpg,1
data/processed/dogs/Dog_6958.jpg,1
data/processed/dogs/Dog_6959.jpg,1
data/processed/dogs/Dog_696.jpg,1
data/processed/dogs/Dog_6961.jpg,1
data/processed/dogs/Dog_6962.jpg,1
data/processed/dogs/Dog_6963.jpg,1
data/processed/dogs/Dog_6964.jpg,1
data/processed/dogs/Dog_6965.jpg,1
data/processed/dogs/Dog_6966.jpg,1
data/processed/dogs/Dog_6968.jpg,1
data/processed/dogs/Dog_6969.jpg,1
data/processed/dogs/Dog_697.jpg,1
data/processed/dogs/Dog_6970.jpg,1
data/processed/dogs/Dog_6971.jpg,1
data/processed/dogs/Dog_6972.jpg,1
data/processed/dogs/Dog_6974.jpg,1
data/processed/dogs/Dog_6975.jpg,1
data/processed/dogs/Dog_6976.jpg,1
data/processed/dogs/Dog_6977.jpg,1
data/processed/dogs/Dog_6978.jpg,1
data/processed/dogs/Dog_698.jpg,1
data/processed/dogs/Dog_6980.jpg,1
data/processed/dogs/Dog_6981.jpg,1
data/processed/dogs/Dog_6982.jpg,1
data/processed/dogs/Dog_6983.jpg,1
data/processed/dogs/Dog_6984.jpg,1
data/processed/dogs/Dog_6985.jpg,1
data/processed/dogs/Dog_6986.jpg,1
data/processed/dogs/Dog_6987.jpg,1
data/processed/dogs/Dog_6988.jpg,1
data/processed/dogs/Dog_699.jpg,1
data/processed/dogs/Dog_6990.jpg,1
data/processed/dogs/Dog_6991.jpg,1
data/processed/dogs/Dog_6992.jpg,1
data/processed/dogs/Dog_6993.jpg,1
data/processed/dogs/Dog_6994.jpg,1
data/processed/dogs/Dog_6995.jpg,1
data/processed/dogs/Dog_6996.jpg,1
data/processed/dogs/Dog_6997.jpg,1
data/processed/dogs/Dog_6998.jpg,1
data/processed/dogs/Dog_6999.jpg,1
data/processed/dogs/Dog_7.jpg,1
data/processed/dogs/Dog_700.jpg,1
data/processed/dogs/Dog_7000.jpg,1
data/processed/dogs/Dog_7001.jpg,1
data/processed/dogs/Dog_7002.jpg,1
data/processed/dogs/Dog_7003.jpg,1
data/processed/dogs/Dog_7004.jpg,1
data/processed/dogs/Dog_7005.jpg,1
data/processed/dogs/Dog_7006.jpg,1
data/processed/dogs/Dog_7007.jpg,1
data/processed/dogs/Dog_7008.jpg,1
data/processed/dogs/Dog_7009.jpg,1
data/processed/dogs/Dog_701.jpg,1
data/processed/dogs/Dog_7010.jpg,1
data/processed/dogs/Dog_7011.jpg,1
data/processed/dogs/Dog_7012.jpg,1
data/processed/dogs/Dog_7013.jpg,1
data/processed/dogs/Dog_7014.jpg,1
data/processed/dogs/Dog_7015.jpg,1
data/processed/dogs/Dog_7016.jpg,1
data/processed/dogs/Dog_7017.jpg,1
data/processed/dogs/Dog_7018.jpg,1
data/processed/dogs/Dog_7019.jpg,1
data/processed/dogs/Dog_702.jpg,1
data/processed/dogs/Dog_7021.jpg,1
data/processed/dogs/Dog_7022.jpg,1
data/processed/dogs/Dog_7023.jpg,1
data/processed/dogs/Dog_7024.jpg,1
data/processed/dogs/Dog_7025.jpg,1
data/processed/dogs/Dog_7026.jpg,1
data/processed/dogs/Dog_7027.jpg,1
data/processed/dogs/Dog_7028.jpg,1
data/processed/dogs/Dog_7029.jpg,1
data/processed/dogs/Dog_703.jpg,1
data/processed/dogs/Dog_7030.jpg,1
data/processed/dogs/Dog_7032.jpg,1
data/processed/dogs/Dog_7033.jpg,1
data/processed/dogs/Dog_7034.jpg,1
data/processed/dogs/Dog_7035.jpg,1
data/processed/dogs/Dog_7037.jpg,1
data/processed/dogs/Dog_7039.jpg,1
data/processed/dogs/Dog_704.jpg,1
data/processed/dogs/Dog_7040.jpg,1
data/processed/dogs/Dog_7041.jpg,1
data/processed/dogs/Dog_7042.jpg,1
data/processed/dogs/Dog_7043.jpg,1
data/processed/dogs/Dog_7044.jpg,1
data/processed/dogs/Dog_7045.jpg,1
data/processed/dogs/Dog_7046.jpg,1
data/processed/dogs/Dog_7047.jpg,1
data/processed/dogs/Dog_7048.jpg,1
data/processed/dogs/Dog_7049.jpg,1
data/processed/dogs/Dog_705.jpg,1
data/processed/dogs/Dog_7050.jpg,1
data/processed/dogs/Dog_7051.jpg,1
data/processed/dogs/Dog_7052.jpg,1
data/processed/dogs/Dog_7053.jpg,1
data/processed/dogs/Dog_7054.jpg,1
data/processed/dogs/Dog_7055.jpg,1
data/processed/dogs/Dog_7056.jpg,1
data/processed/dogs/Dog_7057.jpg,1
data/processed/dogs/Dog_7059.jpg,1
data/processed/dogs/Dog_706.jpg,1
data/processed/dogs/Dog_7060.jpg,1
data/processed/dogs/Dog_7062.jpg,1
data/processed/dogs/Dog_7065.jpg,1
data/processed/dogs/Dog_7066.jpg,1
data/processed/dogs/Dog_7067.jpg,1
data/processed/dogs/Dog_7068.jpg,1
data/processed/dogs/Dog_7069.jpg,1
data/processed/dogs/Dog_707.jpg,1
data/processed/dogs/Dog_7070.jpg,1
data/processed/dogs/Dog_7071.jpg,1
data/processed/dogs/Dog_7072.jpg,1
data/processed/dogs/Dog_7074.jpg,1
data/processed/dogs/Dog_7075.jpg,1
data/processed/dogs/Dog_7076.jpg,1
data/processed/dogs/Dog_7077.jpg,1
data/processed/dogs/Dog_7078.jpg,1
data/processed/dogs/Dog_7079.jpg,1
data/processed/dogs/Dog_708.jpg,1
data/processed/dogs/Dog_7080.jpg,1
data/processed/dogs/Dog_7081.jpg,1
data/processed/dogs/Dog_7082.jpg,1
data/processed/dogs/Dog_7084.jpg,1
data/processed/dogs/Dog_7086.jpg,1
data/processed/dogs/Dog_7087.jpg,1
data/processed/dogs/Dog_7088.jpg,1
data/processed/dogs/Dog_7089.jpg,1
data/processed/dogs/Dog_7090.jpg,1
data/processed/dogs/Dog_7091.jpg,1
data/processed/dogs/Dog_7092.jpg,1
data/processed/dogs/Dog_7093.jpg,1
data/processed/dogs/Dog_7094.jpg,1
data/processed/dogs/Dog_7095.jpg,1
data/processed/dogs/Dog_7098.jpg,1
data/processed/dogs/Dog_7099.jpg,1
data/processed/dogs/Dog_71.jpg,1
data/processed/dogs/Dog_710.jpg,1
data/processed/dogs/Dog_7100.jpg,1
data/processed/dogs/Dog_7101.jpg,1
data/processed/dogs/Dog_7102.jpg,1
data/processed/dogs/Dog_7104.jpg,1
data/processed/dogs/Dog_7107.jpg,1
data/processed/dogs/Dog_7108.jpg,1
data/processed/dogs/Dog_7109.jpg,1
data/processed/dogs/Dog_7110.jpg,1
data/processed/dogs/Dog_7111.jpg,1
data/processed/dogs/Dog_7112.jpg,1
data/processed/dogs/Dog_7114.jpg,1
data/processed/dogs/Dog_7115.jpg,1
data/processed/dogs/Dog_7116.jpg,1
data/processed/dogs/Dog_7117.jpg,1
data/processed/dogs/Dog_7118.jpg,1
data/processed/dogs/Dog_7119.jpg,1
data/processed/dogs/Dog_7120.jpg,1
data/processed/dogs/Dog_7121.jpg,1
data/processed/dogs/Dog_7122.jpg,1
data/processed/dogs/Dog_7123.jpg,1
data/processed/dogs/Dog_7124.jpg,1
data/processed/dogs/Dog_7125.jpg,1
data/processed/dogs/Dog_7126.jpg,1
data/processed/dogs/Dog_7127.jpg,1
data/processed/dogs/Dog_7128.jpg,1
data/processed/dogs/Dog_7129.jpg,1
data/processed/dogs/Dog_713.jpg,1
data/processed/dogs/Dog_7130.jpg,1
data/processed/dogs/Dog_7132.jpg,1
data/processed/dogs/Dog_7133.jpg,1
data/processed/dogs/Dog_7134.jpg,1
data/processed/dogs/Dog_7137.jpg,1
data/processed/dogs/Dog_7139.jpg,1
data/processed/dogs/Dog_714.jpg,1
data/processed/dogs/Dog_7140.jpg,1
data/processed/dogs/Dog_7141.jpg,1
data/processed/dogs/Dog_7143.jpg,1
data/processed/dogs/Dog_7144.jpg,1
data/processed/dogs/Dog_7145.jpg,1
data/processed/dogs/Dog_7147.jpg,1
data/processed/dogs/Dog_7148.jpg,1
data/processed/dogs/Dog_715.jpg,1
data/processed/dogs/Dog_7151.jpg,1
data/processed/dogs/Dog_7153.jpg,1
data/processed/dogs/Dog_7154.jpg,1
data/processed/dogs/Dog_7155.jpg,1
data/processed/dogs/Dog_7156.jpg,1
data/processed/dogs/Dog_7157.jpg,1
data/processed/dogs/Dog_7158.jpg,1
data/processed/dogs/Dog_7159.jpg,1
data/processed/dogs/Dog_716.jpg,1
data/processed/dogs/Dog_7161.jpg,1
data/processed/dogs/Dog_7162.jpg,1
data/processed/dogs/Dog_7163.jpg,1
data/processed/dogs/Dog_7164.jpg,1
data/processed/dogs/Dog_7165.jpg,1
data/processed/dogs/Dog_7167.jpg,1
data/processed/dogs/Dog_7168.jpg,1
data/processed/dogs/Dog_7169.jpg,1
data/processed/dogs/Dog_717.jpg,1
data/processed/dogs/Dog_7171.jpg,1
data/processed/dogs/Dog_7173.jpg,1
data/processed/dogs/Dog_7174.jpg,1
data/processed/dogs/Dog_7175.jpg,1
data/processed/dogs/Dog_7176.jpg,1
data/processed/dogs/Dog_7178.jpg,1
data/processed/dogs/Dog_7179.jpg,1
data/processed/dogs/Dog_718.jpg,1
data/processed/dogs/Dog_7181.jpg,1
data/processed/dogs/Dog_7182.jpg,1
data/processed/dogs/Dog_7183.jpg,1
data/processed/dogs/Dog_7184.jpg,1
data/processed/dogs/Dog_7185.jpg,1
data/processed/dogs/Dog_7186.jpg,1
data/processed/dogs/Dog_7187.jpg,1
data/processed/dogs/Dog_7188.jpg,1
data/processed/dogs/Dog_719.jpg,1
data/processed/dogs/Dog_7191.jpg,1
data/processed/dogs/Dog_7192.jpg,1
data/processed/dogs/Dog_7194.jpg,1
data/processed/dogs/Dog_7195.jpg,1
data/processed/dogs/Dog_7196.jpg,1
data/processed/dogs/Dog_7197.jpg,1
data/processed/dogs/Dog_7200.jpg,1
data/processed/dogs/Dog_7201.jpg,1
data/processed/dogs/Dog_7202.jpg,1
data/processed/dogs/Dog_7203.jpg,1
data/processed/dogs/Dog_7206.jpg,1
data/processed/dogs/Dog_7207.jpg,1
data/processed/dogs/Dog_7209.jpg,1
data/processed/dogs/Dog_721.jpg,1
data/processed/dogs/Dog_7210.jpg,1
data/processed/dogs/Dog_7211.jpg,1
data/processed/dogs/Dog_7213.jpg,1
data/processed/dogs/Dog_7214.jpg,1
data/processed/dogs/Dog_7215.jpg,1
data/processed/dogs/Dog_7217.jpg,1
data/processed/dogs/Dog_7218.jpg,1
data/processed/dogs/Dog_7219.jpg,1
data/processed/dogs/Dog_722.jpg,1
data/processed/dogs/Dog_7220.jpg,1
data/processed/dogs/Dog_7221.jpg,1
data/processed/dogs/Dog_7222.jpg,1
data/processed/dogs/Dog_7225.jpg,1
data/processed/dogs/Dog_7226.jpg,1
data/processed/dogs/Dog_7227.jpg,1
data/processed/dogs/Dog_7228.jpg,1
data/processed/dogs/Dog_7229.jpg,1
data/processed/dogs/Dog_723.jpg,1
data/processed/dogs/Dog_7231.jpg,1
data/processed/dogs/Dog_7232.jpg,1
data/processed/dogs/Dog_7233.jpg,1
data/processed/dogs/Dog_7236.jpg,1
data/processed/dogs/Dog_7237.jpg,1
data/processed/dogs/Dog_7239.jpg,1
data/processed/dogs/Dog_724.jpg,1
data/processed/dogs/Dog_7240.jpg,1
data/processed/dogs/Dog_7241.jpg,1
data/processed/dogs/Dog_7244.jpg,1
data/processed/dogs/Dog_7245.jpg,1
data/processed/dogs/Dog_7246.jpg,1
data/processed/dogs/Dog_7247.jpg,1
data/processed/dogs/Dog_7248.jpg,1
data/processed/dogs/Dog_7250.jpg,1
data/processed/dogs/Dog_7251.jpg,1
data/processed/dogs/Dog_7252.jpg,1
data/processed/dogs/Dog_7253.jpg,1
data/processed/dogs/Dog_7254.jpg,1
data/processed/dogs/Dog_7257.jpg,1
data/processed/dogs/Dog_7259.jpg,1
data/processed/dogs/Dog_726.jpg,1
data/processed/dogs/Dog_7261.jpg,1
data/processed/dogs/Dog_7262.jpg,1
data/processed/dogs/Dog_7263.jpg,1
data/processed/dogs/Dog_7264.jpg,1
data/processed/dogs/Dog_7265.jpg,1
data/processed/dogs/Dog_7266.jpg,1
data/processed/dogs/Dog_7267.jpg,1
data/processed/dogs/Dog_7268.jpg,1
data/processed/dogs/Dog_727.jpg,1
data/processed/dogs/Dog_7270.jpg,1
data/processed/dogs/Dog_7271.jpg,1
data/processed/dogs/Dog_7273.jpg,1
data/processed/dogs/Dog_7274.jpg,1
data/processed/dogs/Dog_7275.jpg,1
data/processed/dogs/Dog_7276.jpg,1
data/processed/dogs/Dog_7277.jpg,1
data/processed/dogs/Dog_7279.jpg,1
data/processed/dogs/Dog_728.jpg,1
data/processed/dogs/Dog_7280.jpg,1
data/processed/dogs/Dog_7281.jpg,1
data/processed/dogs/Dog_7283.jpg,1
data/processed/dogs/Dog_7284.jpg,1
data/processed/dogs/Dog_7285.jpg,1
data/processed/dogs/Dog_7286.jpg,1
data/processed/dogs/Dog_7287.jpg,1
data/processed/dogs/Dog_729.jpg,1
data/processed/dogs/Dog_7291.jpg,1
data/processed/dogs/Dog_7294.jpg,1
data/processed/dogs/Dog_7295.jpg,1
data/processed/dogs/Dog_7296.jpg,1
data/processed/dogs/Dog_7297.jpg,1
data/processed/dogs/Dog_7298.jpg,1
data/processed/dogs/Dog_7299.jpg,1
data/processed/dogs/Dog_73.jpg,1
data/processed/dogs/Dog_7300.jpg,1
data/processed/dogs/Dog_7301.jpg,1
data/processed/dogs/Dog_7302.jpg,1
data/processed/dogs/Dog_7303.jpg,1
data/processed/dogs/Dog_7304.jpg,1
data/processed/dogs/Dog_7305.jpg,1
data/processed/dogs/Dog_7306.jpg,1
data/processed/dogs/Dog_7307.jpg,1
data/processed/dogs/Dog_7308.jpg,1
data/processed/dogs/Dog_7309.jpg,1
data/processed/dogs/Dog_731.jpg,1
data/processed/dogs/Dog_7310.jpg,1
data/processed/dogs/Dog_7311.jpg,1
data/processed/dogs/Dog_7312.jpg,1
data/processed/dogs/Dog_7313.jpg,1
data/processed/dogs/Dog_7314.jpg,1
data/processed/dogs/Dog_7315.jpg,1
data/processed/dogs/Dog_7317.jpg,1
data/processed/dogs/Dog_7318.jpg,1
data/processed/dogs/Dog_732.jpg,1
data/processed/dogs/Dog_7320.jpg,1
data/processed/dogs/Dog_7321.jpg,1
data/processed/dogs/Dog_7322.jpg,1
data/processed/dogs/Dog_7323.jpg,1
data/processed/dogs/Dog_7324.jpg,1
data/processed/dogs/Dog_7325.jpg,1
data/processed/dogs/Dog_7326.jpg,1
data/processed/dogs/Dog_7327.jpg,1
data/processed/dogs/Dog_7328.jpg,1
data/processed/dogs/Dog_7329.jpg,1
data/processed/dogs/Dog_733.jpg,1
data/processed/dogs/Dog_7330.jpg,1
data/processed/dogs/Dog_7332.jpg,1
data/processed/dogs/Dog_7333.jpg,1
data/processed/dogs/Dog_7334.jpg,1
data/processed/dogs/Dog_7335.jpg,1
data/processed/dogs/Dog_7336.jpg,1
data/processed/dogs/Dog_7337.jpg,1
data/processed/dogs/Dog_7339.jpg,1
data/processed/dogs/Dog_734.jpg,1
data/processed/dogs/Dog_7340.jpg,1
data/processed/dogs/Dog_7341.jpg,1
data/processed/dogs/Dog_7342.jpg,1
data/processed/dogs/Dog_7343.jpg,1
data/processed/dogs/Dog_7344.jpg,1
data/processed/dogs/Dog_7345.jpg,1
data/processed/dogs/Dog_7347.jpg,1
data/processed/dogs/Dog_7348.jpg,1
data/processed/dogs/Dog_735.jpg,1
data/processed/dogs/Dog_7351.jpg,1
data/processed/dogs/Dog_7352.jpg,1
data/processed/dogs/Dog_7353.jpg,1
data/processed/dogs/Dog_7354.jpg,1
data/processed/dogs/Dog_7355.jpg,1
data/processed/dogs/Dog_7356.jpg,1
data/processed/dogs/Dog_7357.jpg,1
data/processed/dogs/Dog_7358.jpg,1
data/processed/dogs/Dog_736.jpg,1
data/processed/dogs/Dog_7360.jpg,1
data/processed/dogs/Dog_7361.jpg,1
data/processed/dogs/Dog_7362.jpg,1
data/processed/dogs/Dog_7363.jpg,1
data/processed/dogs/Dog_7366.jpg,1
data/processed/dogs/Dog_7367.jpg,1
data/processed/dogs/Dog_7368.jpg,1
data/processed/dogs/Dog_7369.jpg,1
data/processed/dogs/Dog_737.jpg,1
data/processed/dogs/Dog_7370.jpg,1
data/processed/dogs/Dog_7371.jpg,1
data/processed/dogs/Dog_7372.jpg,1
data/processed/dogs/Dog_7373.jpg,1
data/processed/dogs/Dog_7374.jpg,1
data/processed/dogs/Dog_7376.jpg,1
data/processed/dogs/Dog_7377.jpg,1
data/processed/dogs/Dog_7378.jpg,1
data/processed/dogs/Dog_7379.jpg,1
data/processed/dogs/Dog_738.jpg,1
data/processed/dogs/Dog_7380.jpg,1
data/processed/dogs/Dog_7381.jpg,1
data/processed/dogs/Dog_7382.jpg,1
data/processed/dogs/Dog_7384.jpg,1
data/processed/dogs/Dog_7385.jpg,1
data/processed/dogs/Dog_7386.jpg,1
data/processed/dogs/Dog_7388.jpg,1
data/processed/dogs/Dog_7389.jpg,1
data/processed/dogs/Dog_739.jpg,1
data/processed/dogs/Dog_7390.jpg,1
data/processed/dogs/Dog_7391.jpg,1
data/processed/dogs/Dog_7392.jpg,1
data/processed/dogs/Dog_7393.jpg,1
data/processed/dogs/Dog_7394.jpg,1
data/processed/dogs/Dog_7395.jpg,1
data/processed/dogs/Dog_7396.jpg,1
data/processed/dogs/Dog_7397.jpg,1
data/processed/dogs/Dog_7398.jpg,1
data/processed/dogs/Dog_7399.jpg,1
data/processed/dogs/Dog_74.jpg,1
data/processed/dogs/Dog_740.jpg,1
data/processed/dogs/Dog_7401.jpg,1
data/processed/dogs/Dog_7402.jpg,1
data/processed/dogs/Dog_7404.jpg,1
data/processed/dogs/Dog_7405.jpg,1
data/processed/dogs/Dog_7406.jpg,1
data/processed/dogs/Dog_7407.jpg,1
data/processed/dogs/Dog_7408.jpg,1
data/processed/dogs/Dog_7409.jpg,1
data/processed/dogs/Dog_741.jpg,1
data/processed/dogs/Dog_7411.jpg,1
data/processed/dogs/Dog_7412.jpg,1
data/processed/dogs/Dog_7413.jpg,1
data/processed/dogs/Dog_7415.jpg,1
data/processed/dogs/Dog_7417.jpg,1
data/processed/dogs/Dog_7419.jpg,1
data/processed/dogs/Dog_7420.jpg,1
data/processed/dogs/Dog_7421.jpg,1
data/processed/dogs/Dog_7426.jpg,1
data/processed/dogs/Dog_7427.jpg,1
data/processed/dogs/Dog_7429.jpg,1
data/processed/dogs/Dog_743.jpg,1
data/processed/dogs/Dog_7431.jpg,1
data/processed/dogs/Dog_7432.jpg,1
data/processed/dogs/Dog_7433.jpg,1
data/processed/dogs/Dog_7434.jpg,1
data/processed/dogs/Dog_7435.jpg,1
data/processed/dogs/Dog_7436.jpg,1
data/processed/dogs/Dog_7437.jpg,1
data/processed/dogs/Dog_7438.jpg,1
data/processed/dogs/Dog_7439.jpg,1
data/processed/dogs/Dog_744.jpg,1
data/processed/dogs/Dog_7441.jpg,1
data/processed/dogs/Dog_7442.jpg,1
data/processed/dogs/Dog_7443.jpg,1
data/processed/dogs/Dog_7444.jpg,1
data/processed/dogs/Dog_7445.jpg,1
data/processed/dogs/Dog_7446.jpg,1
data/processed/dogs/Dog_7447.jpg,1
data/processed/dogs/Dog_745.jpg,1
data/processed/dogs/Dog_7450.jpg,1
data/processed/dogs/Dog_7452.jpg,1
data/processed/dogs/Dog_7453.jpg,1
data/processed/dogs/Dog_7454.jpg,1
data/processed/dogs/Dog_7455.jpg,1
data/processed/dogs/Dog_7458.jpg,1
data/processed/dogs/Dog_7459.jpg,1
data/processed/dogs/Dog_746.jpg,1
data/processed/dogs/Dog_7460.jpg,1
data/processed/dogs/Dog_7462.jpg,1
data/processed/dogs/Dog_7463.jpg,1
data/processed/dogs/Dog_7464.jpg,1
data/processed/dogs/Dog_7465.jpg,1
data/processed/dogs/Dog_7466.jpg,1
data/processed/dogs/Dog_7467.jpg,1
data/processed/dogs/Dog_7468.jpg,1
data/processed/dogs/Dog_7469.jpg,1
data/processed/dogs/Dog_7470.jpg,1
data/processed/dogs/Dog_7471.jpg,1
data/processed/dogs/Dog_7473.jpg,1
data/processed/dogs/Dog_7474.jpg,1
data/processed/dogs/Dog_7476.jpg,1
data/processed/dogs/Dog_7477.jpg,1
data/processed/dogs/Dog_7478.jpg,1
data/processed/dogs/Dog_7479.jpg,1
data/processed/dogs/Dog_748.jpg,1
data/processed/dogs/Dog_7480.jpg,1
data/processed/dogs/Dog_7481.jpg,1
data/processed/dogs/Dog_7482.jpg,1
data/processed/dogs/Dog_7483.jpg,1
data/processed/dogs/Dog_7484.jpg,1
data/processed/dogs/Dog_7485.jpg,1
data/processed/dogs/Dog_7486.jpg,1
data/processed/dogs/Dog_7489.jpg,1
data/processed/dogs/Dog_749.jpg,1
data/processed/dogs/Dog_7490.jpg,1
data/processed/dogs/Dog_7491.jpg,1
data/processed/dogs/Dog_7492.jpg,1
data/processed/dogs/Dog_7494.jpg,1
data/processed/dogs/Dog_7496.jpg,1
data/processed/dogs/Dog_7497.jpg,1
data/processed/dogs/Dog_7498.jpg,1
data/processed/dogs/Dog_75.jpg,1
data/processed/dogs/Dog_7500.jpg,1
data/processed/dogs/Dog_7501.jpg,1
data/processed/dogs/Dog_7502.jpg,1
data/processed/dogs/Dog_7503.jpg,1
data/processed/dogs/Dog_7504.jpg,1
data/processed/dogs/Dog_7505.jpg,1
data/processed/dogs/Dog_7506.jpg,1
data/processed/dogs/Dog_7507.jpg,1
data/processed/dogs/Dog_7508.jpg,1
data/processed/dogs/Dog_7509.jpg,1
data/processed/dogs/Dog_7511.jpg,1
data/processed/dogs/Dog_7512.jpg,1
data/processed/dogs/Dog_7513.jpg,1
data/processed/dogs/Dog_7514.jpg,1
data/processed/dogs/Dog_7515.jpg,1
data/processed/dogs/Dog_7516.jpg,1
data/processed/dogs/Dog_7517.jpg,1
data/processed/dogs/Dog_7518.jpg,1
data/processed/dogs/Dog_7519.jpg,1
data/processed/dogs/Dog_7520.jpg,1
data/processed/dogs/Dog_7521.jpg,1
data/processed/dogs/Dog_7522.jpg,1
data/processed/dogs/Dog_7523.jpg,1
data/processed/dogs/Dog_7524.jpg,1
data/processed/dogs/Dog_7526.jpg,1
data/processed/dogs/Dog_7527.jpg,1
data/processed/dogs/Dog_7528.jpg,1
data/processed/dogs/Dog_7529.jpg,1
data/processed/dogs/Dog_7530.jpg,1
data/processed/dogs/Dog_7531.jpg,1
data/processed/dogs/Dog_7533.jpg,1
data/processed/dogs/Dog_7534.jpg,1
data/processed/dogs/Dog_7535.jpg,1
data/processed/dogs/Dog_7537.jpg,1
data/processed/dogs/Dog_7539.jpg,1
data/processed/dogs/Dog_754.jpg,1
data/processed/dogs/Dog_7540.jpg,1
data/processed/dogs/Dog_7541.jpg,1
data/processed/dogs/Dog_7542.jpg,1
data/processed/dogs/Dog_7544.jpg,1
data/processed/dogs/Dog_7545.jpg,1
data/processed/dogs/Dog_7546.jpg,1
data/processed/dogs/Dog_7547.jpg,1
data/processed/dogs/Dog_7548.jpg,1
data/processed/dogs/Dog_7549.jpg,1
data/processed/dogs/Dog_7550.jpg,1
data/processed/dogs/Dog_7552.jpg,1
data/processed/dogs/Dog_7553.jpg,1
data/processed/dogs/Dog_7554.jpg,1
data/processed/dogs/Dog_7555.jpg,1
data/processed/dogs/Dog_7556.jpg,1
data/processed/dogs/Dog_7557.jpg,1
data/processed/dogs/Dog_7559.jpg,1
data/processed/dogs/Dog_756.jpg,1
data/processed/dogs/Dog_7561.jpg,1
data/processed/dogs/Dog_7562.jpg,1
data/processed/dogs/Dog_7563.jpg,1
data/processed/dogs/Dog_7564.jpg,1
data/processed/dogs/Dog_7565.jpg,1
data/processed/dogs/Dog_7566.jpg,1
data/processed/dogs/Dog_7568.jpg,1
data/processed/dogs/Dog_7570.jpg,1
data/processed/dogs/Dog_7571.jpg,1
data/processed/dogs/Dog_7572.jpg,1
data/processed/dogs/Dog_7573.jpg,1
data/processed/dogs/Dog_7574.jpg,1
data/processed/dogs/Dog_7576.jpg,1
data/processed/dogs/Dog_7578.jpg,1
data/processed/dogs/Dog_7579.jpg,1
data/processed/dogs/Dog_758.jpg,1
data/processed/dogs/Dog_7580.jpg,1
data/processed/dogs/Dog_7581.jpg,1
data/processed/dogs/Dog_7584.jpg,1
data/processed/dogs/Dog_7585.jpg,1
data/processed/dogs/Dog_7586.jpg,1
data/processed/dogs/Dog_7587.jpg,1
data/processed/dogs/Dog_7588.jpg,1
data/processed/dogs/Dog_759.jpg,1
data/processed/dogs/Dog_7590.jpg,1
data/processed/dogs/Dog_7591.jpg,1
data/processed/dogs/Dog_7592.jpg,1
data/processed/dogs/Dog_7593.jpg,1
data/processed/dogs/Dog_7594.jpg,1
data/processed/dogs/Dog_7595.jpg,1
data/processed/dogs/Dog_7597.jpg,1
data/processed/dogs/Dog_7598.jpg,1
data/processed/dogs/Dog_7599.jpg,1
data/processed/dogs/Dog_760.jpg,1
data/processed/dogs/Dog_7601.jpg,1
data/processed/dogs/Dog_7602.jpg,1
data/processed/dogs/Dog_7603.jpg,1
data/processed/dogs/Dog_7605.jpg,1
data/processed/dogs/Dog_7606.jpg,1
data/processed/dogs/Dog_7607.jpg,1
data/processed/dogs/Dog_7608.jpg,1
data/processed/dogs/Dog_7609.jpg,1
data/processed/dogs/Dog_761.jpg,1
data/processed/dogs/Dog_7610.jpg,1
data/processed/dogs/Dog_7611.jpg,1
data/processed/dogs/Dog_7612.jpg,1
data/processed/dogs/Dog_7613.jpg,1
data/processed/dogs/Dog_7614.jpg,1
data/processed/dogs/Dog_7615.jpg,1
data/processed/dogs/Dog_7617.jpg,1
data/processed/dogs/Dog_7619.jpg,1
data/processed/dogs/Dog_762.jpg,1
data/processed/dogs/Dog_7620.jpg,1
data/processed/dogs/Dog_7621.jpg,1
data/processed/dogs/Dog_7624.jpg,1
data/processed/dogs/Dog_7625.jpg,1
data/processed/dogs/Dog_7626.jpg,1
data/processed/dogs/Dog_7627.jpg,1
data/processed/dogs/Dog_7628.jpg,1
data/processed/dogs/Dog_7631.jpg,1
data/processed/dogs/Dog_7632.jpg,1
data/processed/dogs/Dog_7633.jpg,1
data/processed/dogs/Dog_7634.jpg,1
data/processed/dogs/Dog_7635.jpg,1
data/processed/dogs/Dog_7636.jpg,1
data/processed/dogs/Dog_7637.jpg,1
data/processed/dogs/Dog_7639.jpg,1
data/processed/dogs/Dog_764.jpg,1
data/processed/dogs/Dog_7640.jpg,1
data/processed/dogs/Dog_7641.jpg,1
data/processed/dogs/Dog_7643.jpg,1
data/processed/dogs/Dog_7644.jpg,1
data/processed/dogs/Dog_7645.jpg,1
data/processed/dogs/Dog_7646.jpg,1
data/processed/dogs/Dog_7647.jpg,1
data/processed/dogs/Dog_7648.jpg,1
data/processed/dogs/Dog_7649.jpg,1
data/processed/dogs/Dog_765.jpg,1
data/processed/dogs/Dog_7650.jpg,1
data/processed/dogs/Dog_7651.jpg,1
data/processed/dogs/Dog_7652.jpg,1
data/processed/dogs/Dog_7653.jpg,1
data/processed/dogs/Dog_7654.jpg,1
data/processed/dogs/Dog_7656.jpg,1
data/processed/dogs/Dog_7657.jpg,1
data/processed/dogs/Dog_7658.jpg,1
data/processed/dogs/Dog_7659.jpg,1
data/processed/dogs/Dog_7660.jpg,1
data/processed/dogs/Dog_7661.jpg,1
data/processed/dogs/Dog_7662.jpg,1
data/processed/dogs/Dog_7663.jpg,1
data/processed/dogs/Dog_7664.jpg,1
data/processed/dogs/Dog_7665.jpg,1
data/processed/dogs/Dog_7666.jpg,1
data/processed/dogs/Dog_7667.jpg,1
data/processed/dogs/Dog_7668.jpg,1
data/processed/dogs/Dog_767.jpg,1
data/processed/dogs/Dog_7670.jpg,1
data/processed/dogs/Dog_7671.jpg,1
data/processed/dogs/Dog_7672.jpg,1
data/processed/dogs/Dog_7674.jpg,1
data/processed/dogs/Dog_7675.jpg,1
data/processed/dogs/Dog_7676.jpg,1
data/processed/dogs/Dog_7677.jpg,1
data/processed/dogs/Dog_7678.jpg,1
data/processed/dogs/Dog_7679.jpg,1
data/processed/dogs/Dog_768.jpg,1
data/processed/dogs/Dog_7680.jpg,1
data/processed/dogs/Dog_7682.jpg,1
data/processed/dogs/Dog_7683.jpg,1
data/processed/dogs/Dog_7684.jpg,1
data/processed/dogs/Dog_7685.jpg,1
data/processed/dogs/Dog_7686.jpg,1
data/processed/dogs/Dog_7687.jpg,1
data/processed/dogs/Dog_7688.jpg,1
data/processed/dogs/Dog_7689.jpg,1
data/processed/dogs/Dog_769.jpg,1
data/processed/dogs/Dog_7690.jpg,1
data/processed/dogs/Dog_7692.jpg,1
data/processed/dogs/Dog_7693.jpg,1
data/processed/dogs/Dog_7694.jpg,1
data/processed/dogs/Dog_7695.jpg,1
data/processed/dogs/Dog_7698.jpg,1
data/processed/dogs/Dog_7699.jpg,1
data/processed/dogs/Dog_77.jpg,1
data/processed/dogs/Dog_7700.jpg,1
data/processed/dogs/Dog_7701.jpg,1
data/processed/dogs/Dog_7702.jpg,1
data/processed/dogs/Dog_7703.jpg,1
data/processed/dogs/Dog_7704.jpg,1
data/processed/dogs/Dog_7706.jpg,1
data/processed/dogs/Dog_7708.jpg,1
data/processed/dogs/Dog_771.jpg,1
data/processed/dogs/Dog_7711.jpg,1
data/processed/dogs/Dog_7712.jpg,1
data/processed/dogs/Dog_7713.jpg,1
data/processed/dogs/Dog_7714.jpg,1
data/processed/dogs/Dog_7715.jpg,1
data/processed/dogs/Dog_7716.jpg,1
data/processed/dogs/Dog_7717.jpg,1
data/processed/dogs/Dog_7718.jpg,1
data/processed/dogs/Dog_7720.jpg,1
data/processed/dogs/Dog_7721.jpg,1
data/processed/dogs/Dog_7722.jpg,1
data/processed/dogs/Dog_7723.jpg,1
data/processed/dogs/Dog_7724.jpg,1
data/processed/dogs/Dog_7725.jpg,1
data/processed/dogs/Dog_7726.jpg,1
data/processed/dogs/Dog_7727.jpg,1
data/processed/dogs/Dog_7728.jpg,1
data/processed/dogs/Dog_7729.jpg,1
data/processed/dogs/Dog_773.jpg,1
data/processed/dogs/Dog_7730.jpg,1
data/processed/dogs/Dog_7731.jpg,1
data/processed/dogs/Dog_7737.jpg,1
data/processed/dogs/Dog_7738.jpg,1
data/processed/dogs/Dog_7739.jpg,1
data/processed/dogs/Dog_774.jpg,1
data/processed/dogs/Dog_7740.jpg,1
data/processed/dogs/Dog_7741.jpg,1
data/processed/dogs/Dog_7742.jpg,1
data/processed/dogs/Dog_7743.jpg,1
data/processed/dogs/Dog_7744.jpg,1
data/processed/dogs/Dog_7745.jpg,1
data/processed/dogs/Dog_7746.jpg,1
data/processed/dogs/Dog_7747.jpg,1
data/processed/dogs/Dog_7749.jpg,1
data/processed/dogs/Dog_7750.jpg,1
data/processed/dogs/Dog_7752.jpg,1
data/processed/dogs/Dog_7753.jpg,1
data/processed/dogs/Dog_7754.jpg,1
data/processed/dogs/Dog_7755.jpg,1
data/processed/dogs/Dog_7756.jpg,1
data/processed/dogs/Dog_7757.jpg,1
data/processed/dogs/Dog_776.jpg,1
data/processed/dogs/Dog_7760.jpg,1
data/processed/dogs/Dog_7761.jpg,1
data/processed/dogs/Dog_7763.jpg,1
data/processed/dogs/Dog_7764.jpg,1
data/processed/dogs/Dog_7765.jpg,1
data/processed/dogs/Dog_7766.jpg,1
data/processed/dogs/Dog_7767.jpg,1
data/processed/dogs/Dog_7768.jpg,1
data/processed/dogs/Dog_7769.jpg,1
data/processed/dogs/Dog_777.jpg,1
data/processed/dogs/Dog_7770.jpg,1
data/processed/dogs/Dog_7771.jpg,1
data/processed/dogs/Dog_7772.jpg,1
data/processed/dogs/Dog_7774.jpg,1
data/processed/dogs/Dog_7775.jpg,1
data/processed/dogs/Dog_7776.jpg,1
data/processed/dogs/Dog_7777.jpg,1
data/processed/dogs/Dog_7779.jpg,1
data/processed/dogs/Dog_778.jpg,1
data/processed/dogs/Dog_7780.jpg,1
data/processed/dogs/Dog_7781.jpg,1
data/processed/dogs/Dog_7783.jpg,1
data/processed/dogs/Dog_7784.jpg,1
data/processed/dogs/Dog_7785.jpg,1
data/processed/dogs/Dog_7786.jpg,1
data/processed/dogs/Dog_7787.jpg,1
data/processed/dogs/Dog_7788.jpg,1
data/processed/dogs/Dog_779.jpg,1
data/processed/dogs/Dog_7790.jpg,1
data/processed/dogs/Dog_7791.jpg,1
data/processed/dogs/Dog_7795.jpg,1
data/processed/dogs/Dog_7796.jpg,1
data/processed/dogs/Dog_7797.jpg,1
data/processed/dogs/Dog_7799.jpg,1
data/processed/dogs/Dog_780.jpg,1
data/processed/dogs/Dog_7801.jpg,1
data/processed/dogs/Dog_7802.jpg,1
data/processed/dogs/Dog_7804.jpg,1
data/processed/dogs/Dog_7805.jpg,1
data/processed/dogs/Dog_7806.jpg,1
data/processed/dogs/Dog_7807.jpg,1
data/processed/dogs/Dog_7808.jpg,1
data/processed/dogs/Dog_7809.jpg,1
data/processed/dogs/Dog_7811.jpg,1
data/processed/dogs/Dog_7812.jpg,1
data/processed/dogs/Dog_7813.jpg,1
data/processed/dogs/Dog_7815.jpg,1
data/processed/dogs/Dog_7817.jpg,1
data/processed/dogs/Dog_7818.jpg,1
data/processed/dogs/Dog_7819.jpg,1
data/processed/dogs/Dog_7820.jpg,1
data/processed/dogs/Dog_7821.jpg,1
data/processed/dogs/Dog_7823.jpg,1
data/processed/dogs/Dog_7825.jpg,1
data/processed/dogs/Dog_7827.jpg,1
data/processed/dogs/Dog_7828.jpg,1
data/processed/dogs/Dog_7829.jpg,1
data/processed/dogs/Dog_7830.jpg,1
data/processed/dogs/Dog_7831.jpg,1
data/processed/dogs/Dog_7832.jpg,1
data/processed/dogs/Dog_7833.jpg,1
data/processed/dogs/Dog_7834.jpg,1
data/processed/dogs/Dog_7835.jpg,1
data/processed/dogs/Dog_7837.jpg,1
data/processed/dogs/Dog_7838.jpg,1
data/processed/dogs/Dog_7839.jpg,1
data/processed/dogs/Dog_784.jpg,1
data/processed/dogs/Dog_7841.jpg,1
data/processed/dogs/Dog_7842.jpg,1
data/processed/dogs/Dog_7843.jpg,1
data/processed/dogs/Dog_7844.jpg,1
data/processed/dogs/Dog_7846.jpg,1
data/processed/dogs/Dog_7847.jpg,1
data/processed/dogs/Dog_7848.jpg,1
data/processed/dogs/Dog_7850.jpg,1
data/processed/dogs/Dog_7851.jpg,1
data/processed/dogs/Dog_7852.jpg,1
data/processed/dogs/Dog_7854.jpg,1
data/processed/dogs/Dog_7855.jpg,1
data/processed/dogs/Dog_7856.jpg,1
data/processed/dogs/Dog_7857.jpg,1
data/processed/dogs/Dog_7858.jpg,1
data/processed/dogs/Dog_7859.jpg,1
data/processed/dogs/Dog_786.jpg,1
data/processed/dogs/Dog_7860.jpg,1
data/processed/dogs/Dog_7861.jpg,1
data/processed/dogs/Dog_7862.jpg,1
data/processed/dogs/Dog_7863.jpg,1
data/processed/dogs/Dog_7864.jpg,1
data/processed/dogs/Dog_7865.jpg,1
data/processed/dogs/Dog_7866.jpg,1
data/processed/dogs/Dog_7867.jpg,1
data/processed/dogs/Dog_7868.jpg,1
data/processed/dogs/Dog_7869.jpg,1
data/processed/dogs/Dog_787.jpg,1
data/processed/dogs/Dog_7870.jpg,1
data/processed/dogs/Dog_7872.jpg,1
data/processed/dogs/Dog_7873.jpg,1
data/processed/dogs/Dog_7876.jpg,1
data/processed/dogs/Dog_7877.jpg,1
data/processed/dogs/Dog_7878.jpg,1
data/processed/dogs/Dog_7879.jpg,1
data/processed/dogs/Dog_788.jpg,1
data/processed/dogs/Dog_7880.jpg,1
data/processed/dogs/Dog_7881.jpg,1
data/processed/dogs/Dog_7882.jpg,1
data/processed/dogs/Dog_7884.jpg,1
data/processed/dogs/Dog_7885.jpg,1
data/processed/dogs/Dog_7886.jpg,1
data/processed/dogs/Dog_7887.jpg,1
data/processed/dogs/Dog_7888.jpg,1
data/processed/dogs/Dog_7889.jpg,1
data/processed/dogs/Dog_789.jpg,1
data/processed/dogs/Dog_7890.jpg,1
data/processed/dogs/Dog_7891.jpg,1
data/processed/dogs/Dog_7892.jpg,1
data/processed/dogs/Dog_7893.jpg,1
data/processed/dogs/Dog_7894.jpg,1
data/processed/dogs/Dog_7895.jpg,1
data/processed/dogs/Dog_7896.jpg,1
data/processed/dogs/Dog_7897.jpg,1
data/processed/dogs/Dog_7898.jpg,1
data/processed/dogs/Dog_79.jpg,1
data/processed/dogs/Dog_790.jpg,1
data/processed/dogs/Dog_7900.jpg,1
data/processed/dogs/Dog_7902.jpg,1
data/processed/dogs/Dog_7904.jpg,1
data/processed/dogs/Dog_7905.jpg,1
data/processed/dogs/Dog_7906.jpg,1
data/processed/dogs/Dog_7907.jpg,1
data/processed/dogs/Dog_7908.jpg,1
data/processed/dogs/Dog_7909.jpg,1
data/processed/dogs/Dog_7910.jpg,1
data/processed/dogs/Dog_7912.jpg,1
data/processed/dogs/Dog_7913.jpg,1
data/processed/dogs/Dog_7916.jpg,1
data/processed/dogs/Dog_7917.jpg,1
data/processed/dogs/Dog_7918.jpg,1
data/processed/dogs/Dog_7919.jpg,1
data/processed/dogs/Dog_792.jpg,1
data/processed/dogs/Dog_7921.jpg,1
data/processed/dogs/Dog_7922.jpg,1
data/processed/dogs/Dog_7923.jpg,1
data/processed/dogs/Dog_7924.jpg,1
data/processed/dogs/Dog_7925.jpg,1
data/processed/dogs/Dog_7927.jpg,1
data/processed/dogs/Dog_7928.jpg,1
data/processed/dogs/Dog_7929.jpg,1
data/processed/dogs/Dog_793.jpg,1
data/processed/dogs/Dog_7930.jpg,1
data/processed/dogs/Dog_7931.jpg,1
data/processed/dogs/Dog_7934.jpg,1
data/processed/dogs/Dog_7935.jpg,1
data/processed/dogs/Dog_7936.jpg,1
data/processed/dogs/Dog_7937.jpg,1
data/processed/dogs/Dog_7938.jpg,1
data/processed/dogs/Dog_7939.jpg,1
data/processed/dogs/Dog_794.jpg,1
data/processed/dogs/Dog_7940.jpg,1
data/processed/dogs/Dog_7943.jpg,1
data/processed/dogs/Dog_7945.jpg,1
data/processed/dogs/Dog_7946.jpg,1
data/processed/dogs/Dog_7947.jpg,1
data/processed/dogs/Dog_7948.jpg,1
data/processed/dogs/Dog_7949.jpg,1
data/processed/dogs/Dog_795.jpg,1
data/processed/dogs/Dog_7951.jpg,1
data/processed/dogs/Dog_7952.jpg,1
data/processed/dogs/Dog_7953.jpg,1
data/processed/dogs/Dog_7954.jpg,1
data/processed/dogs/Dog_7955.jpg,1
data/processed/dogs/Dog_7956.jpg,1
data/processed/dogs/Dog_7958.jpg,1
data/processed/dogs/Dog_796.jpg,1
data/processed/dogs/Dog_7960.jpg,1
data/processed/dogs/Dog_7961.jpg,1
data/processed/dogs/Dog_7963.jpg,1
data/processed/dogs/Dog_7964.jpg,1
data/processed/dogs/Dog_7965.jpg,1
data/processed/dogs/Dog_7966.jpg,1
data/processed/dogs/Dog_7967.jpg,1
data/processed/dogs/Dog_7968.jpg,1
data/processed/dogs/Dog_7969.jpg,1
data/processed/dogs/Dog_797.jpg,1
data/processed/dogs/Dog_7970.jpg,1
data/processed/dogs/Dog_7971.jpg,1
data/processed/dogs/Dog_7974.jpg,1
data/processed/dogs/Dog_7975.jpg,1
data/processed/dogs/Dog_7976.jpg,1
data/processed/dogs/Dog_7979.jpg,1
data/processed/dogs/Dog_7980.jpg,1
data/processed/dogs/Dog_7981.jpg,1
data/processed/dogs/Dog_7982.jpg,1
data/processed/dogs/Dog_7983.jpg,1
data/processed/dogs/Dog_7984.jpg,1
data/processed/dogs/Dog_7985.jpg,1
data/processed/dogs/Dog_7987.jpg,1
data/processed/dogs/Dog_7988.jpg,1
data/processed/dogs/Dog_7990.jpg,1
data/processed/dogs/Dog_7991.jpg,1
data/processed/dogs/Dog_7992.jpg,1
data/processed/dogs/Dog_7993.jpg,1
data/processed/dogs/Dog_7994.jpg,1
data/processed/dogs/Dog_7995.jpg,1
data/processed/dogs/Dog_7996.jpg,1
data/processed/dogs/Dog_7997.jpg,1
data/processed/dogs/Dog_7998.jpg,1
data/processed/dogs/Dog_7999.jpg,1
data/processed/dogs/Dog_8.jpg,1
data/processed/dogs/Dog_80.jpg,1
data/processed/dogs/Dog_800.jpg,1
data/processed/dogs/Dog_8000.jpg,1
data/processed/dogs/Dog_8002.jpg,1
data/processed/dogs/Dog_8003.jpg,1
data/processed/dogs/Dog_8004.jpg,1
data/processed/dogs/Dog_8005.jpg,1
data/processed/dogs/Dog_8006.jpg,1
data/processed/dogs/Dog_8007.jpg,1
data/processed/dogs/Dog_8008.jpg,1
data/processed/dogs/Dog_801.jpg,1
data/processed/dogs/Dog_8010.jpg,1
data/processed/dogs/Dog_8012.jpg,1
data/processed/dogs/Dog_8013.jpg,1
data/processed/dogs/Dog_8015.jpg,1
data/processed/dogs/Dog_8016.jpg,1
data/processed/dogs/Dog_8017.jpg,1
data/processed/dogs/Dog_8018.jpg,1
data/processed/dogs/Dog_8019.jpg,1
data/processed/dogs/Dog_802.jpg,1
data/processed/dogs/Dog_8020.jpg,1
data/processed/dogs/Dog_8021.jpg,1
data/processed/dogs/Dog_8022.jpg,1
data/processed/dogs/Dog_8023.jpg,1
data/processed/dogs/Dog_8024.jpg,1
data/processed/dogs/Dog_8026.jpg,1
data/processed/dogs/Dog_8027.jpg,1
data/processed/dogs/Dog_8029.jpg,1
data/processed/dogs/Dog_803.jpg,1
data/processed/dogs/Dog_8030.jpg,1
data/processed/dogs/Dog_8031.jpg,1
data/processed/dogs/Dog_8033.jpg,1
data/processed/dogs/Dog_8035.jpg,1
data/processed/dogs/Dog_8036.jpg,1
data/processed/dogs/Dog_8037.jpg,1
data/processed/dogs/Dog_8038.jpg,1
data/processed/dogs/Dog_8039.jpg,1
data/processed/dogs/Dog_804.jpg,1
data/processed/dogs/Dog_8040.jpg,1
data/processed/dogs/Dog_8041.jpg,1
data/processed/dogs/Dog_8042.jpg,1
data/processed/dogs/Dog_8043.jpg,1
data/processed/dogs/Dog_8044.jpg,1
data/processed/dogs/Dog_8045.jpg,1
data/processed/dogs/Dog_8048.jpg,1
data/processed/dogs/Dog_8049.jpg,1
data/processed/dogs/Dog_805.jpg,1
data/processed/dogs/Dog_8051.jpg,1
data/processed/dogs/Dog_8052.jpg,1
data/processed/dogs/Dog_8053.jpg,1
data/processed/dogs/Dog_8054.jpg,1
data/processed/dogs/Dog_8055.jpg,1
data/processed/dogs/Dog_8056.jpg,1
data/processed/dogs/Dog_8057.jpg,1
data/processed/dogs/Dog_8058.jpg,1
data/processed/dogs/Dog_806.jpg,1
data/processed/dogs/Dog_8061.jpg,1
data/processed/dogs/Dog_8062.jpg,1
data/processed/dogs/Dog_8063.jpg,1
data/processed/dogs/Dog_8064.jpg,1
data/processed/dogs/Dog_8065.jpg,1
data/processed/dogs/Dog_8066.jpg,1
data/processed/dogs/Dog_8068.jpg,1
data/processed/dogs/Dog_8069.jpg,1
data/processed/dogs/Dog_807.jpg,1
data/processed/dogs/Dog_8070.jpg,1
data/processed/dogs/Dog_8071.jpg,1
data/processed/dogs/Dog_8072.jpg,1
data/processed/dogs/Dog_8073.jpg,1
data/processed/dogs/Dog_8074.jpg,1
data/processed/dogs/Dog_8075.jpg,1
data/processed/dogs/Dog_8076.jpg,1
data/processed/dogs/Dog_8077.jpg,1
data/processed/dogs/Dog_8078.jpg,1
data/processed/dogs/Dog_8079.jpg,1
data/processed/dogs/Dog_808.jpg,1
data/processed/dogs/Dog_8080.jpg,1
data/processed/dogs/Dog_8081.jpg,1
data/processed/dogs/Dog_8082.jpg,1
data/processed/dogs/Dog_8083.jpg,1
data/processed/dogs/Dog_8084.jpg,1
data/processed/dogs/Dog_8085.jpg,1
data/processed/dogs/Dog_8088.jpg,1
data/processed/dogs/Dog_809.jpg,1
data/processed/dogs/Dog_8090.jpg,1
data/processed/dogs/Dog_8092.jpg,1
data/processed/dogs/Dog_8093.jpg,1
data/processed/dogs/Dog_8094.jpg,1
data/processed/dogs/Dog_8095.jpg,1
data/processed/dogs/Dog_8096.jpg,1
data/processed/dogs/Dog_8098.jpg,1
data/processed/dogs/Dog_81.jpg,1
data/processed/dogs/Dog_8100.jpg,1
data/processed/dogs/Dog_8101.jpg,1
data/processed/dogs/Dog_8103.jpg,1
data/processed/dogs/Dog_8104.jpg,1
data/processed/dogs/Dog_8105.jpg,1
data/processed/dogs/Dog_8106.jpg,1
data/processed/dogs/Dog_8107.jpg,1
data/processed/dogs/Dog_8108.jpg,1
data/processed/dogs/Dog_8111.jpg,1
data/processed/dogs/Dog_8112.jpg,1
data/processed/dogs/Dog_8114.jpg,1
data/processed/dogs/Dog_8116.jpg,1
data/processed/dogs/Dog_8117.jpg,1
data/processed/dogs/Dog_8118.jpg,1
data/processed/dogs/Dog_8119.jpg,1
data/processed/dogs/Dog_812.jpg,1
data/processed/dogs/Dog_8120.jpg,1
data/processed/dogs/Dog_8122.jpg,1
data/processed/dogs/Dog_8123.jpg,1
data/processed/dogs/Dog_8124.jpg,1
data/processed/dogs/Dog_8125.jpg,1
data/processed/dogs/Dog_8127.jpg,1
data/processed/dogs/Dog_8128.jpg,1
data/processed/dogs/Dog_8129.jpg,1
data/processed/dogs/Dog_813.jpg,1
data/processed/dogs/Dog_8130.jpg,1
data/processed/dogs/Dog_8131.jpg,1
data/processed/dogs/Dog_8132.jpg,1
data/processed/dogs/Dog_8134.jpg,1
data/processed/dogs/Dog_8135.jpg,1
data/processed/dogs/Dog_8136.jpg,1
data/processed/dogs/Dog_8137.jpg,1
data/processed/dogs/Dog_8138.jpg,1
data/processed/dogs/Dog_8139.jpg,1
data/processed/dogs/Dog_814.jpg,1
data/processed/dogs/Dog_8140.jpg,1
data/processed/dogs/Dog_8141.jpg,1
data/processed/dogs/Dog_8143.jpg,1
data/processed/dogs/Dog_8144.jpg,1
data/processed/dogs/Dog_8146.jpg,1
data/processed/dogs/Dog_8147.jpg,1
data/processed/dogs/Dog_8148.jpg,1
data/processed/dogs/Dog_8149.jpg,1
data/processed/dogs/Dog_815.jpg,1
data/processed/dogs/Dog_8150.jpg,1
data/processed/dogs/Dog_8151.jpg,1
data/processed/dogs/Dog_8152.jpg,1
data/processed/dogs/Dog_8153.jpg,1
data/processed/dogs/Dog_8154.jpg,1
data/processed/dogs/Dog_8155.jpg,1
data/processed/dogs/Dog_8156.jpg,1
data/processed/dogs/Dog_8157.jpg,1
data/processed/dogs/Dog_8158.jpg,1
data/processed/dogs/Dog_8159.jpg,1
data/processed/dogs/Dog_8160.jpg,1
data/processed/dogs/Dog_8161.jpg,1
data/processed/dogs/Dog_8162.jpg,1
data/processed/dogs/Dog_8163.jpg,1
data/processed/dogs/Dog_8164.jpg,1
data/processed/dogs/Dog_8165.jpg,1
data/processed/dogs/Dog_8166.jpg,1
data/processed/dogs/Dog_8167.jpg,1
data/processed/dogs/Dog_8168.jpg,1
data/processed/dogs/Dog_8169.jpg,1
data/processed/dogs/Dog_817.jpg,1
data/processed/dogs/Dog_8170.jpg,1
data/processed/dogs/Dog_8171.jpg,1
data/processed/dogs/Dog_8172.jpg,1
data/processed/dogs/Dog_8173.jpg,1
data/processed/dogs/Dog_8174.jpg,1
data/processed/dogs/Dog_8175.jpg,1
data/processed/dogs/Dog_8176.jpg,1
data/processed/dogs/Dog_8177.jpg,1
data/processed/dogs/Dog_8178.jpg,1
data/processed/dogs/Dog_8179.jpg,1
data/processed/dogs/Dog_8180.jpg,1
data/processed/dogs/Dog_8181.jpg,1
data/processed/dogs/Dog_8183.jpg,1
data/processed/dogs/Dog_8184.jpg,1
data/processed/dogs/Dog_8187.jpg,1
data/processed/dogs/Dog_8188.jpg,1
data/processed/dogs/Dog_8189.jpg,1
data/processed/dogs/Dog_819.jpg,1
data/processed/dogs/Dog_8190.jpg,1
data/processed/dogs/Dog_8191.jpg,1
data/processed/dogs/Dog_8192.jpg,1
data/processed/dogs/Dog_8193.jpg,1
data/processed/dogs/Dog_8195.jpg,1
data/processed/dogs/Dog_8196.jpg,1
data/processed/dogs/Dog_8197.jpg,1
data/processed/dogs/Dog_8198.jpg,1
data/processed/dogs/Dog_8199.jpg,1
data/processed/dogs/Dog_82.jpg,1
data/processed/dogs/Dog_820.jpg,1
data/processed/dogs/Dog_8201.jpg,1
data/processed/dogs/Dog_8202.jpg,1
data/processed/dogs/Dog_8203.jpg,1
data/processed/dogs/Dog_8204.jpg,1
data/processed/dogs/Dog_8205.jpg,1
data/processed/dogs/Dog_8207.jpg,1
data/processed/dogs/Dog_8208.jpg,1
data/processed/dogs/Dog_8209.jpg,1
data/processed/dogs/Dog_8212.jpg,1
data/processed/dogs/Dog_8213.jpg,1
data/processed/dogs/Dog_8214.jpg,1
data/processed/dogs/Dog_8216.jpg,1
data/processed/dogs/Dog_8217.jpg,1
data/processed/dogs/Dog_8218.jpg,1
data/processed/dogs/Dog_8219.jpg,1
data/processed/dogs/Dog_822.jpg,1
data/processed/dogs/Dog_8221.jpg,1
data/processed/dogs/Dog_8222.jpg,1
data/processed/dogs/Dog_8225.jpg,1
data/processed/dogs/Dog_8226.jpg,1
data/processed/dogs/Dog_8227.jpg,1
data/processed/dogs/Dog_8228.jpg,1
data/processed/dogs/Dog_8229.jpg,1
data/processed/dogs/Dog_8230.jpg,1
data/processed/dogs/Dog_8232.jpg,1
data/processed/dogs/Dog_8233.jpg,1
data/processed/dogs/Dog_8234.jpg,1
data/processed/dogs/Dog_8236.jpg,1
data/processed/dogs/Dog_8238.jpg,1
data/processed/dogs/Dog_8239.jpg,1
data/processed/dogs/Dog_824.jpg,1
data/processed/dogs/Dog_8240.jpg,1
data/processed/dogs/Dog_8242.jpg,1
data/processed/dogs/Dog_8243.jpg,1
data/processed/dogs/Dog_8244.jpg,1
data/processed/dogs/Dog_8245.jpg,1
data/processed/dogs/Dog_8246.jpg,1
data/processed/dogs/Dog_8247.jpg,1
data/processed/dogs/Dog_8248.jpg,1
data/processed/dogs/Dog_8249.jpg,1
data/processed/dogs/Dog_825.jpg,1
data/processed/dogs/Dog_8250.jpg,1
data/processed/dogs/Dog_8251.jpg,1
data/processed/dogs/Dog_8254.jpg,1
data/processed/dogs/Dog_8255.jpg,1
data/processed/dogs/Dog_8256.jpg,1
data/processed/dogs/Dog_8257.jpg,1
data/processed/dogs/Dog_8258.jpg,1
data/processed/dogs/Dog_8259.jpg,1
data/processed/dogs/Dog_8260.jpg,1
data/processed/dogs/Dog_8261.jpg,1
data/processed/dogs/Dog_8262.jpg,1
data/processed/dogs/Dog_8263.jpg,1
data/processed/dogs/Dog_8264.jpg,1
data/processed/dogs/Dog_8265.jpg,1
data/processed/dogs/Dog_8266.jpg,1
data/processed/dogs/Dog_8267.jpg,1
data/processed/dogs/Dog_8268.jpg,1
data/processed/dogs/Dog_8269.jpg,1
data/processed/dogs/Dog_827.jpg,1
data/processed/dogs/Dog_8270.jpg,1
data/processed/dogs/Dog_8271.jpg,1
data/processed/dogs/Dog_8272.jpg,1
data/processed/dogs/Dog_8273.jpg,1
data/processed/dogs/Dog_8274.jpg,1
data/processed/dogs/Dog_8275.jpg,1
data/processed/dogs/Dog_8276.jpg,1
data/processed/dogs/Dog_8277.jpg,1
data/processed/dogs/Dog_8278.jpg,1
data/processed/dogs/Dog_8279.jpg,1
data/processed/dogs/Dog_8280.jpg,1
data/processed/dogs/Dog_8281.jpg,1
data/processed/dogs/Dog_8282.jpg,1
data/processed/dogs/Dog_8283.jpg,1
data/processed/dogs/Dog_8284.jpg,1
data/processed/dogs/Dog_8285.jpg,1
data/processed/dogs/Dog_8286.jpg,1
data/processed/dogs/Dog_8287.jpg,1
data/processed/dogs/Dog_8288.jpg,1
data/processed/dogs/Dog_8289.jpg,1
data/processed/dogs/Dog_829.jpg,1
data/processed/dogs/Dog_8290.jpg,1
data/processed/dogs/Dog_8291.jpg,1
data/processed/dogs/Dog_8292.jpg,1
data/processed/dogs/Dog_8293.jpg,1
data/processed/dogs/Dog_8294.jpg,1
data/processed/dogs/Dog_8295.jpg,1
data/processed/dogs/Dog_8296.jpg,1
data/processed/dogs/Dog_8297.jpg,1
data/processed/dogs/Dog_8298.jpg,1
data/processed/dogs/Dog_8299.jpg,1
data/processed/dogs/Dog_83.jpg,1
data/processed/dogs/Dog_830.jpg,1
data/processed/dogs/Dog_8300.jpg,1
data/processed/dogs/Dog_8302.jpg,1
data/processed/dogs/Dog_8304.jpg,1
data/processed/dogs/Dog_8306.jpg,1
data/processed/dogs/Dog_8307.jpg,1
data/processed/dogs/Dog_8309.jpg,1
data/processed/dogs/Dog_831.jpg,1
data/processed/dogs/Dog_8310.jpg,1
data/processed/dogs/Dog_8312.jpg,1
data/processed/dogs/Dog_8313.jpg,1
data/processed/dogs/Dog_8314.jpg,1
data/processed/dogs/Dog_8315.jpg,1
data/processed/dogs/Dog_8316.jpg,1
data/processed/dogs/Dog_8317.jpg,1
data/processed/dogs/Dog_8318.jpg,1
data/processed/dogs/Dog_8319.jpg,1
data/processed/dogs/Dog_832.jpg,1
data/processed/dogs/Dog_8320.jpg,1
data/processed/dogs/Dog_8321.jpg,1
data/processed/dogs/Dog_8322.jpg,1
data/processed/dogs/Dog_8323.jpg,1
data/processed/dogs/Dog_8324.jpg,1
data/processed/dogs/Dog_8325.jpg,1
data/processed/dogs/Dog_8328.jpg,1
data/processed/dogs/Dog_833.jpg,1
data/processed/dogs/Dog_8330.jpg,1
data/processed/dogs/Dog_8333.jpg,1
data/processed/dogs/Dog_8334.jpg,1
data/processed/dogs/Dog_8335.jpg,1
data/processed/dogs/Dog_8338.jpg,1
data/processed/dogs/Dog_8339.jpg,1
data/processed/dogs/Dog_834.jpg,1
data/processed/dogs/Dog_8340.jpg,1
data/processed/dogs/Dog_8341.jpg,1
data/processed/dogs/Dog_8342.jpg,1
data/processed/dogs/Dog_8343.jpg,1
data/processed/dogs/Dog_8345.jpg,1
data/processed/dogs/Dog_8346.jpg,1
data/processed/dogs/Dog_8347.jpg,1
data/processed/dogs/Dog_8348.jpg,1
data/processed/dogs/Dog_8349.jpg,1
data/processed/dogs/Dog_8350.jpg,1
data/processed/dogs/Dog_8351.jpg,1
data/processed/dogs/Dog_8352.jpg,1
data/processed/dogs/Dog_8353.jpg,1
data/processed/dogs/Dog_8354.jpg,1
data/processed/dogs/Dog_8355.jpg,1
data/processed/dogs/Dog_8356.jpg,1
data/processed/dogs/Dog_8357.jpg,1
data/processed/dogs/Dog_8359.jpg,1
data/processed/dogs/Dog_836.jpg,1
data/processed/dogs/Dog_8360.jpg,1
data/processed/dogs/Dog_8361.jpg,1
data/processed/dogs/Dog_8366.jpg,1
data/processed/dogs/Dog_8367.jpg,1
data/processed/dogs/Dog_8368.jpg,1
data/processed/dogs/Dog_8369.jpg,1
data/processed/dogs/Dog_837.jpg,1
data/processed/dogs/Dog_8370.jpg,1
data/processed/dogs/Dog_8371.jpg,1
data/processed/dogs/Dog_8372.jpg,1
data/processed/dogs/Dog_8373.jpg,1
data/processed/dogs/Dog_8374.jpg,1
data/processed/dogs/Dog_8376.jpg,1
data/processed/dogs/Dog_8377.jpg,1
data/processed/dogs/Dog_8378.jpg,1
data/processed/dogs/Dog_8379.jpg,1
data/processed/dogs/Dog_8380.jpg,1
data/processed/dogs/Dog_8381.jpg,1
data/processed/dogs/Dog_8383.jpg,1
data/processed/dogs/Dog_8384.jpg,1
data/processed/dogs/Dog_8385.jpg,1
data/processed/dogs/Dog_8386.jpg,1
data/processed/dogs/Dog_8387.jpg,1
data/processed/dogs/Dog_8388.jpg,1
data/processed/dogs/Dog_8389.jpg,1
data/processed/dogs/Dog_839.jpg,1
data/processed/dogs/Dog_8390.jpg,1
data/processed/dogs/Dog_8393.jpg,1
data/processed/dogs/Dog_8394.jpg,1
data/processed/dogs/Dog_8395.jpg,1
data/processed/dogs/Dog_8396.jpg,1
data/processed/dogs/Dog_8398.jpg,1
data/processed/dogs/Dog_8399.jpg,1
data/processed/dogs/Dog_8400.jpg,1
data/processed/dogs/Dog_8402.jpg,1
data/processed/dogs/Dog_8405.jpg,1
data/processed/dogs/Dog_8406.jpg,1
data/processed/dogs/Dog_8407.jpg,1
data/processed/dogs/Dog_8408.jpg,1
data/processed/dogs/Dog_8409.jpg,1
data/processed/dogs/Dog_841.jpg,1
data/processed/dogs/Dog_8410.jpg,1
data/processed/dogs/Dog_8411.jpg,1
data/processed/dogs/Dog_8412.jpg,1
data/processed/dogs/Dog_8413.jpg,1
data/processed/dogs/Dog_8414.jpg,1
data/processed/dogs/Dog_8415.jpg,1
data/processed/dogs/Dog_8416.jpg,1
data/processed/dogs/Dog_8417.jpg,1
data/processed/dogs/Dog_8418.jpg,1
data/processed/dogs/Dog_8419.jpg,1
data/processed/dogs/Dog_842.jpg,1
data/processed/dogs/Dog_8420.jpg,1
data/processed/dogs/Dog_8421.jpg,1
data/processed/dogs/Dog_8422.jpg,1
data/processed/dogs/Dog_8423.jpg,1
data/processed/dogs/Dog_8425.jpg,1
data/processed/dogs/Dog_8426.jpg,1
data/processed/dogs/Dog_8428.jpg,1
data/processed/dogs/Dog_8429.jpg,1
data/processed/dogs/Dog_8430.jpg,1
data/processed/dogs/Dog_8431.jpg,1
data/processed/dogs/Dog_8432.jpg,1
data/processed/dogs/Dog_8433.jpg,1
data/processed/dogs/Dog_8434.jpg,1
data/processed/dogs/Dog_8435.jpg,1
data/processed/dogs/Dog_8436.jpg,1
data/processed/dogs/Dog_8437.jpg,1
data/processed/dogs/Dog_8438.jpg,1
data/processed/dogs/Dog_8439.jpg,1
data/processed/dogs/Dog_844.jpg,1
data/processed/dogs/Dog_8440.jpg,1
data/processed/dogs/Dog_8442.jpg,1
data/processed/dogs/Dog_8443.jpg,1
data/processed/dogs/Dog_8444.jpg,1
data/processed/dogs/Dog_8447.jpg,1
data/processed/dogs/Dog_8448.jpg,1
data/processed/dogs/Dog_8449.jpg,1
data/processed/dogs/Dog_845.jpg,1
data/processed/dogs/Dog_8450.jpg,1
data/processed/dogs/Dog_8451.jpg,1
data/processed/dogs/Dog_8452.jpg,1
data/processed/dogs/Dog_8453.jpg,1
data/processed/dogs/Dog_8454.jpg,1
data/processed/dogs/Dog_8455.jpg,1
data/processed/dogs/Dog_8456.jpg,1
data/processed/dogs/Dog_8457.jpg,1
data/processed/dogs/Dog_846.jpg,1
data/processed/dogs/Dog_8460.jpg,1
data/processed/dogs/Dog_8461.jpg,1
data/processed/dogs/Dog_8462.jpg,1
data/processed/dogs/Dog_8463.jpg,1
data/processed/dogs/Dog_8464.jpg,1
data/processed/dogs/Dog_8465.jpg,1
data/processed/dogs/Dog_8466.jpg,1
data/processed/dogs/Dog_8467.jpg,1
data/processed/dogs/Dog_8468.jpg,1
data/processed/dogs/Dog_8469.jpg,1
data/processed/dogs/Dog_8470.jpg,1
data/processed/dogs/Dog_8471.jpg,1
data/processed/dogs/Dog_8472.jpg,1
data/processed/dogs/Dog_8474.jpg,1
data/processed/dogs/Dog_8475.jpg,1
data/processed/dogs/Dog_8477.jpg,1
data/processed/dogs/Dog_8478.jpg,1
data/processed/dogs/Dog_8479.jpg,1
data/processed/dogs/Dog_848.jpg,1
data/processed/dogs/Dog_8480.jpg,1
data/processed/dogs/Dog_8481.jpg,1
data/processed/dogs/Dog_8482.jpg,1
data/processed/dogs/Dog_8483.jpg,1
data/processed/dogs/Dog_8484.jpg,1
data/processed/dogs/Dog_8486.jpg,1
data/processed/dogs/Dog_8487.jpg,1
data/processed/dogs/Dog_8488.jpg,1
data/processed/dogs/Dog_8489.jpg,1
data/processed/dogs/Dog_849.jpg,1
data/processed/dogs/Dog_8490.jpg,1
data/processed/dogs/Dog_8491.jpg,1
data/processed/dogs/Dog_8492.jpg,1
data/processed/dogs/Dog_8493.jpg,1
data/processed/dogs/Dog_8495.jpg,1
data/processed/dogs/Dog_8496.jpg,1
data/processed/dogs/Dog_8497.jpg,1
data/processed/dogs/Dog_8498.jpg,1
data/processed/dogs/Dog_850.jpg,1
data/processed/dogs/Dog_8500.jpg,1
data/processed/dogs/Dog_8501.jpg,1
data/processed/dogs/Dog_8502.jpg,1
data/processed/dogs/Dog_8503.jpg,1
data/processed/dogs/Dog_8504.jpg,1
data/processed/dogs/Dog_8505.jpg,1
data/processed/dogs/Dog_8506.jpg,1
data/processed/dogs/Dog_8507.jpg,1
data/processed/dogs/Dog_8508.jpg,1
data/processed/dogs/Dog_8509.jpg,1
data/processed/dogs/Dog_851.jpg,1
data/processed/dogs/Dog_8511.jpg,1
data/processed/dogs/Dog_8512.jpg,1
data/processed/dogs/Dog_8513.jpg,1
data/processed/dogs/Dog_8514.jpg,1
data/processed/dogs/Dog_8515.jpg,1
data/processed/dogs/Dog_8516.jpg,1
data/processed/dogs/Dog_8517.jpg,1
data/processed/dogs/Dog_8518.jpg,1
data/processed/dogs/Dog_8519.jpg,1
data/processed/dogs/Dog_852.jpg,1
data/processed/dogs/Dog_8521.jpg,1
data/processed/dogs/Dog_8522.jpg,1
data/processed/dogs/Dog_8523.jpg,1
data/processed/dogs/Dog_8524.jpg,1
data/processed/dogs/Dog_8525.jpg,1
data/processed/dogs/Dog_8526.jpg,1
data/processed/dogs/Dog_8527.jpg,1
data/processed/dogs/Dog_8528.jpg,1
data/processed/dogs/Dog_853.jpg,1
data/processed/dogs/Dog_8530.jpg,1
data/processed/dogs/Dog_8531.jpg,1
data/processed/dogs/Dog_8532.jpg,1
data/processed/dogs/Dog_8533.jpg,1
data/processed/dogs/Dog_8534.jpg,1
data/processed/dogs/Dog_8535.jpg,1
data/processed/dogs/Dog_8536.jpg,1
data/processed/dogs/Dog_8538.jpg,1
data/processed/dogs/Dog_854.jpg,1
data/processed/dogs/Dog_8540.jpg,1
data/processed/dogs/Dog_8541.jpg,1
data/processed/dogs/Dog_8542.jpg,1
data/processed/dogs/Dog_8543.jpg,1
data/processed/dogs/Dog_8544.jpg,1
data/processed/dogs/Dog_8545.jpg,1
data/processed/dogs/Dog_8546.jpg,1
data/processed/dogs/Dog_8548.jpg,1
data/processed/dogs/Dog_855.jpg,1
data/processed/dogs/Dog_8550.jpg,1
data/processed/dogs/Dog_8551.jpg,1
data/processed/dogs/Dog_8553.jpg,1
data/processed/dogs/Dog_8554.jpg,1
data/processed/dogs/Dog_8555.jpg,1
data/processed/dogs/Dog_8556.jpg,1
data/processed/dogs/Dog_8557.jpg,1
data/processed/dogs/Dog_8558.jpg,1
data/processed/dogs/Dog_8559.jpg,1
data/processed/dogs/Dog_8560.jpg,1
data/processed/dogs/Dog_8561.jpg,1
data/processed/dogs/Dog_8562.jpg,1
data/processed/dogs/Dog_8563.jpg,1
data/processed/dogs/Dog_8565.jpg,1
data/processed/dogs/Dog_8567.jpg,1
data/processed/dogs/Dog_8568.jpg,1
data/processed/dogs/Dog_8569.jpg,1
data/processed/dogs/Dog_857.jpg,1
data/processed/dogs/Dog_8570.jpg,1
data/processed/dogs/Dog_8571.jpg,1
data/processed/dogs/Dog_8572.jpg,1
data/processed/dogs/Dog_8573.jpg,1
data/processed/dogs/Dog_8574.jpg,1
data/processed/dogs/Dog_8575.jpg,1
data/processed/dogs/Dog_8578.jpg,1
data/processed/dogs/Dog_8579.jpg,1
data/processed/dogs/Dog_858.jpg,1
data/processed/dogs/Dog_8580.jpg,1
data/processed/dogs/Dog_8581.jpg,1
data/processed/dogs/Dog_8582.jpg,1
data/processed/dogs/Dog_8585.jpg,1
data/processed/dogs/Dog_8588.jpg,1
data/processed/dogs/Dog_8589.jpg,1
data/processed/dogs/Dog_859.jpg,1
data/processed/dogs/Dog_8590.jpg,1
data/processed/dogs/Dog_8591.jpg,1
data/processed/dogs/Dog_8592.jpg,1
data/processed/dogs/Dog_8593.jpg,1
data/processed/dogs/Dog_8595.jpg,1
data/processed/dogs/Dog_8596.jpg,1
data/processed/dogs/Dog_8598.jpg,1
data/processed/dogs/Dog_8599.jpg,1
data/processed/dogs/Dog_86.jpg,1
data/processed/dogs/Dog_860.jpg,1
data/processed/dogs/Dog_8600.jpg,1
data/processed/dogs/Dog_8601.jpg,1
data/processed/dogs/Dog_8602.jpg,1
data/processed/dogs/Dog_8603.jpg,1
data/processed/dogs/Dog_8604.jpg,1
data/processed/dogs/Dog_8606.jpg,1
data/processed/dogs/Dog_8607.jpg,1
data/processed/dogs/Dog_8608.jpg,1
data/processed/dogs/Dog_8609.jpg,1
data/processed/dogs/Dog_8610.jpg,1
data/processed/dogs/Dog_8611.jpg,1
data/processed/dogs/Dog_8612.jpg,1
data/processed/dogs/Dog_8614.jpg,1
data/processed/dogs/Dog_8615.jpg,1
data/processed/dogs/Dog_8616.jpg,1
data/processed/dogs/Dog_862.jpg,1
data/processed/dogs/Dog_8620.jpg,1
data/processed/dogs/Dog_8621.jpg,1
data/processed/dogs/Dog_8622.jpg,1
data/processed/dogs/Dog_8623.jpg,1
data/processed/dogs/Dog_8624.jpg,1
data/processed/dogs/Dog_8625.jpg,1
data/processed/dogs/Dog_8626.jpg,1
data/processed/dogs/Dog_8627.jpg,1
data/processed/dogs/Dog_8628.jpg,1
data/processed/dogs/Dog_8629.jpg,1
data/processed/dogs/Dog_863.jpg,1
data/processed/dogs/Dog_8631.jpg,1
data/processed/dogs/Dog_8632.jpg,1
data/processed/dogs/Dog_8633.jpg,1
data/processed/dogs/Dog_8634.jpg,1
data/processed/dogs/Dog_8635.jpg,1
data/processed/dogs/Dog_8636.jpg,1
data/processed/dogs/Dog_8637.jpg,1
data/processed/dogs/Dog_8638.jpg,1
data/processed/dogs/Dog_8639.jpg,1
data/processed/dogs/Dog_864.jpg,1
data/processed/dogs/Dog_8640.jpg,1
data/processed/dogs/Dog_8641.jpg,1
data/processed/dogs/Dog_8642.jpg,1
data/processed/dogs/Dog_8643.jpg,1
data/processed/dogs/Dog_8645.jpg,1
data/processed/dogs/Dog_8646.jpg,1
data/processed/dogs/Dog_8647.jpg,1
data/processed/dogs/Dog_8648.jpg,1
data/processed/dogs/Dog_8649.jpg,1
data/processed/dogs/Dog_865.jpg,1
data/processed/dogs/Dog_8651.jpg,1
data/processed/dogs/Dog_8653.jpg,1
data/processed/dogs/Dog_8654.jpg,1
data/processed/dogs/Dog_8655.jpg,1
data/processed/dogs/Dog_8656.jpg,1
data/processed/dogs/Dog_8657.jpg,1
data/processed/dogs/Dog_8658.jpg,1
data/processed/dogs/Dog_8659.jpg,1
data/processed/dogs/Dog_866.jpg,1
data/processed/dogs/Dog_8660.jpg,1
data/processed/dogs/Dog_8661.jpg,1
data/processed/dogs/Dog_8662.jpg,1
data/processed/dogs/Dog_8664.jpg,1
data/processed/dogs/Dog_8665.jpg,1
data/processed/dogs/Dog_8666.jpg,1
data/processed/dogs/Dog_8667.jpg,1
data/processed/dogs/Dog_8668.jpg,1
data/processed/dogs/Dog_8669.jpg,1
data/processed/dogs/Dog_867.jpg,1
data/processed/dogs/Dog_8673.jpg,1
data/processed/dogs/Dog_8674.jpg,1
data/processed/dogs/Dog_8675.jpg,1
data/processed/dogs/Dog_8676.jpg,1
data/processed/dogs/Dog_8677.jpg,1
data/processed/dogs/Dog_8679.jpg,1
data/processed/dogs/Dog_8680.jpg,1
data/processed/dogs/Dog_8681.jpg,1
data/processed/dogs/Dog_8682.jpg,1
data/processed/dogs/Dog_8683.jpg,1
data/processed/dogs/Dog_8684.jpg,1
data/processed/dogs/Dog_8685.jpg,1
data/processed/dogs/Dog_8686.jpg,1
data/processed/dogs/Dog_8688.jpg,1
data/processed/dogs/Dog_869.jpg,1
data/processed/dogs/Dog_8692.jpg,1
data/processed/dogs/Dog_8694.jpg,1
data/processed/dogs/Dog_8695.jpg,1
data/processed/dogs/Dog_8696.jpg,1
data/processed/dogs/Dog_8699.jpg,1
data/processed/dogs/Dog_87.jpg,1
data/processed/dogs/Dog_870.jpg,1
data/processed/dogs/Dog_8700.jpg,1
data/processed/dogs/Dog_8701.jpg,1
data/processed/dogs/Dog_8702.jpg,1
data/processed/dogs/Dog_8703.jpg,1
data/processed/dogs/Dog_8704.jpg,1
data/processed/dogs/Dog_8705.jpg,1
data/processed/dogs/Dog_8706.jpg,1
data/processed/dogs/Dog_8708.jpg,1
data/processed/dogs/Dog_8709.jpg,1
data/processed/dogs/Dog_871.jpg,1
data/processed/dogs/Dog_8712.jpg,1
data/processed/dogs/Dog_8713.jpg,1
data/processed/dogs/Dog_8714.jpg,1
data/processed/dogs/Dog_8715.jpg,1
data/processed/dogs/Dog_8717.jpg,1
data/processed/dogs/Dog_8718.jpg,1
data/processed/dogs/Dog_8719.jpg,1
data/processed/dogs/Dog_872.jpg,1
data/processed/dogs/Dog_8720.jpg,1
data/processed/dogs/Dog_8723.jpg,1
data/processed/dogs/Dog_8724.jpg,1
data/processed/dogs/Dog_8726.jpg,1
data/processed/dogs/Dog_8728.jpg,1
data/processed/dogs/Dog_8729.jpg,1
data/processed/dogs/Dog_873.jpg,1
data/processed/dogs/Dog_8730.jpg,1
data/processed/dogs/Dog_8731.jpg,1
data/processed/dogs/Dog_8732.jpg,1
data/processed/dogs/Dog_8733.jpg,1
data/processed/dogs/Dog_8734.jpg,1
data/processed/dogs/Dog_8735.jpg,1
data/processed/dogs/Dog_8736.jpg,1
data/processed/dogs/Dog_8737.jpg,1
data/processed/dogs/Dog_8739.jpg,1
data/processed/dogs/Dog_874.jpg,1
data/processed/dogs/Dog_8740.jpg,1
data/processed/dogs/Dog_8741.jpg,1
data/processed/dogs/Dog_8743.jpg,1
data/processed/dogs/Dog_8745.jpg,1
data/processed/dogs/Dog_8746.jpg,1
data/processed/dogs/Dog_8747.jpg,1
data/processed/dogs/Dog_8748.jpg,1
data/processed/dogs/Dog_8749.jpg,1
data/processed/dogs/Dog_875.jpg,1
data/processed/dogs/Dog_8752.jpg,1
data/processed/dogs/Dog_8753.jpg,1
data/processed/dogs/Dog_8754.jpg,1
data/processed/dogs/Dog_8755.jpg,1
data/processed/dogs/Dog_8756.jpg,1
data/processed/dogs/Dog_8757.jpg,1
data/processed/dogs/Dog_8758.jpg,1
data/processed/dogs/Dog_8759.jpg,1
data/processed/dogs/Dog_876.jpg,1
data/processed/dogs/Dog_8760.jpg,1
data/processed/dogs/Dog_8761.jpg,1
data/processed/dogs/Dog_8763.jpg,1
data/processed/dogs/Dog_8764.jpg,1
data/processed/dogs/Dog_8765.jpg,1
data/processed/dogs/Dog_8766.jpg,1
data/processed/dogs/Dog_8767.jpg,1
data/processed/dogs/Dog_8768.jpg,1
data/processed/dogs/Dog_877.jpg,1
data/processed/dogs/Dog_8770.jpg,1
data/processed/dogs/Dog_8772.jpg,1
data/processed/dogs/Dog_8773.jpg,1
data/processed/dogs/Dog_8774.jpg,1
data/processed/dogs/Dog_8775.jpg,1
data/processed/dogs/Dog_8776.jpg,1
data/processed/dogs/Dog_8777.jpg,1
data/processed/dogs/Dog_8778.jpg,1
data/processed/dogs/Dog_8779.jpg,1
data/processed/dogs/Dog_878.jpg,1
data/processed/dogs/Dog_8780.jpg,1
data/processed/dogs/Dog_8782.jpg,1
data/processed/dogs/Dog_8783.jpg,1
data/processed/dogs/Dog_8784.jpg,1
data/processed/dogs/Dog_8785.jpg,1
data/processed/dogs/Dog_8787.jpg,1
data/processed/dogs/Dog_8788.jpg,1
data/processed/dogs/Dog_8789.jpg,1
data/processed/dogs/Dog_8790.jpg,1
data/processed/dogs/Dog_8791.jpg,1
data/processed/dogs/Dog_8793.jpg,1
data/processed/dogs/Dog_8795.jpg,1
data/processed/dogs/Dog_8796.jpg,1
data/processed/dogs/Dog_8797.jpg,1
data/processed/dogs/Dog_8798.jpg,1
data/processed/dogs/Dog_8799.jpg,1
data/processed/dogs/Dog_88.jpg,1
data/processed/dogs/Dog_880.jpg,1
data/processed/dogs/Dog_8800.jpg,1
data/processed/dogs/Dog_8801.jpg,1
data/processed/dogs/Dog_8802.jpg,1
data/processed/dogs/Dog_8803.jpg,1
data/processed/dogs/Dog_8804.jpg,1
data/processed/dogs/Dog_8805.jpg,1
data/processed/dogs/Dog_8806.jpg,1
data/processed/dogs/Dog_8807.jpg,1
data/processed/dogs/Dog_8808.jpg,1
data/processed/dogs/Dog_8809.jpg,1
data/processed/dogs/Dog_881.jpg,1
data/processed/dogs/Dog_8810.jpg,1
data/processed/dogs/Dog_8811.jpg,1
data/processed/dogs/Dog_8812.jpg,1
data/processed/dogs/Dog_8813.jpg,1
data/processed/dogs/Dog_8815.jpg,1
data/processed/dogs/Dog_8816.jpg,1
data/processed/dogs/Dog_8817.jpg,1
data/processed/dogs/Dog_8818.jpg,1
data/processed/dogs/Dog_8819.jpg,1
data/processed/dogs/Dog_8820.jpg,1
data/processed/dogs/Dog_8821.jpg,1
data/processed/dogs/Dog_8822.jpg,1
data/processed/dogs/Dog_8823.jpg,1
data/processed/dogs/Dog_8824.jpg,1
data/processed/dogs/Dog_8826.jpg,1
data/processed/dogs/Dog_8827.jpg,1
data/processed/dogs/Dog_8828.jpg,1
data/processed/dogs/Dog_8829.jpg,1
data/processed/dogs/Dog_8830.jpg,1
data/processed/dogs/Dog_8831.jpg,1
data/processed/dogs/Dog_8832.jpg,1
data/processed/dogs/Dog_8833.jpg,1
data/processed/dogs/Dog_8834.jpg,1
data/processed/dogs/Dog_8835.jpg,1
data/processed/dogs/Dog_8836.jpg,1
data/processed/dogs/Dog_8837.jpg,1
data/processed/dogs/Dog_8838.jpg,1
data/processed/dogs/Dog_8839.jpg,1
data/processed/dogs/Dog_884.jpg,1
data/processed/dogs/Dog_8840.jpg,1
data/processed/dogs/Dog_8841.jpg,1
data/processed/dogs/Dog_8843.jpg,1
data/processed/dogs/Dog_8844.jpg,1
data/processed/dogs/Dog_8847.jpg,1
data/processed/dogs/Dog_8848.jpg,1
data/processed/dogs/Dog_885.jpg,1
data/processed/dogs/Dog_8850.jpg,1
data/processed/dogs/Dog_8851.jpg,1
data/processed/dogs/Dog_8854.jpg,1
data/processed/dogs/Dog_8856.jpg,1
data/processed/dogs/Dog_8859.jpg,1
data/processed/dogs/Dog_886.jpg,1
data/processed/dogs/Dog_8860.jpg,1
data/processed/dogs/Dog_8861.jpg,1
data/processed/dogs/Dog_8862.jpg,1
data/processed/dogs/Dog_8864.jpg,1
data/processed/dogs/Dog_8865.jpg,1
data/processed/dogs/Dog_8866.jpg,1
data/processed/dogs/Dog_8867.jpg,1
data/processed/dogs/Dog_8868.jpg,1
data/processed/dogs/Dog_8869.jpg,1
data/processed/dogs/Dog_887.jpg,1
data/processed/dogs/Dog_8870.jpg,1
data/processed/dogs/Dog_8871.jpg,1
data/processed/dogs/Dog_8874.jpg,1
data/processed/dogs/Dog_8875.jpg,1
data/processed/dogs/Dog_8876.jpg,1
data/processed/dogs/Dog_8877.jpg,1
data/processed/dogs/Dog_8878.jpg,1
data/processed/dogs/Dog_8879.jpg,1
data/processed/dogs/Dog_888.jpg,1
data/processed/dogs/Dog_8881.jpg,1
data/processed/dogs/Dog_8882.jpg,1
data/processed/dogs/Dog_8883.jpg,1
data/processed/dogs/Dog_8884.jpg,1
data/processed/dogs/Dog_8885.jpg,1
data/processed/dogs/Dog_8886.jpg,1
data/processed/dogs/Dog_8887.jpg,1
data/processed/dogs/Dog_8888.jpg,1
data/processed/dogs/Dog_8889.jpg,1
data/processed/dogs/Dog_889.jpg,1
data/processed/dogs/Dog_8890.jpg,1
data/processed/dogs/Dog_8891.jpg,1
data/processed/dogs/Dog_8892.jpg,1
data/processed/dogs/Dog_8893.jpg,1
data/processed/dogs/Dog_8894.jpg,1
data/processed/dogs/Dog_8896.jpg,1
data/processed/dogs/Dog_8897.jpg,1
data/processed/dogs/Dog_8899.jpg,1
data/processed/dogs/Dog_8902.jpg,1
data/processed/dogs/Dog_8903.jpg,1
data/processed/dogs/Dog_8904.jpg,1
data/processed/dogs/Dog_8906.jpg,1
data/processed/dogs/Dog_8907.jpg,1
data/processed/dogs/Dog_8909.jpg,1
data/processed/dogs/Dog_891.jpg,1
data/processed/dogs/Dog_8910.jpg,1
data/processed/dogs/Dog_8911.jpg,1
data/processed/dogs/Dog_8912.jpg,1
data/processed/dogs/Dog_8913.jpg,1
data/processed/dogs/Dog_8914.jpg,1
data/processed/dogs/Dog_8915.jpg,1
data/processed/dogs/Dog_8917.jpg,1
data/processed/dogs/Dog_8918.jpg,1
data/processed/dogs/Dog_8919.jpg,1
data/processed/dogs/Dog_892.jpg,1
data/processed/dogs/Dog_8920.jpg,1
data/processed/dogs/Dog_8922.jpg,1
data/processed/dogs/Dog_8923.jpg,1
data/processed/dogs/Dog_8924.jpg,1
data/processed/dogs/Dog_8926.jpg,1
data/processed/dogs/Dog_8928.jpg,1
data/processed/dogs/Dog_8929.jpg,1
data/processed/dogs/Dog_893.jpg,1
data/processed/dogs/Dog_8930.jpg,1
data/processed/dogs/Dog_8931.jpg,1
data/processed/dogs/Dog_8933.jpg,1
data/processed/dogs/Dog_8934.jpg,1
data/processed/dogs/Dog_8937.jpg,1
data/processed/dogs/Dog_8938.jpg,1
data/processed/dogs/Dog_8939.jpg,1
data/processed/dogs/Dog_894.jpg,1
data/processed/dogs/Dog_8941.jpg,1
data/processed/dogs/Dog_8942.jpg,1
data/processed/dogs/Dog_8943.jpg,1
data/processed/dogs/Dog_8944.jpg,1
data/processed/dogs/Dog_8948.jpg,1
data/processed/dogs/Dog_8949.jpg,1
data/processed/dogs/Dog_895.jpg,1
data/processed/dogs/Dog_8950.jpg,1
data/processed/dogs/Dog_8951.jpg,1
data/processed/dogs/Dog_8952.jpg,1
data/processed/dogs/Dog_8953.jpg,1
data/processed/dogs/Dog_8954.jpg,1
data/processed/dogs/Dog_8956.jpg,1
data/processed/dogs/Dog_8957.jpg,1
data/processed/dogs/Dog_8958.jpg,1
data/processed/dogs/Dog_8959.jpg,1
data/processed/dogs/Dog_8961.jpg,1
data/processed/dogs/Dog_8962.jpg,1
data/processed/dogs/Dog_8963.jpg,1
data/processed/dogs/Dog_8964.jpg,1
data/processed/dogs/Dog_8965.jpg,1
data/processed/dogs/Dog_8966.jpg,1
data/processed/dogs/Dog_8967.jpg,1
data/processed/dogs/Dog_897.jpg,1
data/processed/dogs/Dog_8971.jpg,1
data/processed/dogs/Dog_8972.jpg,1
data/processed/dogs/Dog_8973.jpg,1
data/processed/dogs/Dog_8974.jpg,1
data/processed/dogs/Dog_8975.jpg,1
data/processed/dogs/Dog_8976.jpg,1
data/processed/dogs/Dog_8977.jpg,1
data/processed/dogs/Dog_8978.jpg,1
data/processed/dogs/Dog_898.jpg,1
data/processed/dogs/Dog_8980.jpg,1
data/processed/dogs/Dog_8981.jpg,1
data/processed/dogs/Dog_8984.jpg,1
data/processed/dogs/Dog_8985.jpg,1
data/processed/dogs/Dog_8986.jpg,1
data/processed/dogs/Dog_8987.jpg,1
data/processed/dogs/Dog_8988.jpg,1
data/processed/dogs/Dog_8989.jpg,1
data/processed/dogs/Dog_899.jpg,1
data/processed/dogs/Dog_8990.jpg,1
data/processed/dogs/Dog_8992.jpg,1
data/processed/dogs/Dog_8993.jpg,1
data/processed/dogs/Dog_8995.jpg,1
data/processed/dogs/Dog_8996.jpg,1
data/processed/dogs/Dog_8997.jpg,1
data/processed/dogs/Dog_8998.jpg,1
data/processed/dogs/Dog_8999.jpg,1
data/processed/dogs/Dog_9.jpg,1
data/processed/dogs/Dog_90.jpg,1
data/processed/dogs/Dog_900.jpg,1
data/processed/dogs/Dog_9000.jpg,1
data/processed/dogs/Dog_9001.jpg,1
data/processed/dogs/Dog_9002.jpg,1
data/processed/dogs/Dog_9003.jpg,1
data/processed/dogs/Dog_9005.jpg,1
data/processed/dogs/Dog_9006.jpg,1
data/processed/dogs/Dog_9007.jpg,1
data/processed/dogs/Dog_9008.jpg,1
data/processed/dogs/Dog_9009.jpg,1
data/processed/dogs/Dog_9010.jpg,1
data/processed/dogs/Dog_9011.jpg,1
data/processed/dogs/Dog_9012.jpg,1
data/processed/dogs/Dog_9013.jpg,1
data/processed/dogs/Dog_9014.jpg,1
data/processed/dogs/Dog_9015.jpg,1
data/processed/dogs/Dog_9016.jpg,1
data/processed/dogs/Dog_9017.jpg,1
data/processed/dogs/Dog_9018.jpg,1
data/processed/dogs/Dog_9019.jpg,1
data/processed/dogs/Dog_9020.jpg,1
data/processed/dogs/Dog_9021.jpg,1
data/processed/dogs/Dog_9023.jpg,1
data/processed/dogs/Dog_9024.jpg,1
data/processed/dogs/Dog_9025.jpg,1
data/processed/dogs/Dog_9027.jpg,1
data/processed/dogs/Dog_9028.jpg,1
data/processed/dogs/Dog_9029.jpg,1
data/processed/dogs/Dog_903.jpg,1
data/processed/dogs/Dog_9031.jpg,1
data/processed/dogs/Dog_9032.jpg,1
data/processed/dogs/Dog_9033.jpg,1
data/processed/dogs/Dog_9034.jpg,1
data/processed/dogs/Dog_9035.jpg,1
data/processed/dogs/Dog_9036.jpg,1
data/processed/dogs/Dog_9038.jpg,1
data/processed/dogs/Dog_9039.jpg,1
data/processed/dogs/Dog_904.jpg,1
data/processed/dogs/Dog_9040.jpg,1
data/processed/dogs/Dog_9041.jpg,1
data/processed/dogs/Dog_9042.jpg,1
data/processed/dogs/Dog_9045.jpg,1
data/processed/dogs/Dog_9046.jpg,1
data/processed/dogs/Dog_9048.jpg,1
data/processed/dogs/Dog_9049.jpg,1
data/processed/dogs/Dog_9050.jpg,1
data/processed/dogs/Dog_9051.jpg,1
data/processed/dogs/Dog_9052.jpg,1
data/processed/dogs/Dog_9053.jpg,1
data/processed/dogs/Dog_9054.jpg,1
data/processed/dogs/Dog_9055.jpg,1
data/processed/dogs/Dog_9056.jpg,1
data/processed/dogs/Dog_9057.jpg,1
data/processed/dogs/Dog_9058.jpg,1
data/processed/dogs/Dog_906.jpg,1
data/processed/dogs/Dog_9060.jpg,1
data/processed/dogs/Dog_9061.jpg,1
data/processed/dogs/Dog_9062.jpg,1
data/processed/dogs/Dog_9063.jpg,1
data/processed/dogs/Dog_9064.jpg,1
data/processed/dogs/Dog_9065.jpg,1
data/processed/dogs/Dog_9066.jpg,1
data/processed/dogs/Dog_9067.jpg,1
data/processed/dogs/Dog_9068.jpg,1
data/processed/dogs/Dog_9069.jpg,1
data/processed/dogs/Dog_9070.jpg,1
data/processed/dogs/Dog_9071.jpg,1
data/processed/dogs/Dog_9072.jpg,1
data/processed/dogs/Dog_9073.jpg,1
data/processed/dogs/Dog_9074.jpg,1
data/processed/dogs/Dog_9075.jpg,1
data/processed/dogs/Dog_9076.jpg,1
data/processed/dogs/Dog_9077.jpg,1
data/processed/dogs/Dog_9078.jpg,1
data/processed/dogs/Dog_9080.jpg,1
data/processed/dogs/Dog_9081.jpg,1
data/processed/dogs/Dog_9082.jpg,1
data/processed/dogs/Dog_9083.jpg,1
data/processed/dogs/Dog_9085.jpg,1
data/processed/dogs/Dog_9086.jpg,1
data/processed/dogs/Dog_9087.jpg,1
data/processed/dogs/Dog_9088.jpg,1
data/processed/dogs/Dog_9089.jpg,1
data/processed/dogs/Dog_909.jpg,1
data/processed/dogs/Dog_9090.jpg,1
data/processed/dogs/Dog_9091.jpg,1
data/processed/dogs/Dog_9092.jpg,1
data/processed/dogs/Dog_9094.jpg,1
data/processed/dogs/Dog_9095.jpg,1
data/processed/dogs/Dog_9097.jpg,1
data/processed/dogs/Dog_9098.jpg,1
data/processed/dogs/Dog_91.jpg,1
data/processed/dogs/Dog_910.jpg,1
data/processed/dogs/Dog_9100.jpg,1
data/processed/dogs/Dog_9101.jpg,1
data/processed/dogs/Dog_9102.jpg,1
data/processed/dogs/Dog_9103.jpg,1
data/processed/dogs/Dog_9107.jpg,1
data/processed/dogs/Dog_9108.jpg,1
data/processed/dogs/Dog_9109.jpg,1
data/processed/dogs/Dog_911.jpg,1
data/processed/dogs/Dog_9110.jpg,1
data/processed/dogs/Dog_9111.jpg,1
data/processed/dogs/Dog_9112.jpg,1
data/processed/dogs/Dog_9113.jpg,1
data/processed/dogs/Dog_9115.jpg,1
data/processed/dogs/Dog_9118.jpg,1
data/processed/dogs/Dog_9119.jpg,1
data/processed/dogs/Dog_912.jpg,1
data/processed/dogs/Dog_9120.jpg,1
data/processed/dogs/Dog_9122.jpg,1
data/processed/dogs/Dog_9123.jpg,1
data/processed/dogs/Dog_9124.jpg,1
data/processed/dogs/Dog_9125.jpg,1
data/processed/dogs/Dog_9126.jpg,1
data/processed/dogs/Dog_9128.jpg,1
data/processed/dogs/Dog_9129.jpg,1
data/processed/dogs/Dog_913.jpg,1
data/processed/dogs/Dog_9130.jpg,1
data/processed/dogs/Dog_9132.jpg,1
data/processed/dogs/Dog_9133.jpg,1
data/processed/dogs/Dog_9134.jpg,1
data/processed/dogs/Dog_9136.jpg,1
data/processed/dogs/Dog_9137.jpg,1
data/processed/dogs/Dog_9138.jpg,1
data/processed/dogs/Dog_914.jpg,1
data/processed/dogs/Dog_9140.jpg,1
data/processed/dogs/Dog_9141.jpg,1
data/processed/dogs/Dog_9142.jpg,1
data/processed/dogs/Dog_9144.jpg,1
data/processed/dogs/Dog_9145.jpg,1
data/processed/dogs/Dog_9146.jpg,1
data/processed/dogs/Dog_9147.jpg,1
data/processed/dogs/Dog_9148.jpg,1
data/processed/dogs/Dog_915.jpg,1
data/processed/dogs/Dog_9150.jpg,1
data/processed/dogs/Dog_9151.jpg,1
data/processed/dogs/Dog_9152.jpg,1
data/processed/dogs/Dog_9153.jpg,1
data/processed/dogs/Dog_9155.jpg,1
data/processed/dogs/Dog_9156.jpg,1
data/processed/dogs/Dog_9158.jpg,1
data/processed/dogs/Dog_9159.jpg,1
data/processed/dogs/Dog_916.jpg,1
data/processed/dogs/Dog_9160.jpg,1
data/processed/dogs/Dog_9161.jpg,1
data/processed/dogs/Dog_9162.jpg,1
data/processed/dogs/Dog_9165.jpg,1
data/processed/dogs/Dog_9168.jpg,1
data/processed/dogs/Dog_9169.jpg,1
data/processed/dogs/Dog_917.jpg,1
data/processed/dogs/Dog_9170.jpg,1
data/processed/dogs/Dog_9171.jpg,1
data/processed/dogs/Dog_9172.jpg,1
data/processed/dogs/Dog_9173.jpg,1
data/processed/dogs/Dog_9174.jpg,1
data/processed/dogs/Dog_9175.jpg,1
data/processed/dogs/Dog_9176.jpg,1
data/processed/dogs/Dog_9177.jpg,1
data/processed/dogs/Dog_9178.jpg,1
data/processed/dogs/Dog_918.jpg,1
data/processed/dogs/Dog_9181.jpg,1
data/processed/dogs/Dog_9182.jpg,1
data/processed/dogs/Dog_9183.jpg,1
data/processed/dogs/Dog_9184.jpg,1
data/processed/dogs/Dog_9185.jpg,1
data/processed/dogs/Dog_9187.jpg,1
data/processed/dogs/Dog_9188.jpg,1
data/processed/dogs/Dog_919.jpg,1
data/processed/dogs/Dog_9190.jpg,1
data/processed/dogs/Dog_9191.jpg,1
data/processed/dogs/Dog_9192.jpg,1
data/processed/dogs/Dog_9193.jpg,1
data/processed/dogs/Dog_9194.jpg,1
data/processed/dogs/Dog_9196.jpg,1
data/processed/dogs/Dog_9197.jpg,1
data/processed/dogs/Dog_9198.jpg,1
data/processed/dogs/Dog_9199.jpg,1
data/processed/dogs/Dog_92.jpg,1
data/processed/dogs/Dog_920.jpg,1
data/processed/dogs/Dog_9201.jpg,1
data/processed/dogs/Dog_9204.jpg,1
data/processed/dogs/Dog_9206.jpg,1
data/processed/dogs/Dog_9207.jpg,1
data/processed/dogs/Dog_9208.jpg,1
data/processed/dogs/Dog_921.jpg,1
data/processed/dogs/Dog_9211.jpg,1
data/processed/dogs/Dog_9212.jpg,1
data/processed/dogs/Dog_9213.jpg,1
data/processed/dogs/Dog_9214.jpg,1
data/processed/dogs/Dog_9216.jpg,1
data/processed/dogs/Dog_9217.jpg,1
data/processed/dogs/Dog_922.jpg,1
data/processed/dogs/Dog_9220.jpg,1
data/processed/dogs/Dog_9221.jpg,1
data/processed/dogs/Dog_9222.jpg,1
data/processed/dogs/Dog_9224.jpg,1
data/processed/dogs/Dog_9225.jpg,1
data/processed/dogs/Dog_9226.jpg,1
data/processed/dogs/Dog_9227.jpg,1
data/processed/dogs/Dog_9229.jpg,1
data/processed/dogs/Dog_923.jpg,1
data/processed/dogs/Dog_9232.jpg,1
data/processed/dogs/Dog_9233.jpg,1
data/processed/dogs/Dog_9234.jpg,1
data/processed/dogs/Dog_9237.jpg,1
data/processed/dogs/Dog_9238.jpg,1
data/processed/dogs/Dog_9239.jpg,1
data/processed/dogs/Dog_924.jpg,1
data/processed/dogs/Dog_9241.jpg,1
data/processed/dogs/Dog_9243.jpg,1
data/processed/dogs/Dog_9245.jpg,1
data/processed/dogs/Dog_9246.jpg,1
data/processed/dogs/Dog_9247.jpg,1
data/processed/dogs/Dog_9249.jpg,1
data/processed/dogs/Dog_925.jpg,1
data/processed/dogs/Dog_9250.jpg,1
data/processed/dogs/Dog_9252.jpg,1
data/processed/dogs/Dog_9254.jpg,1
data/processed/dogs/Dog_9255.jpg,1
data/processed/dogs/Dog_9258.jpg,1
data/processed/dogs/Dog_926.jpg,1
data/processed/dogs/Dog_9260.jpg,1
data/processed/dogs/Dog_9261.jpg,1
data/processed/dogs/Dog_9262.jpg,1
data/processed/dogs/Dog_9263.jpg,1
data/processed/dogs/Dog_9264.jpg,1
data/processed/dogs/Dog_9266.jpg,1
data/processed/dogs/Dog_9267.jpg,1
data/processed/dogs/Dog_9268.jpg,1
data/processed/dogs/Dog_9269.jpg,1
data/processed/dogs/Dog_9270.jpg,1
data/processed/dogs/Dog_9271.jpg,1
data/processed/dogs/Dog_9272.jpg,1
data/processed/dogs/Dog_9274.jpg,1
data/processed/dogs/Dog_9275.jpg,1
data/processed/dogs/Dog_9277.jpg,1
data/processed/dogs/Dog_9278.jpg,1
data/processed/dogs/Dog_9279.jpg,1
data/processed/dogs/Dog_928.jpg,1
data/processed/dogs/Dog_9281.jpg,1
data/processed/dogs/Dog_9283.jpg,1
data/processed/dogs/Dog_9284.jpg,1
data/processed/dogs/Dog_9285.jpg,1
data/processed/dogs/Dog_9286.jpg,1
data/processed/dogs/Dog_9287.jpg,1
data/processed/dogs/Dog_9289.jpg,1
data/processed/dogs/Dog_9290.jpg,1
data/processed/dogs/Dog_9291.jpg,1
data/processed/dogs/Dog_9292.jpg,1
data/processed/dogs/Dog_9293.jpg,1
data/processed/dogs/Dog_9296.jpg,1
data/processed/dogs/Dog_9297.jpg,1
data/processed/dogs/Dog_9298.jpg,1
data/processed/dogs/Dog_9299.jpg,1
data/processed/dogs/Dog_93.jpg,1
data/processed/dogs/Dog_930.jpg,1
data/processed/dogs/Dog_9300.jpg,1
data/processed/dogs/Dog_9302.jpg,1
data/processed/dogs/Dog_9303.jpg,1
data/processed/dogs/Dog_9304.jpg,1
data/processed/dogs/Dog_9305.jpg,1
data/processed/dogs/Dog_9307.jpg,1
data/processed/dogs/Dog_9308.jpg,1
data/processed/dogs/Dog_9309.jpg,1
data/processed/dogs/Dog_931.jpg,1
data/processed/dogs/Dog_9310.jpg,1
data/processed/dogs/Dog_9311.jpg,1
data/processed/dogs/Dog_9312.jpg,1
data/processed/dogs/Dog_9313.jpg,1
data/processed/dogs/Dog_9314.jpg,1
data/processed/dogs/Dog_9315.jpg,1
data/processed/dogs/Dog_9316.jpg,1
data/processed/dogs/Dog_9317.jpg,1
data/processed/dogs/Dog_9318.jpg,1
data/processed/dogs/Dog_9319.jpg,1
data/processed/dogs/Dog_932.jpg,1
data/processed/dogs/Dog_9320.jpg,1
data/processed/dogs/Dog_9321.jpg,1
data/processed/dogs/Dog_9324.jpg,1
data/processed/dogs/Dog_9325.jpg,1
data/processed/dogs/Dog_9328.jpg,1
data/processed/dogs/Dog_9329.jpg,1
data/processed/dogs/Dog_933.jpg,1
data/processed/dogs/Dog_9330.jpg,1
data/processed/dogs/Dog_9331.jpg,1
data/processed/dogs/Dog_9332.jpg,1
data/processed/dogs/Dog_9333.jpg,1
data/processed/dogs/Dog_9334.jpg,1
data/processed/dogs/Dog_9335.jpg,1
data/processed/dogs/Dog_9336.jpg,1
data/processed/dogs/Dog_9337.jpg,1
data/processed/dogs/Dog_9338.jpg,1
data/processed/dogs/Dog_9339.jpg,1
data/processed/dogs/Dog_9340.jpg,1
data/processed/dogs/Dog_9341.jpg,1
data/processed/dogs/Dog_9342.jpg,1
data/processed/dogs/Dog_9343.jpg,1
data/processed/dogs/Dog_9344.jpg,1
data/processed/dogs/Dog_9345.jpg,1
data/processed/dogs/Dog_9346.jpg,1
data/processed/dogs/Dog_9347.jpg,1
data/processed/dogs/Dog_9349.jpg,1
data/processed/dogs/Dog_935.jpg,1
data/processed/dogs/Dog_9351.jpg,1
data/processed/dogs/Dog_9352.jpg,1
data/processed/dogs/Dog_9353.jpg,1
data/processed/dogs/Dog_9354.jpg,1
data/processed/dogs/Dog_9355.jpg,1
data/processed/dogs/Dog_9357.jpg,1
data/processed/dogs/Dog_9358.jpg,1
data/processed/dogs/Dog_9359.jpg,1
data/processed/dogs/Dog_9360.jpg,1
data/processed/dogs/Dog_9362.jpg,1
data/processed/dogs/Dog_9363.jpg,1
data/processed/dogs/Dog_9364.jpg,1
data/processed/dogs/Dog_9365.jpg,1
data/processed/dogs/Dog_9366.jpg,1
data/processed/dogs/Dog_9367.jpg,1
data/processed/dogs/Dog_9368.jpg,1
data/processed/dogs/Dog_9369.jpg,1
data/processed/dogs/Dog_9370.jpg,1
data/processed/dogs/Dog_9373.jpg,1
data/processed/dogs/Dog_9374.jpg,1
data/processed/dogs/Dog_9377.jpg,1
data/processed/dogs/Dog_9378.jpg,1
data/processed/dogs/Dog_9379.jpg,1
data/processed/dogs/Dog_9380.jpg,1
data/processed/dogs/Dog_9381.jpg,1
data/processed/dogs/Dog_9382.jpg,1
data/processed/dogs/Dog_9383.jpg,1
data/processed/dogs/Dog_9384.jpg,1
data/processed/dogs/Dog_9385.jpg,1
data/processed/dogs/Dog_9386.jpg,1
data/processed/dogs/Dog_9387.jpg,1
data/processed/dogs/Dog_9388.jpg,1
data/processed/dogs/Dog_9389.jpg,1
data/processed/dogs/Dog_939.jpg,1
data/processed/dogs/Dog_9390.jpg,1
data/processed/dogs/Dog_9392.jpg,1
data/processed/dogs/Dog_9394.jpg,1
data/processed/dogs/Dog_9395.jpg,1
data/processed/dogs/Dog_9398.jpg,1
data/processed/dogs/Dog_9399.jpg,1
data/processed/dogs/Dog_94.jpg,1
data/processed/dogs/Dog_9400.jpg,1
data/processed/dogs/Dog_9401.jpg,1
data/processed/dogs/Dog_9402.jpg,1
data/processed/dogs/Dog_9403.jpg,1
data/processed/dogs/Dog_9405.jpg,1
data/processed/dogs/Dog_9406.jpg,1
data/processed/dogs/Dog_9407.jpg,1
data/processed/dogs/Dog_9408.jpg,1
data/processed/dogs/Dog_9409.jpg,1
data/processed/dogs/Dog_941.jpg,1
data/processed/dogs/Dog_9410.jpg,1
data/processed/dogs/Dog_9412.jpg,1
data/processed/dogs/Dog_9413.jpg,1
data/processed/dogs/Dog_9414.jpg,1
data/processed/dogs/Dog_9415.jpg,1
data/processed/dogs/Dog_9416.jpg,1
data/processed/dogs/Dog_9418.jpg,1
data/processed/dogs/Dog_9419.jpg,1
data/processed/dogs/Dog_942.jpg,1
data/processed/dogs/Dog_9421.jpg,1
data/processed/dogs/Dog_9423.jpg,1
data/processed/dogs/Dog_9424.jpg,1
data/processed/dogs/Dog_9425.jpg,1
data/processed/dogs/Dog_9426.jpg,1
data/processed/dogs/Dog_9427.jpg,1
data/processed/dogs/Dog_9428.jpg,1
data/processed/dogs/Dog_9429.jpg,1
data/processed/dogs/Dog_9430.jpg,1
data/processed/dogs/Dog_9432.jpg,1
data/processed/dogs/Dog_9433.jpg,1
data/processed/dogs/Dog_9434.jpg,1
data/processed/dogs/Dog_9435.jpg,1
data/processed/dogs/Dog_9436.jpg,1
data/processed/dogs/Dog_9438.jpg,1
data/processed/dogs/Dog_9439.jpg,1
data/processed/dogs/Dog_944.jpg,1
data/processed/dogs/Dog_9440.jpg,1
data/processed/dogs/Dog_9442.jpg,1
data/processed/dogs/Dog_9443.jpg,1
data/processed/dogs/Dog_9444.jpg,1
data/processed/dogs/Dog_9445.jpg,1
data/processed/dogs/Dog_9448.jpg,1
data/processed/dogs/Dog_9449.jpg,1
data/processed/dogs/Dog_945.jpg,1
data/processed/dogs/Dog_9450.jpg,1
data/processed/dogs/Dog_9451.jpg,1
data/processed/dogs/Dog_9452.jpg,1
data/processed/dogs/Dog_9453.jpg,1
data/processed/dogs/Dog_9454.jpg,1
data/processed/dogs/Dog_9455.jpg,1
data/processed/dogs/Dog_9457.jpg,1
data/processed/dogs/Dog_9459.jpg,1
data/processed/dogs/Dog_946.jpg,1
data/processed/dogs/Dog_9461.jpg,1
data/processed/dogs/Dog_9463.jpg,1
data/processed/dogs/Dog_9464.jpg,1
data/processed/dogs/Dog_9465.jpg,1
data/processed/dogs/Dog_9466.jpg,1
data/processed/dogs/Dog_9467.jpg,1
data/processed/dogs/Dog_9469.jpg,1
data/processed/dogs/Dog_947.jpg,1
data/processed/dogs/Dog_9470.jpg,1
data/processed/dogs/Dog_9471.jpg,1
data/processed/dogs/Dog_9473.jpg,1
data/processed/dogs/Dog_9474.jpg,1
data/processed/dogs/Dog_9475.jpg,1
data/processed/dogs/Dog_9476.jpg,1
data/processed/dogs/Dog_9477.jpg,1
data/processed/dogs/Dog_9478.jpg,1
data/processed/dogs/Dog_948.jpg,1
data/processed/dogs/Dog_9480.jpg,1
data/processed/dogs/Dog_9481.jpg,1
data/processed/dogs/Dog_9482.jpg,1
data/processed/dogs/Dog_9483.jpg,1
data/processed/dogs/Dog_9485.jpg,1
data/processed/dogs/Dog_9486.jpg,1
data/processed/dogs/Dog_9488.jpg,1
data/processed/dogs/Dog_9489.jpg,1
data/processed/dogs/Dog_949.jpg,1
data/processed/dogs/Dog_9490.jpg,1
data/processed/dogs/Dog_9491.jpg,1
data/processed/dogs/Dog_9492.jpg,1
data/processed/dogs/Dog_9493.jpg,1
data/processed/dogs/Dog_9494.jpg,1
data/processed/dogs/Dog_9495.jpg,1
data/processed/dogs/Dog_9496.jpg,1
data/processed/dogs/Dog_9497.jpg,1
data/processed/dogs/Dog_9499.jpg,1
data/processed/dogs/Dog_95.jpg,1
data/processed/dogs/Dog_950.jpg,1
data/processed/dogs/Dog_9500.jpg,1
data/processed/dogs/Dog_9501.jpg,1
data/processed/dogs/Dog_9502.jpg,1
data/processed/dogs/Dog_9503.jpg,1
data/processed/dogs/Dog_9504.jpg,1
data/processed/dogs/Dog_9505.jpg,1
data/processed/dogs/Dog_9506.jpg,1
data/processed/dogs/Dog_9507.jpg,1
data/processed/dogs/Dog_9508.jpg,1
data/processed/dogs/Dog_9509.jpg,1
data/processed/dogs/Dog_951.jpg,1
data/processed/dogs/Dog_9510.jpg,1
data/processed/dogs/Dog_9511.jpg,1
data/processed/dogs/Dog_9512.jpg,1
data/processed/dogs/Dog_9513.jpg,1
data/processed/dogs/Dog_9514.jpg,1
data/processed/dogs/Dog_9515.jpg,1
data/processed/dogs/Dog_9516.jpg,1
data/processed/dogs/Dog_9517.jpg,1
data/processed/dogs/Dog_9518.jpg,1
data/processed/dogs/Dog_9519.jpg,1
data/processed/dogs/Dog_952.jpg,1
data/processed/dogs/Dog_9520.jpg,1
data/processed/dogs/Dog_9521.jpg,1
data/processed/dogs/Dog_9522.jpg,1
data/processed/dogs/Dog_9523.jpg,1
data/processed/dogs/Dog_9524.jpg,1
data/processed/dogs/Dog_9525.jpg,1
data/processed/dogs/Dog_9526.jpg,1
data/processed/dogs/Dog_9529.jpg,1
data/processed/dogs/Dog_953.jpg,1
data/processed/dogs/Dog_9531.jpg,1
data/processed/dogs/Dog_9532.jpg,1
data/processed/dogs/Dog_9533.jpg,1
data/processed/dogs/Dog_9534.jpg,1
data/processed/dogs/Dog_9535.jpg,1
data/processed/dogs/Dog_9536.jpg,1
data/processed/dogs/Dog_9538.jpg,1
data/processed/dogs/Dog_9539.jpg,1
data/processed/dogs/Dog_954.jpg,1
data/processed/dogs/Dog_9540.jpg,1
data/processed/dogs/Dog_9541.jpg,1
data/processed/dogs/Dog_9542.jpg,1
data/processed/dogs/Dog_9543.jpg,1
data/processed/dogs/Dog_9544.jpg,1
data/processed/dogs/Dog_9545.jpg,1
data/processed/dogs/Dog_9546.jpg,1
data/processed/dogs/Dog_9548.jpg,1
data/processed/dogs/Dog_9549.jpg,1
data/processed/dogs/Dog_955.jpg,1
data/processed/dogs/Dog_9550.jpg,1
data/processed/dogs/Dog_9552.jpg,1
data/processed/dogs/Dog_9553.jpg,1
data/processed/dogs/Dog_9554.jpg,1
data/processed/dogs/Dog_9555.jpg,1
data/processed/dogs/Dog_9557.jpg,1
data/processed/dogs/Dog_9559.jpg,1
data/processed/dogs/Dog_9560.jpg,1
data/processed/dogs/Dog_9561.jpg,1
data/processed/dogs/Dog_9562.jpg,1
data/processed/dogs/Dog_9563.jpg,1
data/processed/dogs/Dog_9565.jpg,1
data/processed/dogs/Dog_9566.jpg,1
data/processed/dogs/Dog_9567.jpg,1
data/processed/dogs/Dog_9568.jpg,1
data/processed/dogs/Dog_9569.jpg,1
data/processed/dogs/Dog_957.jpg,1
data/processed/dogs/Dog_9570.jpg,1
data/processed/dogs/Dog_9571.jpg,1
data/processed/dogs/Dog_9572.jpg,1
data/processed/dogs/Dog_9573.jpg,1
data/processed/dogs/Dog_9575.jpg,1
data/processed/dogs/Dog_9577.jpg,1
data/processed/dogs/Dog_9578.jpg,1
data/processed/dogs/Dog_9579.jpg,1
data/processed/dogs/Dog_958.jpg,1
data/processed/dogs/Dog_9580.jpg,1
data/processed/dogs/Dog_9581.jpg,1
data/processed/dogs/Dog_9585.jpg,1
data/processed/dogs/Dog_9586.jpg,1
data/processed/dogs/Dog_9587.jpg,1
data/processed/dogs/Dog_959.jpg,1
data/processed/dogs/Dog_9590.jpg,1
data/processed/dogs/Dog_9591.jpg,1
data/processed/dogs/Dog_9592.jpg,1
data/processed/dogs/Dog_9593.jpg,1
data/processed/dogs/Dog_9594.jpg,1
data/processed/dogs/Dog_9596.jpg,1
data/processed/dogs/Dog_9597.jpg,1
data/processed/dogs/Dog_9598.jpg,1
data/processed/dogs/Dog_9599.jpg,1
data/processed/dogs/Dog_96.jpg,1
data/processed/dogs/Dog_960.jpg,1
data/processed/dogs/Dog_9600.jpg,1
data/processed/dogs/Dog_9601.jpg,1
data/processed/dogs/Dog_9602.jpg,1
data/processed/dogs/Dog_9603.jpg,1
data/processed/dogs/Dog_9605.jpg,1
data/processed/dogs/Dog_9606.jpg,1
data/processed/dogs/Dog_9607.jpg,1
data/processed/dogs/Dog_9608.jpg,1
data/processed/dogs/Dog_9609.jpg,1
data/processed/dogs/Dog_9610.jpg,1
data/processed/dogs/Dog_9611.jpg,1
data/processed/dogs/Dog_9614.jpg,1
data/processed/dogs/Dog_9616.jpg,1
data/processed/dogs/Dog_9617.jpg,1
data/processed/dogs/Dog_9618.jpg,1
data/processed/dogs/Dog_9619.jpg,1
data/processed/dogs/Dog_962.jpg,1
data/processed/dogs/Dog_9620.jpg,1
data/processed/dogs/Dog_9621.jpg,1
data/processed/dogs/Dog_9623.jpg,1
data/processed/dogs/Dog_9624.jpg,1
data/processed/dogs/Dog_9625.jpg,1
data/processed/dogs/Dog_9626.jpg,1
data/processed/dogs/Dog_9627.jpg,1
data/processed/dogs/Dog_9628.jpg,1
data/processed/dogs/Dog_9629.jpg,1
data/processed/dogs/Dog_963.jpg,1
data/processed/dogs/Dog_9631.jpg,1
data/processed/dogs/Dog_9632.jpg,1
data/processed/dogs/Dog_9633.jpg,1
data/processed/dogs/Dog_9634.jpg,1
data/processed/dogs/Dog_9635.jpg,1
data/processed/dogs/Dog_9637.jpg,1
data/processed/dogs/Dog_9638.jpg,1
data/processed/dogs/Dog_9639.jpg,1
data/processed/dogs/Dog_964.jpg,1
data/processed/dogs/Dog_9641.jpg,1
data/processed/dogs/Dog_9642.jpg,1
data/processed/dogs/Dog_9643.jpg,1
data/processed/dogs/Dog_9644.jpg,1
data/processed/dogs/Dog_9646.jpg,1
data/processed/dogs/Dog_9647.jpg,1
data/processed/dogs/Dog_9648.jpg,1
data/processed/dogs/Dog_9649.jpg,1
data/processed/dogs/Dog_965.jpg,1
data/processed/dogs/Dog_9650.jpg,1
data/processed/dogs/Dog_9651.jpg,1
data/processed/dogs/Dog_9652.jpg,1
data/processed/dogs/Dog_9653.jpg,1
data/processed/dogs/Dog_9654.jpg,1
data/processed/dogs/Dog_9655.jpg,1
data/processed/dogs/Dog_9656.jpg,1
data/processed/dogs/Dog_9658.jpg,1
data/processed/dogs/Dog_9659.jpg,1
data/processed/dogs/Dog_966.jpg,1
data/processed/dogs/Dog_9660.jpg,1
data/processed/dogs/Dog_9662.jpg,1
data/processed/dogs/Dog_9663.jpg,1
data/processed/dogs/Dog_9664.jpg,1
data/processed/dogs/Dog_9665.jpg,1
data/processed/dogs/Dog_9666.jpg,1
data/processed/dogs/Dog_9669.jpg,1
data/processed/dogs/Dog_967.jpg,1
data/processed/dogs/Dog_9670.jpg,1
data/processed/dogs/Dog_9671.jpg,1
data/processed/dogs/Dog_9673.jpg,1
data/processed/dogs/Dog_9674.jpg,1
data/processed/dogs/Dog_9675.jpg,1
data/processed/dogs/Dog_9676.jpg,1
data/processed/dogs/Dog_9677.jpg,1
data/processed/dogs/Dog_9678.jpg,1
data/processed/dogs/Dog_9679.jpg,1
data/processed/dogs/Dog_968.jpg,1
data/processed/dogs/Dog_9680.jpg,1
data/processed/dogs/Dog_9682.jpg,1
data/processed/dogs/Dog_9683.jpg,1
data/processed/dogs/Dog_9684.jpg,1
data/processed/dogs/Dog_9685.jpg,1
data/processed/dogs/Dog_9686.jpg,1
data/processed/dogs/Dog_9687.jpg,1
data/processed/dogs/Dog_9688.jpg,1
data/processed/dogs/Dog_9689.jpg,1
data/processed/dogs/Dog_969.jpg,1
data/processed/dogs/Dog_9690.jpg,1
data/processed/dogs/Dog_9691.jpg,1
data/processed/dogs/Dog_9692.jpg,1
data/processed/dogs/Dog_9694.jpg,1
data/processed/dogs/Dog_9695.jpg,1
data/processed/dogs/Dog_9696.jpg,1
data/processed/dogs/Dog_9697.jpg,1
data/processed/dogs/Dog_9698.jpg,1
data/processed/dogs/Dog_97.jpg,1
data/processed/dogs/Dog_970.jpg,1
data/processed/dogs/Dog_9700.jpg,1
data/processed/dogs/Dog_9701.jpg,1
data/processed/dogs/Dog_9705.jpg,1
data/processed/dogs/Dog_9706.jpg,1
data/processed/dogs/Dog_9708.jpg,1
data/processed/dogs/Dog_9709.jpg,1
data/processed/dogs/Dog_971.jpg,1
data/processed/dogs/Dog_9710.jpg,1
data/processed/dogs/Dog_9711.jpg,1
data/processed/dogs/Dog_9712.jpg,1
data/processed/dogs/Dog_9713.jpg,1
data/processed/dogs/Dog_9715.jpg,1
data/processed/dogs/Dog_9716.jpg,1
data/processed/dogs/Dog_9718.jpg,1
data/processed/dogs/Dog_9719.jpg,1
data/processed/dogs/Dog_972.jpg,1
data/processed/dogs/Dog_9720.jpg,1
data/processed/dogs/Dog_9721.jpg,1
data/processed/dogs/Dog_9723.jpg,1
data/processed/dogs/Dog_9724.jpg,1
data/processed/dogs/Dog_9726.jpg,1
data/processed/dogs/Dog_9727.jpg,1
data/processed/dogs/Dog_9728.jpg,1
data/processed/dogs/Dog_9729.jpg,1
data/processed/dogs/Dog_973.jpg,1
data/processed/dogs/Dog_9730.jpg,1
data/processed/dogs/Dog_9731.jpg,1
data/processed/dogs/Dog_9732.jpg,1
data/processed/dogs/Dog_9734.jpg,1
data/processed/dogs/Dog_9737.jpg,1
data/processed/dogs/Dog_9738.jpg,1
data/processed/dogs/Dog_9739.jpg,1
data/processed/dogs/Dog_974.jpg,1
data/processed/dogs/Dog_9740.jpg,1
data/processed/dogs/Dog_9741.jpg,1
data/processed/dogs/Dog_9743.jpg,1
data/processed/dogs/Dog_9744.jpg,1
data/processed/dogs/Dog_9745.jpg,1
data/processed/dogs/Dog_9746.jpg,1
data/processed/dogs/Dog_9747.jpg,1
data/processed/dogs/Dog_9749.jpg,1
data/processed/dogs/Dog_975.jpg,1
data/processed/dogs/Dog_9750.jpg,1
data/processed/dogs/Dog_9751.jpg,1
data/processed/dogs/Dog_9752.jpg,1
data/processed/dogs/Dog_9754.jpg,1
data/processed/dogs/Dog_9755.jpg,1
data/processed/dogs/Dog_9756.jpg,1
data/processed/dogs/Dog_9757.jpg,1
data/processed/dogs/Dog_9758.jpg,1
data/processed/dogs/Dog_9759.jpg,1
data/processed/dogs/Dog_9760.jpg,1
data/processed/dogs/Dog_9761.jpg,1
data/processed/dogs/Dog_9762.jpg,1
data/processed/dogs/Dog_9763.jpg,1
data/processed/dogs/Dog_9764.jpg,1
data/processed/dogs/Dog_9765.jpg,1
data/processed/dogs/Dog_9766.jpg,1
data/processed/dogs/Dog_9767.jpg,1
data/processed/dogs/Dog_9768.jpg,1
data/processed/dogs/Dog_9769.jpg,1
data/processed/dogs/Dog_977.jpg,1
data/processed/dogs/Dog_9770.jpg,1
data/processed/dogs/Dog_9771.jpg,1
data/processed/dogs/Dog_9772.jpg,1
data/processed/dogs/Dog_9773.jpg,1
data/processed/dogs/Dog_9774.jpg,1
data/processed/dogs/Dog_9776.jpg,1
data/processed/dogs/Dog_9777.jpg,1
data/processed/dogs/Dog_9778.jpg,1
data/processed/dogs/Dog_9779.jpg,1
data/processed/dogs/Dog_9780.jpg,1
data/processed/dogs/Dog_9781.jpg,1
data/processed/dogs/Dog_9782.jpg,1
data/processed/dogs/Dog_9783.jpg,1
data/processed/dogs/Dog_9785.jpg,1
data/processed/dogs/Dog_9786.jpg,1
data/processed/dogs/Dog_9787.jpg,1
data/processed/dogs/Dog_9789.jpg,1
data/processed/dogs/Dog_979.jpg,1
data/processed/dogs/Dog_9790.jpg,1
data/processed/dogs/Dog_9791.jpg,1
data/processed/dogs/Dog_9792.jpg,1
data/processed/dogs/Dog_9793.jpg,1
data/processed/dogs/Dog_9794.jpg,1
data/processed/dogs/Dog_9795.jpg,1
data/processed/dogs/Dog_9796.jpg,1
data/processed/dogs/Dog_9797.jpg,1
data/processed/dogs/Dog_9798.jpg,1
data/processed/dogs/Dog_9799.jpg,1
data/processed/dogs/Dog_98.jpg,1
data/processed/dogs/Dog_9800.jpg,1
data/processed/dogs/Dog_9801.jpg,1
data/processed/dogs/Dog_9802.jpg,1
data/processed/dogs/Dog_9804.jpg,1
data/processed/dogs/Dog_9806.jpg,1
data/processed/dogs/Dog_9807.jpg,1
data/processed/dogs/Dog_9808.jpg,1
data/processed/dogs/Dog_9809.jpg,1
data/processed/dogs/Dog_9810.jpg,1
data/processed/dogs/Dog_9811.jpg,1
data/processed/dogs/Dog_9813.jpg,1
data/processed/dogs/Dog_9814.jpg,1
data/processed/dogs/Dog_9816.jpg,1
data/processed/dogs/Dog_9817.jpg,1
data/processed/dogs/Dog_9818.jpg,1
data/processed/dogs/Dog_9819.jpg,1
data/processed/dogs/Dog_9820.jpg,1
data/processed/dogs/Dog_9821.jpg,1
data/processed/dogs/Dog_9822.jpg,1
data/processed/dogs/Dog_9823.jpg,1
data/processed/dogs/Dog_9824.jpg,1
data/processed/dogs/Dog_9825.jpg,1
data/processed/dogs/Dog_9826.jpg,1
data/processed/dogs/Dog_9827.jpg,1
data/processed/dogs/Dog_9828.jpg,1
data/processed/dogs/Dog_9829.jpg,1
data/processed/dogs/Dog_983.jpg,1
data/processed/dogs/Dog_9830.jpg,1
data/processed/dogs/Dog_9831.jpg,1
data/processed/dogs/Dog_9832.jpg,1
data/processed/dogs/Dog_9833.jpg,1
data/processed/dogs/Dog_9834.jpg,1
data/processed/dogs/Dog_9835.jpg,1
data/processed/dogs/Dog_9837.jpg,1
data/processed/dogs/Dog_9838.jpg,1
data/processed/dogs/Dog_9839.jpg,1
data/processed/dogs/Dog_9841.jpg,1
data/processed/dogs/Dog_9842.jpg,1
data/processed/dogs/Dog_9843.jpg,1
data/processed/dogs/Dog_9844.jpg,1
data/processed/dogs/Dog_9845.jpg,1
data/processed/dogs/Dog_9847.jpg,1
data/processed/dogs/Dog_9848.jpg,1
data/processed/dogs/Dog_985.jpg,1
data/processed/dogs/Dog_9850.jpg,1
data/processed/dogs/Dog_9851.jpg,1
data/processed/dogs/Dog_9852.jpg,1
data/processed/dogs/Dog_9853.jpg,1
data/processed/dogs/Dog_9854.jpg,1
data/processed/dogs/Dog_9855.jpg,1
data/processed/dogs/Dog_9857.jpg,1
data/processed/dogs/Dog_9858.jpg,1
data/processed/dogs/Dog_986.jpg,1
data/processed/dogs/Dog_9860.jpg,1
data/processed/dogs/Dog_9862.jpg,1
data/processed/dogs/Dog_9863.jpg,1
data/processed/dogs/Dog_9864.jpg,1
data/processed/dogs/Dog_9866.jpg,1
data/processed/dogs/Dog_9867.jpg,1
data/processed/dogs/Dog_9868.jpg,1
data/processed/dogs/Dog_9869.jpg,1
data/processed/dogs/Dog_987.jpg,1
data/processed/dogs/Dog_9870.jpg,1
data/processed/dogs/Dog_9871.jpg,1
data/processed/dogs/Dog_9872.jpg,1
data/processed/dogs/Dog_9874.jpg,1
data/processed/dogs/Dog_9875.jpg,1
data/processed/dogs/Dog_9876.jpg,1
data/processed/dogs/Dog_9877.jpg,1
data/processed/dogs/Dog_9878.jpg,1
data/processed/dogs/Dog_9879.jpg,1
data/processed/dogs/Dog_988.jpg,1
data/processed/dogs/Dog_9880.jpg,1
data/processed/dogs/Dog_9881.jpg,1
data/processed/dogs/Dog_9882.jpg,1
data/processed/dogs/Dog_9883.jpg,1
data/processed/dogs/Dog_9885.jpg,1
data/processed/dogs/Dog_9886.jpg,1
data/processed/dogs/Dog_9887.jpg,1
data/processed/dogs/Dog_9888.jpg,1
data/processed/dogs/Dog_989.jpg,1
data/processed/dogs/Dog_9890.jpg,1
data/processed/dogs/Dog_9891.jpg,1
data/processed/dogs/Dog_9892.jpg,1
data/processed/dogs/Dog_9893.jpg,1
data/processed/dogs/Dog_9894.jpg,1
data/processed/dogs/Dog_9895.jpg,1
data/processed/dogs/Dog_9897.jpg,1
data/processed/dogs/Dog_9899.jpg,1
data/processed/dogs/Dog_99.jpg,1
data/processed/dogs/Dog_9900.jpg,1
data/processed/dogs/Dog_9902.jpg,1
data/processed/dogs/Dog_9904.jpg,1
data/processed/dogs/Dog_9905.jpg,1
data/processed/dogs/Dog_9906.jpg,1
data/processed/dogs/Dog_9907.jpg,1
data/processed/dogs/Dog_9908.jpg,1
data/processed/dogs/Dog_9909.jpg,1
data/processed/dogs/Dog_991.jpg,1
data/processed/dogs/Dog_9911.jpg,1
data/processed/dogs/Dog_9912.jpg,1
data/processed/dogs/Dog_9913.jpg,1
data/processed/dogs/Dog_9914.jpg,1
data/processed/dogs/Dog_9915.jpg,1
data/processed/dogs/Dog_9916.jpg,1
data/processed/dogs/Dog_9917.jpg,1
data/processed/dogs/Dog_9920.jpg,1
data/processed/dogs/Dog_9921.jpg,1
data/processed/dogs/Dog_9922.jpg,1
data/processed/dogs/Dog_9923.jpg,1
data/processed/dogs/Dog_9924.jpg,1
data/processed/dogs/Dog_9925.jpg,1
data/processed/dogs/Dog_9926.jpg,1
data/processed/dogs/Dog_9927.jpg,1
data/processed/dogs/Dog_9929.jpg,1
data/processed/dogs/Dog_993.jpg,1
data/processed/dogs/Dog_9930.jpg,1
data/processed/dogs/Dog_9931.jpg,1
data/processed/dogs/Dog_9932.jpg,1
data/processed/dogs/Dog_9933.jpg,1
data/processed/dogs/Dog_9935.jpg,1
data/processed/dogs/Dog_9936.jpg,1
data/processed/dogs/Dog_9937.jpg,1
data/processed/dogs/Dog_9938.jpg,1
data/processed/dogs/Dog_9939.jpg,1
data/processed/dogs/Dog_994.jpg,1
data/processed/dogs/Dog_9940.jpg,1
data/processed/dogs/Dog_9941.jpg,1
data/processed/dogs/Dog_9942.jpg,1
data/processed/dogs/Dog_9944.jpg,1
data/processed/dogs/Dog_9945.jpg,1
data/processed/dogs/Dog_9946.jpg,1
data/processed/dogs/Dog_9947.jpg,1
data/processed/dogs/Dog_9948.jpg,1
data/processed/dogs/Dog_9949.jpg,1
data/processed/dogs/Dog_995.jpg,1
data/processed/dogs/Dog_9951.jpg,1
data/processed/dogs/Dog_9953.jpg,1
data/processed/dogs/Dog_9954.jpg,1
data/processed/dogs/Dog_9955.jpg,1
data/processed/dogs/Dog_9956.jpg,1
data/processed/dogs/Dog_9957.jpg,1
data/processed/dogs/Dog_9958.jpg,1
data/processed/dogs/Dog_9959.jpg,1
data/processed/dogs/Dog_996.jpg,1
data/processed/dogs/Dog_9960.jpg,1
data/processed/dogs/Dog_9961.jpg,1
data/processed/dogs/Dog_9962.jpg,1
data/processed/dogs/Dog_9963.jpg,1
data/processed/dogs/Dog_9965.jpg,1
data/processed/dogs/Dog_9966.jpg,1
data/processed/dogs/Dog_9967.jpg,1
data/processed/dogs/Dog_9968.jpg,1
data/processed/dogs/Dog_9969.jpg,1
data/processed/dogs/Dog_997.jpg,1
data/processed/dogs/Dog_9970.jpg,1
data/processed/dogs/Dog_9971.jpg,1
data/processed/dogs/Dog_9972.jpg,1
data/processed/dogs/Dog_9973.jpg,1
data/processed/dogs/Dog_9974.jpg,1
data/processed/dogs/Dog_9975.jpg,1
data/processed/dogs/Dog_9976.jpg,1
data/processed/dogs/Dog_9977.jpg,1
data/processed/dogs/Dog_9978.jpg,1
data/processed/dogs/Dog_9979.jpg,1
data/processed/dogs/Dog_9980.jpg,1
data/processed/dogs/Dog_9981.jpg,1
data/processed/dogs/Dog_9983.jpg,1
data/processed/dogs/Dog_9985.jpg,1
data/processed/dogs/Dog_9987.jpg,1
data/processed/dogs/Dog_9989.jpg,1
data/processed/dogs/Dog_999.jpg,1
data/processed/dogs/Dog_9990.jpg,1
data/processed/dogs/Dog_9992.jpg,1
data/processed/dogs/Dog_9993.jpg,1
data/processed/dogs/Dog_9994.jpg,1
data/processed/dogs/Dog_9995.jpg,1
data/processed/dogs/Dog_9996.jpg,1
data/processed/dogs/Dog_9997.jpg,1
data/processed/dogs/Dog_9998.jpg,1
data/processed/dogs/Dog_9999.jpg,1
